geo_level,region,year,population
NUTS 2024,Portugal,1982,9911771
NUTS 2024,Portugal,1983,9957865
NUTS 2024,Portugal,1984,9996232
NUTS 2024,Portugal,1985,10023613
NUTS 2024,Portugal,1986,10032734
NUTS 2024,Portugal,1987,10030031
NUTS 2024,Portugal,1988,10019610
NUTS 2024,Portugal,1989,10005000
NUTS 2024,Portugal,1990,9983218
NUTS 2024,Portugal,1991,9960235
NUTS 2024,Portugal,1992,9952494
NUTS 2024,Portugal,1993,9964675
NUTS 2024,Portugal,1994,9991525
NUTS 2024,Portugal,1995,10026176
NUTS 2024,Portugal,1996,10063945
NUTS 2024,Portugal,1997,10108977
NUTS 2024,Portugal,1998,10160196
NUTS 2024,Portugal,1999,10217828
NUTS 2024,Portugal,2000,10289898
NUTS 2024,Portugal,2001,10362722
NUTS 2024,Portugal,2002,10419631
NUTS 2024,Portugal,2003,10458821
NUTS 2024,Portugal,2004,10483861
NUTS 2024,Portugal,2005,10503330
NUTS 2024,Portugal,2006,10522288
NUTS 2024,Portugal,2007,10542964
NUTS 2024,Portugal,2008,10558177
NUTS 2024,Portugal,2009,10568247
NUTS 2024,Portugal,2010,10573100
NUTS 2024,Portugal,2011,10565836
NUTS 2024,Portugal,2012,10531420
NUTS 2024,Portugal,2013,10473991
NUTS 2024,Portugal,2014,10419607
NUTS 2024,Portugal,2015,10381838
NUTS 2024,Portugal,2016,10356516
NUTS 2024,Portugal,2017,10340124
NUTS 2024,Portugal,2018,10334633
NUTS 2024,Portugal,2019,10354446
NUTS 2024,Portugal,2020,10384846
NUTS 2024,Portugal,2022,10764411
NUTS 2024,Portugal,2023,11067026
NUTS 2024,Portugal,2024,11295785
NUTS 2024,Portugal,2025,11405627
NUTS I,Continente,1982,9410282
NUTS I,Continente,1983,9453685
NUTS I,Continente,1984,9489716
NUTS I,Continente,1985,9515429
NUTS I,Continente,1986,9524872
NUTS I,Continente,1987,9524155
NUTS I,Continente,1988,9516686
NUTS I,Continente,1989,9505538
NUTS I,Continente,1990,9487883
NUTS I,Continente,1991,9466850
NUTS I,Continente,1992,9459921
NUTS I,Continente,1993,9474762
NUTS I,Continente,1994,9504265
NUTS I,Continente,1995,9540823
NUTS I,Continente,1996,9580149
NUTS I,Continente,1997,9626140
NUTS I,Continente,1998,9677652
NUTS I,Continente,1999,9734757
NUTS I,Continente,2000,9805339
NUTS I,Continente,2001,9874675
NUTS I,Continente,2002,9927082
NUTS I,Continente,2003,9962630
NUTS I,Continente,2004,9984537
NUTS I,Continente,2005,10001054
NUTS I,Continente,2006,10017040
NUTS I,Continente,2007,10034679
NUTS I,Continente,2008,10047363
NUTS I,Continente,2009,10055535
NUTS I,Continente,2010,10058932
NUTS I,Continente,2011,10051230
NUTS I,Continente,2012,10018638
NUTS I,Continente,2013,9964912
NUTS I,Continente,2014,9915621
NUTS I,Continente,2015,9883307
NUTS I,Continente,2016,9862219
NUTS I,Continente,2017,9848893
NUTS I,Continente,2018,9845500
NUTS I,Continente,2019,9866420
NUTS I,Continente,2020,9896175
NUTS I,Continente,2022,10268102
NUTS I,Continente,2023,10565885
NUTS I,Continente,2024,10789350
NUTS I,Continente,2025,10895373
NUTS II,Norte,1982,3450553
NUTS II,Norte,1983,3475380
NUTS II,Norte,1984,3497128
NUTS II,Norte,1985,3514503
NUTS II,Norte,1986,3522873
NUTS II,Norte,1987,3525045
NUTS II,Norte,1988,3524033
NUTS II,Norte,1989,3520769
NUTS II,Norte,1990,3514049
NUTS II,Norte,1991,3510299
NUTS II,Norte,1992,3514766
NUTS II,Norte,1993,3526345
NUTS II,Norte,1994,3542567
NUTS II,Norte,1995,3560234
NUTS II,Norte,1996,3578429
NUTS II,Norte,1997,3598094
NUTS II,Norte,1998,3619049
NUTS II,Norte,1999,3640930
NUTS II,Norte,2000,3665926
NUTS II,Norte,2001,3688037
NUTS II,Norte,2002,3702314
NUTS II,Norte,2003,3711017
NUTS II,Norte,2004,3715305
NUTS II,Norte,2005,3717466
NUTS II,Norte,2006,3718980
NUTS II,Norte,2007,3719836
NUTS II,Norte,2008,3716164
NUTS II,Norte,2009,3709267
NUTS II,Norte,2010,3699783
NUTS II,Norte,2011,3688728
NUTS II,Norte,2012,3673378
NUTS II,Norte,2013,3651843
NUTS II,Norte,2014,3629804
NUTS II,Norte,2015,3612299
NUTS II,Norte,2016,3601191
NUTS II,Norte,2017,3594496
NUTS II,Norte,2018,3592016
NUTS II,Norte,2019,3595836
NUTS II,Norte,2020,3600738
NUTS II,Norte,2022,3640337
NUTS II,Norte,2023,3708349
NUTS II,Norte,2024,3758646
NUTS II,Norte,2025,3784230
NUTS III,Alto Minho,1982,258629
NUTS III,Alto Minho,1983,259459
NUTS III,Alto Minho,1984,259968
NUTS III,Alto Minho,1985,260194
NUTS III,Alto Minho,1986,259697
NUTS III,Alto Minho,1987,258720
NUTS III,Alto Minho,1988,257507
NUTS III,Alto Minho,1989,256008
NUTS III,Alto Minho,1990,254201
NUTS III,Alto Minho,1991,251928
NUTS III,Alto Minho,1992,249938
NUTS III,Alto Minho,1993,248758
NUTS III,Alto Minho,1994,247988
NUTS III,Alto Minho,1995,247537
NUTS III,Alto Minho,1996,247300
NUTS III,Alto Minho,1997,247289
NUTS III,Alto Minho,1998,247522
NUTS III,Alto Minho,1999,248062
NUTS III,Alto Minho,2000,249041
NUTS III,Alto Minho,2001,250079
NUTS III,Alto Minho,2002,250657
NUTS III,Alto Minho,2003,250650
NUTS III,Alto Minho,2004,250305
NUTS III,Alto Minho,2005,249875
NUTS III,Alto Minho,2006,249300
NUTS III,Alto Minho,2007,248749
NUTS III,Alto Minho,2008,248004
NUTS III,Alto Minho,2009,247091
NUTS III,Alto Minho,2010,245998
NUTS III,Alto Minho,2011,244343
NUTS III,Alto Minho,2012,242325
NUTS III,Alto Minho,2013,240193
NUTS III,Alto Minho,2014,238008
NUTS III,Alto Minho,2015,236159
NUTS III,Alto Minho,2016,234722
NUTS III,Alto Minho,2017,233422
NUTS III,Alto Minho,2018,232402
NUTS III,Alto Minho,2019,232005
NUTS III,Alto Minho,2020,232234
NUTS III,Alto Minho,2022,233800
NUTS III,Alto Minho,2023,239127
NUTS III,Alto Minho,2024,242638
NUTS III,Alto Minho,2025,244098
Município,Arcos de Valdevez,1982,31270
Município,Arcos de Valdevez,1983,31223
Município,Arcos de Valdevez,1984,31118
Município,Arcos de Valdevez,1985,30942
Município,Arcos de Valdevez,1986,30543
Município,Arcos de Valdevez,1987,29953
Município,Arcos de Valdevez,1988,29285
Município,Arcos de Valdevez,1989,28594
Município,Arcos de Valdevez,1990,27838
Município,Arcos de Valdevez,1991,27084
Município,Arcos de Valdevez,1992,26529
Município,Arcos de Valdevez,1993,26123
Município,Arcos de Valdevez,1994,25778
Município,Arcos de Valdevez,1995,25512
Município,Arcos de Valdevez,1996,25270
Município,Arcos de Valdevez,1997,25061
Município,Arcos de Valdevez,1998,24884
Município,Arcos de Valdevez,1999,24772
Município,Arcos de Valdevez,2000,24726
Município,Arcos de Valdevez,2001,24686
Município,Arcos de Valdevez,2002,24603
Município,Arcos de Valdevez,2003,24448
Município,Arcos de Valdevez,2004,24259
Município,Arcos de Valdevez,2005,24062
Município,Arcos de Valdevez,2006,23854
Município,Arcos de Valdevez,2007,23692
Município,Arcos de Valdevez,2008,23519
Município,Arcos de Valdevez,2009,23297
Município,Arcos de Valdevez,2010,23046
Município,Arcos de Valdevez,2011,22645
Município,Arcos de Valdevez,2012,22240
Município,Arcos de Valdevez,2013,21944
Município,Arcos de Valdevez,2014,21664
Município,Arcos de Valdevez,2015,21420
Município,Arcos de Valdevez,2016,21227
Município,Arcos de Valdevez,2017,21076
Município,Arcos de Valdevez,2018,20926
Município,Arcos de Valdevez,2019,20844
Município,Arcos de Valdevez,2020,20826
Município,Arcos de Valdevez,2022,20012
Município,Arcos de Valdevez,2023,20281
Município,Arcos de Valdevez,2024,20429
Município,Arcos de Valdevez,2025,20446
Município,Caminha,1982,15944
Município,Caminha,1983,15999
Município,Caminha,1984,16057
Município,Caminha,1985,16117
Município,Caminha,1986,16164
Município,Caminha,1987,16221
Município,Caminha,1988,16298
Município,Caminha,1989,16341
Município,Caminha,1990,16370
Município,Caminha,1991,16370
Município,Caminha,1992,16359
Município,Caminha,1993,16394
Município,Caminha,1994,16441
Município,Caminha,1995,16524
Município,Caminha,1996,16610
Município,Caminha,1997,16679
Município,Caminha,1998,16767
Município,Caminha,1999,16851
Município,Caminha,2000,16953
Município,Caminha,2001,17055
Município,Caminha,2002,17100
Município,Caminha,2003,17088
Município,Caminha,2004,17051
Município,Caminha,2005,17013
Município,Caminha,2006,16986
Município,Caminha,2007,16959
Município,Caminha,2008,16892
Município,Caminha,2009,16839
Município,Caminha,2010,16778
Município,Caminha,2011,16724
Município,Caminha,2012,16641
Município,Caminha,2013,16500
Município,Caminha,2014,16345
Município,Caminha,2015,16177
Município,Caminha,2016,16045
Município,Caminha,2017,15940
Município,Caminha,2018,15873
Município,Caminha,2019,15848
Município,Caminha,2020,15863
Município,Caminha,2022,16422
Município,Caminha,2023,16819
Município,Caminha,2024,17040
Município,Caminha,2025,17143
Município,Melgaço,1982,13247
Município,Melgaço,1983,13153
Município,Melgaço,1984,13058
Município,Melgaço,1985,12920
Município,Melgaço,1986,12677
Município,Melgaço,1987,12396
Município,Melgaço,1988,12088
Município,Melgaço,1989,11741
Município,Melgaço,1990,11373
Município,Melgaço,1991,11078
Município,Melgaço,1992,10880
Município,Melgaço,1993,10720
Município,Melgaço,1994,10581
Município,Melgaço,1995,10457
Município,Melgaço,1996,10338
Município,Melgaço,1997,10228
Município,Melgaço,1998,10115
Município,Melgaço,1999,10035
Município,Melgaço,2000,9993
Município,Melgaço,2001,9971
Município,Melgaço,2002,9949
Município,Melgaço,2003,9889
Município,Melgaço,2004,9796
Município,Melgaço,2005,9715
Município,Melgaço,2006,9630
Município,Melgaço,2007,9538
Município,Melgaço,2008,9465
Município,Melgaço,2009,9393
Município,Melgaço,2010,9301
Município,Melgaço,2011,9134
Município,Melgaço,2012,8937
Município,Melgaço,2013,8785
Município,Melgaço,2014,8652
Município,Melgaço,2015,8531
Município,Melgaço,2016,8418
Município,Melgaço,2017,8279
Município,Melgaço,2018,8136
Município,Melgaço,2019,8029
Município,Melgaço,2020,7901
Município,Melgaço,2022,7237
Município,Melgaço,2023,7192
Município,Melgaço,2024,7182
Município,Melgaço,2025,7139
Município,Monção,1982,23882
Município,Monção,1983,23871
Município,Monção,1984,23825
Município,Monção,1985,23735
Município,Monção,1986,23558
Município,Monção,1987,23318
Município,Monção,1988,23033
Município,Monção,1989,22695
Município,Monção,1990,22334
Município,Monção,1991,21889
Município,Monção,1992,21469
Município,Monção,1993,21140
Município,Monção,1994,20840
Município,Monção,1995,20592
Município,Monção,1996,20362
Município,Monção,1997,20201
Município,Monção,1998,20069
Município,Monção,1999,19957
Município,Monção,2000,19913
Município,Monção,2001,19925
Município,Monção,2002,19950
Município,Monção,2003,19919
Município,Monção,2004,19843
Município,Monção,2005,19773
Município,Monção,2006,19698
Município,Monção,2007,19615
Município,Monção,2008,19536
Município,Monção,2009,19448
Município,Monção,2010,19343
Município,Monção,2011,19187
Município,Monção,2012,18994
Município,Monção,2013,18782
Município,Monção,2014,18556
Município,Monção,2015,18361
Município,Monção,2016,18199
Município,Monção,2017,18063
Município,Monção,2018,17953
Município,Monção,2019,17890
Município,Monção,2020,17909
Município,Monção,2022,17581
Município,Monção,2023,18053
Município,Monção,2024,18295
Município,Monção,2025,18276
Município,Paredes de Coura,1982,11320
Município,Paredes de Coura,1983,11333
Município,Paredes de Coura,1984,11325
Município,Paredes de Coura,1985,11286
Município,Paredes de Coura,1986,11206
Município,Paredes de Coura,1987,11094
Município,Paredes de Coura,1988,10971
Município,Paredes de Coura,1989,10837
Município,Paredes de Coura,1990,10679
Município,Paredes de Coura,1991,10497
Município,Paredes de Coura,1992,10338
Município,Paredes de Coura,1993,10217
Município,Paredes de Coura,1994,10098
Município,Paredes de Coura,1995,9986
Município,Paredes de Coura,1996,9880
Município,Paredes de Coura,1997,9779
Município,Paredes de Coura,1998,9703
Município,Paredes de Coura,1999,9637
Município,Paredes de Coura,2000,9579
Município,Paredes de Coura,2001,9565
Município,Paredes de Coura,2002,9556
Município,Paredes de Coura,2003,9509
Município,Paredes de Coura,2004,9459
Município,Paredes de Coura,2005,9429
Município,Paredes de Coura,2006,9404
Município,Paredes de Coura,2007,9368
Município,Paredes de Coura,2008,9321
Município,Paredes de Coura,2009,9280
Município,Paredes de Coura,2010,9240
Município,Paredes de Coura,2011,9138
Município,Paredes de Coura,2012,9029
Município,Paredes de Coura,2013,8952
Município,Paredes de Coura,2014,8869
Município,Paredes de Coura,2015,8811
Município,Paredes de Coura,2016,8761
Município,Paredes de Coura,2017,8706
Município,Paredes de Coura,2018,8677
Município,Paredes de Coura,2019,8685
Município,Paredes de Coura,2020,8711
Município,Paredes de Coura,2022,8570
Município,Paredes de Coura,2023,8667
Município,Paredes de Coura,2024,8725
Município,Paredes de Coura,2025,8723
Município,Ponte da Barca,1982,14111
Município,Ponte da Barca,1983,14139
Município,Ponte da Barca,1984,14169
Município,Ponte da Barca,1985,14182
Município,Ponte da Barca,1986,14093
Município,Ponte da Barca,1987,13953
Município,Ponte da Barca,1988,13808
Município,Ponte da Barca,1989,13642
Município,Ponte da Barca,1990,13431
Município,Ponte da Barca,1991,13229
Município,Ponte da Barca,1992,13082
Município,Ponte da Barca,1993,12986
Município,Ponte da Barca,1994,12944
Município,Ponte da Barca,1995,12918
Município,Ponte da Barca,1996,12872
Município,Ponte da Barca,1997,12817
Município,Ponte da Barca,1998,12796
Município,Ponte da Barca,1999,12809
Município,Ponte da Barca,2000,12836
Município,Ponte da Barca,2001,12866
Município,Ponte da Barca,2002,12861
Município,Ponte da Barca,2003,12798
Município,Ponte da Barca,2004,12711
Município,Ponte da Barca,2005,12630
Município,Ponte da Barca,2006,12541
Município,Ponte da Barca,2007,12458
Município,Ponte da Barca,2008,12368
Município,Ponte da Barca,2009,12264
Município,Ponte da Barca,2010,12149
Município,Ponte da Barca,2011,12037
Município,Ponte da Barca,2012,11924
Município,Ponte da Barca,2013,11799
Município,Ponte da Barca,2014,11669
Município,Ponte da Barca,2015,11532
Município,Ponte da Barca,2016,11426
Município,Ponte da Barca,2017,11335
Município,Ponte da Barca,2018,11250
Município,Ponte da Barca,2019,11194
Município,Ponte da Barca,2020,11150
Município,Ponte da Barca,2022,10958
Município,Ponte da Barca,2023,11073
Município,Ponte da Barca,2024,11122
Município,Ponte da Barca,2025,11119
Município,Ponte de Lima,1982,44351
Município,Ponte de Lima,1983,44630
Município,Ponte de Lima,1984,44843
Município,Ponte de Lima,1985,45020
Município,Ponte de Lima,1986,45002
Município,Ponte de Lima,1987,44828
Município,Ponte de Lima,1988,44624
Município,Ponte de Lima,1989,44414
Município,Ponte de Lima,1990,44116
Município,Ponte de Lima,1991,43825
Município,Ponte de Lima,1992,43633
Município,Ponte de Lima,1993,43549
Município,Ponte de Lima,1994,43552
Município,Ponte de Lima,1995,43592
Município,Ponte de Lima,1996,43650
Município,Ponte de Lima,1997,43705
Município,Ponte de Lima,1998,43796
Município,Ponte de Lima,1999,43937
Município,Ponte de Lima,2000,44130
Município,Ponte de Lima,2001,44297
Município,Ponte de Lima,2002,44377
Município,Ponte de Lima,2003,44404
Município,Ponte de Lima,2004,44380
Município,Ponte de Lima,2005,44332
Município,Ponte de Lima,2006,44261
Município,Ponte de Lima,2007,44186
Município,Ponte de Lima,2008,44064
Município,Ponte de Lima,2009,43888
Município,Ponte de Lima,2010,43677
Município,Ponte de Lima,2011,43493
Município,Ponte de Lima,2012,43264
Município,Ponte de Lima,2013,42898
Município,Ponte de Lima,2014,42501
Município,Ponte de Lima,2015,42181
Município,Ponte de Lima,2016,41922
Município,Ponte de Lima,2017,41657
Município,Ponte de Lima,2018,41463
Município,Ponte de Lima,2019,41345
Município,Ponte de Lima,2020,41318
Município,Ponte de Lima,2022,41221
Município,Ponte de Lima,2023,41810
Município,Ponte de Lima,2024,42336
Município,Ponte de Lima,2025,42761
Município,Valença,1982,13936
Município,Valença,1983,13965
Município,Valença,1984,13989
Município,Valença,1985,14042
Município,Valença,1986,14165
Município,Valença,1987,14329
Município,Valença,1988,14510
Município,Valença,1989,14696
Município,Valença,1990,14889
Município,Valença,1991,14861
Município,Valença,1992,14664
Município,Valença,1993,14521
Município,Valença,1994,14396
Município,Valença,1995,14275
Município,Valença,1996,14185
Município,Valença,1997,14122
Município,Valença,1998,14093
Município,Valença,1999,14097
Município,Valença,2000,14122
Município,Valença,2001,14187
Município,Valença,2002,14235
Município,Valença,2003,14237
Município,Valença,2004,14237
Município,Valença,2005,14234
Município,Valença,2006,14221
Município,Valença,2007,14203
Município,Valença,2008,14189
Município,Valença,2009,14176
Município,Valença,2010,14161
Município,Valença,2011,14091
Município,Valença,2012,13985
Município,Valença,2013,13886
Município,Valença,2014,13768
Município,Valença,2015,13678
Município,Valença,2016,13624
Município,Valença,2017,13573
Município,Valença,2018,13530
Município,Valença,2019,13554
Município,Valença,2020,13644
Município,Valença,2022,14250
Município,Valença,2023,15031
Município,Valença,2024,15531
Município,Valença,2025,15705
Município,Viana do Castelo,1982,81883
Município,Viana do Castelo,1983,82433
Município,Viana do Castelo,1984,82868
Município,Viana do Castelo,1985,83213
Município,Viana do Castelo,1986,83493
Município,Viana do Castelo,1987,83756
Município,Viana do Castelo,1988,83919
Município,Viana do Castelo,1989,83977
Município,Viana do Castelo,1990,83999
Município,Viana do Castelo,1991,83909
Município,Viana do Castelo,1992,83872
Município,Viana do Castelo,1993,84073
Município,Viana do Castelo,1994,84411
Município,Viana do Castelo,1995,84801
Município,Viana do Castelo,1996,85287
Município,Viana do Castelo,1997,85886
Município,Viana do Castelo,1998,86514
Município,Viana do Castelo,1999,87181
Município,Viana do Castelo,2000,87973
Município,Viana do Castelo,2001,88645
Município,Viana do Castelo,2002,89065
Município,Viana do Castelo,2003,89332
Município,Viana do Castelo,2004,89496
Município,Viana do Castelo,2005,89586
Município,Viana do Castelo,2006,89573
Município,Viana do Castelo,2007,89558
Município,Viana do Castelo,2008,89438
Município,Viana do Castelo,2009,89263
Município,Viana do Castelo,2010,89031
Município,Viana do Castelo,2011,88635
Município,Viana do Castelo,2012,88131
Município,Viana do Castelo,2013,87551
Município,Viana do Castelo,2014,86964
Município,Viana do Castelo,2015,86516
Município,Viana do Castelo,2016,86213
Município,Viana do Castelo,2017,85962
Município,Viana do Castelo,2018,85777
Município,Viana do Castelo,2019,85753
Município,Viana do Castelo,2020,85995
Município,Viana do Castelo,2022,88144
Município,Viana do Castelo,2023,90378
Município,Viana do Castelo,2024,91950
Município,Viana do Castelo,2025,92712
Município,Vila Nova de Cerveira,1982,8685
Município,Vila Nova de Cerveira,1983,8716
Município,Vila Nova de Cerveira,1984,8718
Município,Vila Nova de Cerveira,1985,8739
Município,Vila Nova de Cerveira,1986,8800
Município,Vila Nova de Cerveira,1987,8873
Município,Vila Nova de Cerveira,1988,8973
Município,Vila Nova de Cerveira,1989,9073
Município,Vila Nova de Cerveira,1990,9174
Município,Vila Nova de Cerveira,1991,9189
Município,Vila Nova de Cerveira,1992,9114
Município,Vila Nova de Cerveira,1993,9038
Município,Vila Nova de Cerveira,1994,8949
Município,Vila Nova de Cerveira,1995,8882
Município,Vila Nova de Cerveira,1996,8849
Município,Vila Nova de Cerveira,1997,8814
Município,Vila Nova de Cerveira,1998,8787
Município,Vila Nova de Cerveira,1999,8788
Município,Vila Nova de Cerveira,2000,8817
Município,Vila Nova de Cerveira,2001,8886
Município,Vila Nova de Cerveira,2002,8963
Município,Vila Nova de Cerveira,2003,9027
Município,Vila Nova de Cerveira,2004,9076
Município,Vila Nova de Cerveira,2005,9104
Município,Vila Nova de Cerveira,2006,9133
Município,Vila Nova de Cerveira,2007,9174
Município,Vila Nova de Cerveira,2008,9214
Município,Vila Nova de Cerveira,2009,9244
Município,Vila Nova de Cerveira,2010,9275
Município,Vila Nova de Cerveira,2011,9260
Município,Vila Nova de Cerveira,2012,9183
Município,Vila Nova de Cerveira,2013,9100
Município,Vila Nova de Cerveira,2014,9023
Município,Vila Nova de Cerveira,2015,8954
Município,Vila Nova de Cerveira,2016,8889
Município,Vila Nova de Cerveira,2017,8833
Município,Vila Nova de Cerveira,2018,8818
Município,Vila Nova de Cerveira,2019,8866
Município,Vila Nova de Cerveira,2020,8920
Município,Vila Nova de Cerveira,2022,9407
Município,Vila Nova de Cerveira,2023,9826
Município,Vila Nova de Cerveira,2024,10031
Município,Vila Nova de Cerveira,2025,10077
NUTS III,Cávado,1982,334207
NUTS III,Cávado,1983,337955
NUTS III,Cávado,1984,341523
NUTS III,Cávado,1985,344742
NUTS III,Cávado,1986,347431
NUTS III,Cávado,1987,349817
NUTS III,Cávado,1988,351977
NUTS III,Cávado,1989,354004
NUTS III,Cávado,1990,355790
NUTS III,Cávado,1991,357463
NUTS III,Cávado,1992,359499
NUTS III,Cávado,1993,362240
NUTS III,Cávado,1994,365589
NUTS III,Cávado,1995,368994
NUTS III,Cávado,1996,372530
NUTS III,Cávado,1997,376414
NUTS III,Cávado,1998,380426
NUTS III,Cávado,1999,384662
NUTS III,Cávado,2000,389402
NUTS III,Cávado,2001,393804
NUTS III,Cávado,2002,397258
NUTS III,Cávado,2003,399942
NUTS III,Cávado,2004,402053
NUTS III,Cávado,2005,404022
NUTS III,Cávado,2006,405905
NUTS III,Cávado,2007,407624
NUTS III,Cávado,2008,408882
NUTS III,Cávado,2009,409822
NUTS III,Cávado,2010,410340
NUTS III,Cávado,2011,410759
NUTS III,Cávado,2012,410611
NUTS III,Cávado,2013,409426
NUTS III,Cávado,2014,408175
NUTS III,Cávado,2015,407550
NUTS III,Cávado,2016,407764
NUTS III,Cávado,2017,408651
NUTS III,Cávado,2018,410366
NUTS III,Cávado,2019,413402
NUTS III,Cávado,2020,416752
NUTS III,Cávado,2022,424107
NUTS III,Cávado,2023,435840
NUTS III,Cávado,2024,444287
NUTS III,Cávado,2025,448821
Município,Amares,1982,16715
Município,Amares,1983,16880
Município,Amares,1984,17019
Município,Amares,1985,17123
Município,Amares,1986,17169
Município,Amares,1987,17159
Município,Amares,1988,17114
Município,Amares,1989,17057
Município,Amares,1990,16971
Município,Amares,1991,16901
Município,Amares,1992,16906
Município,Amares,1993,16996
Município,Amares,1994,17134
Município,Amares,1995,17278
Município,Amares,1996,17449
Município,Amares,1997,17662
Município,Amares,1998,17868
Município,Amares,1999,18075
Município,Amares,2000,18326
Município,Amares,2001,18528
Município,Amares,2002,18654
Município,Amares,2003,18731
Município,Amares,2004,18781
Município,Amares,2005,18836
Município,Amares,2006,18883
Município,Amares,2007,18926
Município,Amares,2008,18940
Município,Amares,2009,18942
Município,Amares,2010,18924
Município,Amares,2011,18893
Município,Amares,2012,18832
Município,Amares,2013,18709
Município,Amares,2014,18569
Município,Amares,2015,18454
Município,Amares,2016,18384
Município,Amares,2017,18369
Município,Amares,2018,18385
Município,Amares,2019,18433
Município,Amares,2020,18568
Município,Amares,2022,18643
Município,Amares,2023,19135
Município,Amares,2024,19475
Município,Amares,2025,19661
Município,Barcelos,1982,105490
Município,Barcelos,1983,106716
Município,Barcelos,1984,107926
Município,Barcelos,1985,108983
Município,Barcelos,1986,109831
Município,Barcelos,1987,110606
Município,Barcelos,1988,111313
Município,Barcelos,1989,111961
Município,Barcelos,1990,112515
Município,Barcelos,1991,113016
Município,Barcelos,1992,113560
Município,Barcelos,1993,114304
Município,Barcelos,1994,115249
Município,Barcelos,1995,116193
Município,Barcelos,1996,117163
Município,Barcelos,1997,118223
Município,Barcelos,1998,119219
Município,Barcelos,1999,120171
Município,Barcelos,2000,121232
Município,Barcelos,2001,122041
Município,Barcelos,2002,122368
Município,Barcelos,2003,122454
Município,Barcelos,2004,122428
Município,Barcelos,2005,122348
Município,Barcelos,2006,122222
Município,Barcelos,2007,122050
Município,Barcelos,2008,121739
Município,Barcelos,2009,121325
Município,Barcelos,2010,120787
Município,Barcelos,2011,120277
Município,Barcelos,2012,119731
Município,Barcelos,2013,118977
Município,Barcelos,2014,118209
Município,Barcelos,2015,117588
Município,Barcelos,2016,117152
Município,Barcelos,2017,116817
Município,Barcelos,2018,116655
Município,Barcelos,2019,116784
Município,Barcelos,2020,117091
Município,Barcelos,2022,116915
Município,Barcelos,2023,119075
Município,Barcelos,2024,120866
Município,Barcelos,2025,122067
Município,Braga,1982,127651
Município,Braga,1983,129287
Município,Braga,1984,130881
Município,Braga,1985,132470
Município,Braga,1986,134141
Município,Braga,1987,135984
Município,Braga,1988,137851
Município,Braga,1989,139657
Município,Braga,1990,141476
Município,Braga,1991,143185
Município,Braga,1992,144850
Município,Braga,1993,146625
Município,Braga,1994,148603
Município,Braga,1995,150614
Município,Braga,1996,152631
Município,Braga,1997,154808
Município,Braga,1998,157125
Município,Braga,1999,159590
Município,Braga,2000,162250
Município,Braga,2001,164886
Município,Braga,2002,167325
Município,Braga,2003,169499
Município,Braga,2004,171404
Município,Braga,2005,173254
Município,Braga,2006,175051
Município,Braga,2007,176769
Município,Braga,2008,178315
Município,Braga,2009,179717
Município,Braga,2010,180948
Município,Braga,2011,182122
Município,Braga,2012,182929
Município,Braga,2013,183177
Município,Braga,2014,183421
Município,Braga,2015,184022
Município,Braga,2016,185038
Município,Braga,2017,186432
Município,Braga,2018,188349
Município,Braga,2019,191066
Município,Braga,2020,193292
Município,Braga,2022,199662
Município,Braga,2023,206443
Município,Braga,2024,210734
Município,Braga,2025,212508
Município,Esposende,1982,29113
Município,Esposende,1983,29412
Município,Esposende,1984,29681
Município,Esposende,1985,29916
Município,Esposende,1986,30078
Município,Esposende,1987,30161
Município,Esposende,1988,30220
Município,Esposende,1989,30316
Município,Esposende,1990,30388
Município,Esposende,1991,30430
Município,Esposende,1992,30523
Município,Esposende,1993,30724
Município,Esposende,1994,30987
Município,Esposende,1995,31253
Município,Esposende,1996,31563
Município,Esposende,1997,31893
Município,Esposende,1998,32209
Município,Esposende,1999,32558
Município,Esposende,2000,32988
Município,Esposende,2001,33380
Município,Esposende,2002,33657
Município,Esposende,2003,33838
Município,Esposende,2004,33944
Município,Esposende,2005,34038
Município,Esposende,2006,34126
Município,Esposende,2007,34216
Município,Esposende,2008,34289
Município,Esposende,2009,34327
Município,Esposende,2010,34315
Município,Esposende,2011,34384
Município,Esposende,2012,34435
Município,Esposende,2013,34372
Município,Esposende,2014,34303
Município,Esposende,2015,34245
Município,Esposende,2016,34268
Município,Esposende,2017,34365
Município,Esposende,2018,34501
Município,Esposende,2019,34714
Município,Esposende,2020,35076
Município,Esposende,2022,36212
Município,Esposende,2023,37333
Município,Esposende,2024,38237
Município,Esposende,2025,38838
Município,Terras de Bouro,1982,10227
Município,Terras de Bouro,1983,10261
Município,Terras de Bouro,1984,10273
Município,Terras de Bouro,1985,10255
Município,Terras de Bouro,1986,10183
Município,Terras de Bouro,1987,10059
Município,Terras de Bouro,1988,9926
Município,Terras de Bouro,1989,9793
Município,Terras de Bouro,1990,9630
Município,Terras de Bouro,1991,9433
Município,Terras de Bouro,1992,9250
Município,Terras de Bouro,1993,9121
Município,Terras de Bouro,1994,9008
Município,Terras de Bouro,1995,8905
Município,Terras de Bouro,1996,8788
Município,Terras de Bouro,1997,8672
Município,Terras de Bouro,1998,8563
Município,Terras de Bouro,1999,8457
Município,Terras de Bouro,2000,8370
Município,Terras de Bouro,2001,8306
Município,Terras de Bouro,2002,8231
Município,Terras de Bouro,2003,8133
Município,Terras de Bouro,2004,8032
Município,Terras de Bouro,2005,7929
Município,Terras de Bouro,2006,7838
Município,Terras de Bouro,2007,7740
Município,Terras de Bouro,2008,7622
Município,Terras de Bouro,2009,7494
Município,Terras de Bouro,2010,7353
Município,Terras de Bouro,2011,7193
Município,Terras de Bouro,2012,7053
Município,Terras de Bouro,2013,6945
Município,Terras de Bouro,2014,6847
Município,Terras de Bouro,2015,6758
Município,Terras de Bouro,2016,6674
Município,Terras de Bouro,2017,6597
Município,Terras de Bouro,2018,6517
Município,Terras de Bouro,2019,6445
Município,Terras de Bouro,2020,6410
Município,Terras de Bouro,2022,6355
Município,Terras de Bouro,2023,6358
Município,Terras de Bouro,2024,6354
Município,Terras de Bouro,2025,6358
Município,Vila Verde,1982,45013
Município,Vila Verde,1983,45401
Município,Vila Verde,1984,45743
Município,Vila Verde,1985,45997
Município,Vila Verde,1986,46030
Município,Vila Verde,1987,45849
Município,Vila Verde,1988,45554
Município,Vila Verde,1989,45222
Município,Vila Verde,1990,44811
Município,Vila Verde,1991,44500
Município,Vila Verde,1992,44411
Município,Vila Verde,1993,44472
Município,Vila Verde,1994,44609
Município,Vila Verde,1995,44752
Município,Vila Verde,1996,44937
Município,Vila Verde,1997,45159
Município,Vila Verde,1998,45445
Município,Vila Verde,1999,45813
Município,Vila Verde,2000,46237
Município,Vila Verde,2001,46665
Município,Vila Verde,2002,47023
Município,Vila Verde,2003,47288
Município,Vila Verde,2004,47465
Município,Vila Verde,2005,47619
Município,Vila Verde,2006,47786
Município,Vila Verde,2007,47924
Município,Vila Verde,2008,47978
Município,Vila Verde,2009,48017
Município,Vila Verde,2010,48014
Município,Vila Verde,2011,47892
Município,Vila Verde,2012,47632
Município,Vila Verde,2013,47248
Município,Vila Verde,2014,46828
Município,Vila Verde,2015,46484
Município,Vila Verde,2016,46249
Município,Vila Verde,2017,46072
Município,Vila Verde,2018,45960
Município,Vila Verde,2019,45962
Município,Vila Verde,2020,46316
Município,Vila Verde,2022,46321
Município,Vila Verde,2023,47497
Município,Vila Verde,2024,48622
Município,Vila Verde,2025,49390
NUTS III,Ave,1982,373205
NUTS III,Ave,1983,376960
NUTS III,Ave,1984,380467
NUTS III,Ave,1985,383441
NUTS III,Ave,1986,385160
NUTS III,Ave,1987,386108
NUTS III,Ave,1988,386776
NUTS III,Ave,1989,387137
NUTS III,Ave,1990,386965
NUTS III,Ave,1991,0
NUTS III,Ave,1992,0
NUTS III,Ave,1993,0
NUTS III,Ave,1994,0
NUTS III,Ave,1995,0
NUTS III,Ave,1996,0
NUTS III,Ave,1997,0
NUTS III,Ave,1998,0
NUTS III,Ave,1999,419759
NUTS III,Ave,2000,423473
NUTS III,Ave,2001,426495
NUTS III,Ave,2002,428177
NUTS III,Ave,2003,429088
NUTS III,Ave,2004,429594
NUTS III,Ave,2005,429828
NUTS III,Ave,2006,429904
NUTS III,Ave,2007,429864
NUTS III,Ave,2008,429178
NUTS III,Ave,2009,428032
NUTS III,Ave,2010,426598
NUTS III,Ave,2011,425498
NUTS III,Ave,2012,424205
NUTS III,Ave,2013,422029
NUTS III,Ave,2014,419801
NUTS III,Ave,2015,418128
NUTS III,Ave,2016,417290
NUTS III,Ave,2017,416896
NUTS III,Ave,2018,416901
NUTS III,Ave,2019,417603
NUTS III,Ave,2020,419152
NUTS III,Ave,2022,423311
NUTS III,Ave,2023,430979
NUTS III,Ave,2024,436525
NUTS III,Ave,2025,439969
Município,Cabeceiras de Basto,1982,19262
Município,Cabeceiras de Basto,1983,19310
Município,Cabeceiras de Basto,1984,19308
Município,Cabeceiras de Basto,1985,19245
Município,Cabeceiras de Basto,1986,19000
Município,Cabeceiras de Basto,1987,18585
Município,Cabeceiras de Basto,1988,18084
Município,Cabeceiras de Basto,1989,17535
Município,Cabeceiras de Basto,1990,16939
Município,Cabeceiras de Basto,1991,16616
Município,Cabeceiras de Basto,1992,16648
Município,Cabeceiras de Basto,1993,16788
Município,Cabeceiras de Basto,1994,16944
Município,Cabeceiras de Basto,1995,17110
Município,Cabeceiras de Basto,1996,17281
Município,Cabeceiras de Basto,1997,17425
Município,Cabeceiras de Basto,1998,17542
Município,Cabeceiras de Basto,1999,17654
Município,Cabeceiras de Basto,2000,17767
Município,Cabeceiras de Basto,2001,17800
Município,Cabeceiras de Basto,2002,17746
Município,Cabeceiras de Basto,2003,17665
Município,Cabeceiras de Basto,2004,17556
Município,Cabeceiras de Basto,2005,17452
Município,Cabeceiras de Basto,2006,17362
Município,Cabeceiras de Basto,2007,17272
Município,Cabeceiras de Basto,2008,17162
Município,Cabeceiras de Basto,2009,17006
Município,Cabeceiras de Basto,2010,16828
Município,Cabeceiras de Basto,2011,16661
Município,Cabeceiras de Basto,2012,16503
Município,Cabeceiras de Basto,2013,16325
Município,Cabeceiras de Basto,2014,16147
Município,Cabeceiras de Basto,2015,16028
Município,Cabeceiras de Basto,2016,15916
Município,Cabeceiras de Basto,2017,15785
Município,Cabeceiras de Basto,2018,15683
Município,Cabeceiras de Basto,2019,15627
Município,Cabeceiras de Basto,2020,15627
Município,Cabeceiras de Basto,2022,15245
Município,Cabeceiras de Basto,2023,15340
Município,Cabeceiras de Basto,2024,15424
Município,Cabeceiras de Basto,2025,15478
Município,Fafe,1982,46378
Município,Fafe,1983,46772
Município,Fafe,1984,47182
Município,Fafe,1985,47514
Município,Fafe,1986,47738
Município,Fafe,1987,47919
Município,Fafe,1988,48112
Município,Fafe,1989,48270
Município,Fafe,1990,48330
Município,Fafe,1991,48468
Município,Fafe,1992,48770
Município,Fafe,1993,49164
Município,Fafe,1994,49628
Município,Fafe,1995,50106
Município,Fafe,1996,50578
Município,Fafe,1997,51069
Município,Fafe,1998,51554
Município,Fafe,1999,51997
Município,Fafe,2000,52420
Município,Fafe,2001,52688
Município,Fafe,2002,52729
Município,Fafe,2003,52645
Município,Fafe,2004,52500
Município,Fafe,2005,52344
Município,Fafe,2006,52164
Município,Fafe,2007,51920
Município,Fafe,2008,51574
Município,Fafe,2009,51236
Município,Fafe,2010,50890
Município,Fafe,2011,50605
Município,Fafe,2012,50336
Município,Fafe,2013,49955
Município,Fafe,2014,49551
Município,Fafe,2015,49219
Município,Fafe,2016,49015
Município,Fafe,2017,48850
Município,Fafe,2018,48677
Município,Fafe,2019,48582
Município,Fafe,2020,48626
Município,Fafe,2022,48520
Município,Fafe,2023,49243
Município,Fafe,2024,49802
Município,Fafe,2025,50199
Município,Guimarães,1982,149674
Município,Guimarães,1983,151496
Município,Guimarães,1984,153195
Município,Guimarães,1985,154692
Município,Guimarães,1986,155821
Município,Guimarães,1987,156714
Município,Guimarães,1988,157484
Município,Guimarães,1989,158164
Município,Guimarães,1990,158731
Município,Guimarães,1991,158679
Município,Guimarães,1992,158990
Município,Guimarães,1993,160165
Município,Guimarães,1994,161170
Município,Guimarães,1995,162090
Município,Guimarães,1996,163040
Município,Guimarães,1997,164020
Município,Guimarães,1998,160447
Município,Guimarães,1999,157059
Município,Guimarães,2000,158478
Município,Guimarães,2001,159568
Município,Guimarães,2002,160061
Município,Guimarães,2003,160276
Município,Guimarães,2004,160372
Município,Guimarães,2005,160299
Município,Guimarães,2006,160182
Município,Guimarães,2007,160089
Município,Guimarães,2008,159766
Município,Guimarães,2009,159266
Município,Guimarães,2010,158611
Município,Guimarães,2011,158212
Município,Guimarães,2012,157913
Município,Guimarães,2013,157300
Município,Guimarães,2014,156671
Município,Guimarães,2015,156222
Município,Guimarães,2016,156126
Município,Guimarães,2017,156245
Município,Guimarães,2018,156462
Município,Guimarães,2019,156825
Município,Guimarães,2020,157190
Município,Guimarães,2022,159619
Município,Guimarães,2023,162533
Município,Guimarães,2024,164365
Município,Guimarães,2025,165235
Município,Mondim de Basto,1982,10121
Município,Mondim de Basto,1983,10208
Município,Mondim de Basto,1984,10272
Município,Mondim de Basto,1985,10313
Município,Mondim de Basto,1986,10273
Município,Mondim de Basto,1987,10166
Município,Mondim de Basto,1988,10048
Município,Mondim de Basto,1989,9921
Município,Mondim de Basto,1990,9750
Município,Mondim de Basto,1991,9568
Município,Mondim de Basto,1992,9415
Município,Mondim de Basto,1993,9280
Município,Mondim de Basto,1994,9155
Município,Mondim de Basto,1995,9057
Município,Mondim de Basto,1996,8972
Município,Mondim de Basto,1997,8880
Município,Mondim de Basto,1998,8782
Município,Mondim de Basto,1999,8695
Município,Mondim de Basto,2000,8610
Município,Mondim de Basto,2001,8541
Município,Mondim de Basto,2002,8486
Município,Mondim de Basto,2003,8402
Município,Mondim de Basto,2004,8303
Município,Mondim de Basto,2005,8203
Município,Mondim de Basto,2006,8099
Município,Mondim de Basto,2007,7988
Município,Mondim de Basto,2008,7849
Município,Mondim de Basto,2009,7712
Município,Mondim de Basto,2010,7587
Município,Mondim de Basto,2011,7464
Município,Mondim de Basto,2012,7344
Município,Mondim de Basto,2013,7204
Município,Mondim de Basto,2014,7056
Município,Mondim de Basto,2015,6926
Município,Mondim de Basto,2016,6810
Município,Mondim de Basto,2017,6700
Município,Mondim de Basto,2018,6609
Município,Mondim de Basto,2019,6530
Município,Mondim de Basto,2020,6475
Município,Mondim de Basto,2022,6216
Município,Mondim de Basto,2023,6219
Município,Mondim de Basto,2024,6224
Município,Mondim de Basto,2025,6243
Município,Póvoa de Lanhoso,1982,21412
Município,Póvoa de Lanhoso,1983,21619
Município,Póvoa de Lanhoso,1984,21825
Município,Póvoa de Lanhoso,1985,22005
Município,Póvoa de Lanhoso,1986,22076
Município,Póvoa de Lanhoso,1987,22048
Município,Póvoa de Lanhoso,1988,21992
Município,Póvoa de Lanhoso,1989,21930
Município,Póvoa de Lanhoso,1990,21817
Município,Póvoa de Lanhoso,1991,21690
Município,Póvoa de Lanhoso,1992,21632
Município,Póvoa de Lanhoso,1993,21665
Município,Póvoa de Lanhoso,1994,21741
Município,Póvoa de Lanhoso,1995,21840
Município,Póvoa de Lanhoso,1996,21969
Município,Póvoa de Lanhoso,1997,22113
Município,Póvoa de Lanhoso,1998,22256
Município,Póvoa de Lanhoso,1999,22413
Município,Póvoa de Lanhoso,2000,22587
Município,Póvoa de Lanhoso,2001,22709
Município,Póvoa de Lanhoso,2002,22748
Município,Póvoa de Lanhoso,2003,22752
Município,Póvoa de Lanhoso,2004,22689
Município,Póvoa de Lanhoso,2005,22604
Município,Póvoa de Lanhoso,2006,22517
Município,Póvoa de Lanhoso,2007,22419
Município,Póvoa de Lanhoso,2008,22285
Município,Póvoa de Lanhoso,2009,22117
Município,Póvoa de Lanhoso,2010,21969
Município,Póvoa de Lanhoso,2011,21917
Município,Póvoa de Lanhoso,2012,21866
Município,Póvoa de Lanhoso,2013,21725
Município,Póvoa de Lanhoso,2014,21587
Município,Póvoa de Lanhoso,2015,21479
Município,Póvoa de Lanhoso,2016,21398
Município,Póvoa de Lanhoso,2017,21346
Município,Póvoa de Lanhoso,2018,21347
Município,Póvoa de Lanhoso,2019,21417
Município,Póvoa de Lanhoso,2020,21686
Município,Póvoa de Lanhoso,2022,21188
Município,Póvoa de Lanhoso,2023,21676
Município,Póvoa de Lanhoso,2024,22150
Município,Póvoa de Lanhoso,2025,22575
Município,Vieira do Minho,1982,18122
Município,Vieira do Minho,1983,18155
Município,Vieira do Minho,1984,18162
Município,Vieira do Minho,1985,18100
Município,Vieira do Minho,1986,17879
Município,Vieira do Minho,1987,17544
Município,Vieira do Minho,1988,17147
Município,Vieira do Minho,1989,16736
Município,Vieira do Minho,1990,16279
Município,Vieira do Minho,1991,15888
Município,Vieira do Minho,1992,15651
Município,Vieira do Minho,1993,15502
Município,Vieira do Minho,1994,15381
Município,Vieira do Minho,1995,15264
Município,Vieira do Minho,1996,15134
Município,Vieira do Minho,1997,15007
Município,Vieira do Minho,1998,14896
Município,Vieira do Minho,1999,14796
Município,Vieira do Minho,2000,14727
Município,Vieira do Minho,2001,14657
Município,Vieira do Minho,2002,14541
Município,Vieira do Minho,2003,14393
Município,Vieira do Minho,2004,14242
Município,Vieira do Minho,2005,14075
Município,Vieira do Minho,2006,13891
Município,Vieira do Minho,2007,13720
Município,Vieira do Minho,2008,13546
Município,Vieira do Minho,2009,13341
Município,Vieira do Minho,2010,13127
Município,Vieira do Minho,2011,13026
Município,Vieira do Minho,2012,12944
Município,Vieira do Minho,2013,12794
Município,Vieira do Minho,2014,12655
Município,Vieira do Minho,2015,12511
Município,Vieira do Minho,2016,12389
Município,Vieira do Minho,2017,12280
Município,Vieira do Minho,2018,12159
Município,Vieira do Minho,2019,12075
Município,Vieira do Minho,2020,12061
Município,Vieira do Minho,2022,11510
Município,Vieira do Minho,2023,11611
Município,Vieira do Minho,2024,11654
Município,Vieira do Minho,2025,11641
Município,Vila Nova de Famalicão,1982,108238
Município,Vila Nova de Famalicão,1983,109401
Município,Vila Nova de Famalicão,1984,110525
Município,Vila Nova de Famalicão,1985,111573
Município,Vila Nova de Famalicão,1986,112375
Município,Vila Nova de Famalicão,1987,113132
Município,Vila Nova de Famalicão,1988,113910
Município,Vila Nova de Famalicão,1989,114582
Município,Vila Nova de Famalicão,1990,115121
Município,Vila Nova de Famalicão,1991,115786
Município,Vila Nova de Famalicão,1992,116639
Município,Vila Nova de Famalicão,1993,117603
Município,Vila Nova de Famalicão,1994,118694
Município,Vila Nova de Famalicão,1995,119880
Município,Vila Nova de Famalicão,1996,121131
Município,Vila Nova de Famalicão,1997,122379
Município,Vila Nova de Famalicão,1998,123663
Município,Vila Nova de Famalicão,1999,125014
Município,Vila Nova de Famalicão,2000,126473
Município,Vila Nova de Famalicão,2001,127879
Município,Vila Nova de Famalicão,2002,129026
Município,Vila Nova de Famalicão,2003,129963
Município,Vila Nova de Famalicão,2004,130786
Município,Vila Nova de Famalicão,2005,131539
Município,Vila Nova de Famalicão,2006,132234
Município,Vila Nova de Famalicão,2007,132881
Município,Vila Nova de Famalicão,2008,133344
Município,Vila Nova de Famalicão,2009,133651
Município,Vila Nova de Famalicão,2010,133849
Município,Vila Nova de Famalicão,2011,133867
Município,Vila Nova de Famalicão,2012,133598
Município,Vila Nova de Famalicão,2013,133102
Município,Vila Nova de Famalicão,2014,132587
Município,Vila Nova de Famalicão,2015,132252
Município,Vila Nova de Famalicão,2016,132152
Município,Vila Nova de Famalicão,2017,132169
Município,Vila Nova de Famalicão,2018,132360
Município,Vila Nova de Famalicão,2019,132854
Município,Vila Nova de Famalicão,2020,133630
Município,Vila Nova de Famalicão,2022,136503
Município,Vila Nova de Famalicão,2023,139432
Município,Vila Nova de Famalicão,2024,141700
Município,Vila Nova de Famalicão,2025,143226
Município,Vizela,1982,0
Município,Vizela,1983,0
Município,Vizela,1984,0
Município,Vizela,1985,0
Município,Vizela,1986,0
Município,Vizela,1987,0
Município,Vizela,1988,0
Município,Vizela,1989,0
Município,Vizela,1990,0
Município,Vizela,1991,0
Município,Vizela,1992,0
Município,Vizela,1993,0
Município,Vizela,1994,0
Município,Vizela,1995,0
Município,Vizela,1996,0
Município,Vizela,1997,0
Município,Vizela,1998,0
Município,Vizela,1999,22133
Município,Vizela,2000,22413
Município,Vizela,2001,22655
Município,Vizela,2002,22841
Município,Vizela,2003,22993
Município,Vizela,2004,23148
Município,Vizela,2005,23313
Município,Vizela,2006,23457
Município,Vizela,2007,23577
Município,Vizela,2008,23653
Município,Vizela,2009,23705
Município,Vizela,2010,23739
Município,Vizela,2011,23747
Município,Vizela,2012,23703
Município,Vizela,2013,23625
Município,Vizela,2014,23548
Município,Vizela,2015,23493
Município,Vizela,2016,23485
Município,Vizela,2017,23523
Município,Vizela,2018,23605
Município,Vizela,2019,23694
Município,Vizela,2020,23859
Município,Vizela,2022,24512
Município,Vizela,2023,24926
Município,Vizela,2024,25207
Município,Vizela,2025,25375
NUTS III,Área Metropolitana do Porto,1982,1533810
NUTS III,Área Metropolitana do Porto,1983,1546357
NUTS III,Área Metropolitana do Porto,1984,1557779
NUTS III,Área Metropolitana do Porto,1985,1568186
NUTS III,Área Metropolitana do Porto,1986,1577217
NUTS III,Área Metropolitana do Porto,1987,1585503
NUTS III,Área Metropolitana do Porto,1988,1593475
NUTS III,Área Metropolitana do Porto,1989,1601090
NUTS III,Área Metropolitana do Porto,1990,1607890
NUTS III,Área Metropolitana do Porto,1991,1614563
NUTS III,Área Metropolitana do Porto,1992,1622126
NUTS III,Área Metropolitana do Porto,1993,1631922
NUTS III,Área Metropolitana do Porto,1994,1643897
NUTS III,Área Metropolitana do Porto,1995,1656179
NUTS III,Área Metropolitana do Porto,1996,1668236
NUTS III,Área Metropolitana do Porto,1997,1680580
NUTS III,Área Metropolitana do Porto,1998,1693280
NUTS III,Área Metropolitana do Porto,1999,1706124
NUTS III,Área Metropolitana do Porto,2000,1720070
NUTS III,Área Metropolitana do Porto,2001,1732210
NUTS III,Área Metropolitana do Porto,2002,1740908
NUTS III,Área Metropolitana do Porto,2003,1747593
NUTS III,Área Metropolitana do Porto,2004,1752280
NUTS III,Área Metropolitana do Porto,2005,1756084
NUTS III,Área Metropolitana do Porto,2006,1759749
NUTS III,Área Metropolitana do Porto,2007,1763005
NUTS III,Área Metropolitana do Porto,2008,1764188
NUTS III,Área Metropolitana do Porto,2009,1763833
NUTS III,Área Metropolitana do Porto,2010,1762373
NUTS III,Área Metropolitana do Porto,2011,1760740
NUTS III,Área Metropolitana do Porto,2012,1757093
NUTS III,Área Metropolitana do Porto,2013,1750205
NUTS III,Área Metropolitana do Porto,2014,1742963
NUTS III,Área Metropolitana do Porto,2015,1737724
NUTS III,Área Metropolitana do Porto,2016,1735495
NUTS III,Área Metropolitana do Porto,2017,1735501
NUTS III,Área Metropolitana do Porto,2018,1737457
NUTS III,Área Metropolitana do Porto,2019,1742030
NUTS III,Área Metropolitana do Porto,2020,1744290
NUTS III,Área Metropolitana do Porto,2022,1782606
NUTS III,Área Metropolitana do Porto,2023,1818778
NUTS III,Área Metropolitana do Porto,2024,1845821
NUTS III,Área Metropolitana do Porto,2025,1858974
Município,Arouca,1982,24217
Município,Arouca,1983,24373
Município,Arouca,1984,24511
Município,Arouca,1985,24638
Município,Arouca,1986,24675
Município,Arouca,1987,24634
Município,Arouca,1988,24555
Município,Arouca,1989,24421
Município,Arouca,1990,24251
Município,Arouca,1991,24085
Município,Arouca,1992,23969
Município,Arouca,1993,23919
Município,Arouca,1994,23921
Município,Arouca,1995,23955
Município,Arouca,1996,23973
Município,Arouca,1997,24015
Município,Arouca,1998,24066
Município,Arouca,1999,24101
Município,Arouca,2000,24163
Município,Arouca,2001,24144
Município,Arouca,2002,24014
Município,Arouca,2003,23857
Município,Arouca,2004,23685
Município,Arouca,2005,23499
Município,Arouca,2006,23316
Município,Arouca,2007,23145
Município,Arouca,2008,22948
Município,Arouca,2009,22735
Município,Arouca,2010,22505
Município,Arouca,2011,22317
Município,Arouca,2012,22176
Município,Arouca,2013,22005
Município,Arouca,2014,21815
Município,Arouca,2015,21674
Município,Arouca,2016,21594
Município,Arouca,2017,21506
Município,Arouca,2018,21406
Município,Arouca,2019,21324
Município,Arouca,2020,21266
Município,Arouca,2022,21100
Município,Arouca,2023,21260
Município,Arouca,2024,21423
Município,Arouca,2025,21473
Município,Espinho,1982,32905
Município,Espinho,1983,33251
Município,Espinho,1984,33594
Município,Espinho,1985,33880
Município,Espinho,1986,34108
Município,Espinho,1987,34352
Município,Espinho,1988,34608
Município,Espinho,1989,34883
Município,Espinho,1990,35153
Município,Espinho,1991,35170
Município,Espinho,1992,34962
Município,Espinho,1993,34766
Município,Espinho,1994,34554
Município,Espinho,1995,34328
Município,Espinho,1996,34158
Município,Espinho,1997,34034
Município,Espinho,1998,33898
Município,Espinho,1999,33754
Município,Espinho,2000,33655
Município,Espinho,2001,33629
Município,Espinho,2002,33581
Município,Espinho,2003,33477
Município,Espinho,2004,33338
Município,Espinho,2005,33173
Município,Espinho,2006,33000
Município,Espinho,2007,32808
Município,Espinho,2008,32577
Município,Espinho,2009,32298
Município,Espinho,2010,31983
Município,Espinho,2011,31866
Município,Espinho,2012,31820
Município,Espinho,2013,31622
Município,Espinho,2014,31435
Município,Espinho,2015,31301
Município,Espinho,2016,31216
Município,Espinho,2017,31205
Município,Espinho,2018,31228
Município,Espinho,2019,31247
Município,Espinho,2020,31221
Município,Espinho,2022,31768
Município,Espinho,2023,32052
Município,Espinho,2024,32305
Município,Espinho,2025,32427
Município,Gondomar,1982,132495
Município,Gondomar,1983,133858
Município,Gondomar,1984,135134
Município,Gondomar,1985,136326
Município,Gondomar,1986,137616
Município,Gondomar,1987,139102
Município,Gondomar,1988,140659
Município,Gondomar,1989,142194
Município,Gondomar,1990,143672
Município,Gondomar,1991,145182
Município,Gondomar,1992,146733
Município,Gondomar,1993,148575
Município,Gondomar,1994,150735
Município,Gondomar,1995,152870
Município,Gondomar,1996,154944
Município,Gondomar,1997,156959
Município,Gondomar,1998,158935
Município,Gondomar,1999,160826
Município,Gondomar,2000,162786
Município,Gondomar,2001,164333
Município,Gondomar,2002,165268
Município,Gondomar,2003,166010
Município,Gondomar,2004,166590
Município,Gondomar,2005,167093
Município,Gondomar,2006,167584
Município,Gondomar,2007,168063
Município,Gondomar,2008,168315
Município,Gondomar,2009,168363
Município,Gondomar,2010,168278
Município,Gondomar,2011,168151
Município,Gondomar,2012,167774
Município,Gondomar,2013,167001
Município,Gondomar,2014,166151
Município,Gondomar,2015,165469
Município,Gondomar,2016,165019
Município,Gondomar,2017,164736
Município,Gondomar,2018,164588
Município,Gondomar,2019,164647
Município,Gondomar,2020,164857
Município,Gondomar,2022,166253
Município,Gondomar,2023,168207
Município,Gondomar,2024,169708
Município,Gondomar,2025,170445
Município,Maia,1982,82719
Município,Maia,1983,83652
Município,Maia,1984,84555
Município,Maia,1985,85551
Município,Maia,1986,86806
Município,Maia,1987,88226
Município,Maia,1988,89765
Município,Maia,1989,91392
Município,Maia,1990,93050
Município,Maia,1991,94913
Município,Maia,1992,97046
Município,Maia,1993,99435
Município,Maia,1994,102103
Município,Maia,1995,104793
Município,Maia,1996,107461
Município,Maia,1997,110128
Município,Maia,1998,112837
Município,Maia,1999,115564
Município,Maia,2000,118356
Município,Maia,2001,120743
Município,Maia,2002,122622
Município,Maia,2003,124354
Município,Maia,2004,125979
Município,Maia,2005,127601
Município,Maia,2006,129191
Município,Maia,2007,130761
Município,Maia,2008,132237
Município,Maia,2009,133558
Município,Maia,2010,134759
Município,Maia,2011,135536
Município,Maia,2012,135588
Município,Maia,2013,135216
Município,Maia,2014,134839
Município,Maia,2015,134621
Município,Maia,2016,134522
Município,Maia,2017,134544
Município,Maia,2018,134723
Município,Maia,2019,135053
Município,Maia,2020,135353
Município,Maia,2022,137669
Município,Maia,2023,139693
Município,Maia,2024,141087
Município,Maia,2025,141901
Município,Matosinhos,1982,138041
Município,Matosinhos,1983,139390
Município,Matosinhos,1984,140673
Município,Matosinhos,1985,141963
Município,Matosinhos,1986,143561
Município,Matosinhos,1987,145467
Município,Matosinhos,1988,147571
Município,Matosinhos,1989,149733
Município,Matosinhos,1990,151853
Município,Matosinhos,1991,153600
Município,Matosinhos,1992,154915
Município,Matosinhos,1993,156157
Município,Matosinhos,1994,157534
Município,Matosinhos,1995,158928
Município,Matosinhos,1996,160236
Município,Matosinhos,1997,161638
Município,Matosinhos,1998,163078
Município,Matosinhos,1999,164464
Município,Matosinhos,2000,165941
Município,Matosinhos,2001,167429
Município,Matosinhos,2002,168760
Município,Matosinhos,2003,169921
Município,Matosinhos,2004,170943
Município,Matosinhos,2005,171847
Município,Matosinhos,2006,172730
Município,Matosinhos,2007,173611
Município,Matosinhos,2008,174348
Município,Matosinhos,2009,174939
Município,Matosinhos,2010,175412
Município,Matosinhos,2011,175813
Município,Matosinhos,2012,175688
Município,Matosinhos,2013,174989
Município,Matosinhos,2014,174322
Município,Matosinhos,2015,173811
Município,Matosinhos,2016,173542
Município,Matosinhos,2017,173529
Município,Matosinhos,2018,173665
Município,Matosinhos,2019,174027
Município,Matosinhos,2020,173772
Município,Matosinhos,2022,176349
Município,Matosinhos,2023,179199
Município,Matosinhos,2024,181025
Município,Matosinhos,2025,181781
Município,Oliveira de Azeméis,1982,63580
Município,Oliveira de Azeméis,1983,64121
Município,Oliveira de Azeméis,1984,64619
Município,Oliveira de Azeméis,1985,65135
Município,Oliveira de Azeméis,1986,65623
Município,Oliveira de Azeméis,1987,66091
Município,Oliveira de Azeméis,1988,66533
Município,Oliveira de Azeméis,1989,66920
Município,Oliveira de Azeméis,1990,67268
Município,Oliveira de Azeméis,1991,67527
Município,Oliveira de Azeméis,1992,67686
Município,Oliveira de Azeméis,1993,67942
Município,Oliveira de Azeméis,1994,68276
Município,Oliveira de Azeméis,1995,68599
Município,Oliveira de Azeméis,1996,68950
Município,Oliveira de Azeméis,1997,69320
Município,Oliveira de Azeméis,1998,69670
Município,Oliveira de Azeméis,1999,70007
Município,Oliveira de Azeméis,2000,70395
Município,Oliveira de Azeméis,2001,70659
Município,Oliveira de Azeméis,2002,70730
Município,Oliveira de Azeméis,2003,70702
Município,Oliveira de Azeméis,2004,70557
Município,Oliveira de Azeméis,2005,70350
Município,Oliveira de Azeméis,2006,70161
Município,Oliveira de Azeméis,2007,69986
Município,Oliveira de Azeméis,2008,69711
Município,Oliveira de Azeméis,2009,69339
Município,Oliveira de Azeméis,2010,68925
Município,Oliveira de Azeméis,2011,68578
Município,Oliveira de Azeméis,2012,68200
Município,Oliveira de Azeméis,2013,67669
Município,Oliveira de Azeméis,2014,67163
Município,Oliveira de Azeméis,2015,66734
Município,Oliveira de Azeméis,2016,66393
Município,Oliveira de Azeméis,2017,66213
Município,Oliveira de Azeméis,2018,66161
Município,Oliveira de Azeméis,2019,66142
Município,Oliveira de Azeméis,2020,66299
Município,Oliveira de Azeméis,2022,67548
Município,Oliveira de Azeméis,2023,68644
Município,Oliveira de Azeméis,2024,69341
Município,Oliveira de Azeméis,2025,69800
Município,Paredes,1982,68966
Município,Paredes,1983,69833
Município,Paredes,1984,70634
Município,Paredes,1985,71344
Município,Paredes,1986,71900
Município,Paredes,1987,72372
Município,Paredes,1988,72784
Município,Paredes,1989,73173
Município,Paredes,1990,73512
Município,Paredes,1991,74048
Município,Paredes,1992,74776
Município,Paredes,1993,75688
Município,Paredes,1994,76788
Município,Paredes,1995,77825
Município,Paredes,1996,78754
Município,Paredes,1997,79723
Município,Paredes,1998,80722
Município,Paredes,1999,81709
Município,Paredes,2000,82711
Município,Paredes,2001,83526
Município,Paredes,2002,84159
Município,Paredes,2003,84714
Município,Paredes,2004,85195
Município,Paredes,2005,85635
Município,Paredes,2006,86072
Município,Paredes,2007,86443
Município,Paredes,2008,86658
Município,Paredes,2009,86782
Município,Paredes,2010,86843
Município,Paredes,2011,86732
Município,Paredes,2012,86361
Município,Paredes,2013,85857
Município,Paredes,2014,85356
Município,Paredes,2015,84953
Município,Paredes,2016,84688
Município,Paredes,2017,84497
Município,Paredes,2018,84364
Município,Paredes,2019,84321
Município,Paredes,2020,84523
Município,Paredes,2022,85061
Município,Paredes,2023,86332
Município,Paredes,2024,87409
Município,Paredes,2025,88376
Município,Porto,1982,329448
Município,Porto,1983,329976
Município,Porto,1984,330106
Município,Porto,1985,329496
Município,Porto,1986,327081
Município,Porto,1987,323284
Município,Porto,1988,318863
Município,Porto,1989,314196
Município,Porto,1990,309159
Município,Porto,1991,303892
Município,Porto,1992,299135
Município,Porto,1993,294594
Município,Porto,1994,289769
Município,Porto,1995,285187
Município,Porto,1996,280653
Município,Porto,1997,276275
Município,Porto,1998,272138
Município,Porto,1999,268241
Município,Porto,2000,264628
Município,Porto,2001,262013
Município,Porto,2002,260189
Município,Porto,2003,258055
Município,Porto,2004,255676
Município,Porto,2005,253285
Município,Porto,2006,250861
Município,Porto,2007,248323
Município,Porto,2008,245528
Município,Porto,2009,242652
Município,Porto,2010,239650
Município,Porto,2011,236964
Município,Porto,2012,235512
Município,Porto,2013,234798
Município,Porto,2014,234032
Município,Porto,2015,233612
Município,Porto,2016,233716
Município,Porto,2017,234125
Município,Porto,2018,234885
Município,Porto,2019,236170
Município,Porto,2020,234938
Município,Porto,2022,250222
Município,Porto,2023,261753
Município,Porto,2024,270608
Município,Porto,2025,273728
Município,Póvoa de Varzim,1982,55203
Município,Póvoa de Varzim,1983,55729
Município,Póvoa de Varzim,1984,56200
Município,Póvoa de Varzim,1985,56515
Município,Póvoa de Varzim,1986,56571
Município,Póvoa de Varzim,1987,56452
Município,Póvoa de Varzim,1988,56231
Município,Póvoa de Varzim,1989,55949
Município,Póvoa de Varzim,1990,55584
Município,Póvoa de Varzim,1991,55619
Município,Póvoa de Varzim,1992,56164
Município,Póvoa de Varzim,1993,56940
Município,Póvoa de Varzim,1994,57850
Município,Póvoa de Varzim,1995,58769
Município,Póvoa de Varzim,1996,59649
Município,Póvoa de Varzim,1997,60463
Município,Póvoa de Varzim,1998,61252
Município,Póvoa de Varzim,1999,62053
Município,Póvoa de Varzim,2000,62870
Município,Póvoa de Varzim,2001,63435
Município,Póvoa de Varzim,2002,63714
Município,Póvoa de Varzim,2003,63910
Município,Póvoa de Varzim,2004,63990
Município,Póvoa de Varzim,2005,63988
Município,Póvoa de Varzim,2006,63976
Município,Póvoa de Varzim,2007,63955
Município,Póvoa de Varzim,2008,63851
Município,Póvoa de Varzim,2009,63719
Município,Póvoa de Varzim,2010,63579
Município,Póvoa de Varzim,2011,63554
Município,Póvoa de Varzim,2012,63556
Município,Póvoa de Varzim,2013,63393
Município,Póvoa de Varzim,2014,63209
Município,Póvoa de Varzim,2015,63133
Município,Póvoa de Varzim,2016,63192
Município,Póvoa de Varzim,2017,63334
Município,Póvoa de Varzim,2018,63585
Município,Póvoa de Varzim,2019,63992
Município,Póvoa de Varzim,2020,64384
Município,Póvoa de Varzim,2022,66989
Município,Póvoa de Varzim,2023,69126
Município,Póvoa de Varzim,2024,70865
Município,Póvoa de Varzim,2025,71973
Município,Santa Maria da Feira,1982,110994
Município,Santa Maria da Feira,1983,112070
Município,Santa Maria da Feira,1984,113067
Município,Santa Maria da Feira,1985,114038
Município,Santa Maria da Feira,1986,115051
Município,Santa Maria da Feira,1987,116105
Município,Santa Maria da Feira,1988,117160
Município,Santa Maria da Feira,1989,118190
Município,Santa Maria da Feira,1990,119192
Município,Santa Maria da Feira,1991,120181
Município,Santa Maria da Feira,1992,121180
Município,Santa Maria da Feira,1993,122450
Município,Santa Maria da Feira,1994,124008
Município,Santa Maria da Feira,1995,125643
Município,Santa Maria da Feira,1996,127391
Município,Santa Maria da Feira,1997,129189
Município,Santa Maria da Feira,1998,130938
Município,Santa Maria da Feira,1999,132676
Município,Santa Maria da Feira,2000,134588
Município,Santa Maria da Feira,2001,136092
Município,Santa Maria da Feira,2002,136987
Município,Santa Maria da Feira,2003,137729
Município,Santa Maria da Feira,2004,138272
Município,Santa Maria da Feira,2005,138678
Município,Santa Maria da Feira,2006,139075
Município,Santa Maria da Feira,2007,139421
Município,Santa Maria da Feira,2008,139547
Município,Santa Maria da Feira,2009,139556
Município,Santa Maria da Feira,2010,139483
Município,Santa Maria da Feira,2011,139295
Município,Santa Maria da Feira,2012,138879
Município,Santa Maria da Feira,2013,138226
Município,Santa Maria da Feira,2014,137463
Município,Santa Maria da Feira,2015,136859
Município,Santa Maria da Feira,2016,136541
Município,Santa Maria da Feira,2017,136385
Município,Santa Maria da Feira,2018,136376
Município,Santa Maria da Feira,2019,136544
Município,Santa Maria da Feira,2020,136960
Município,Santa Maria da Feira,2022,138642
Município,Santa Maria da Feira,2023,140528
Município,Santa Maria da Feira,2024,141849
Município,Santa Maria da Feira,2025,142494
Município,Santo Tirso,1982,94823
Município,Santo Tirso,1983,95825
Município,Santo Tirso,1984,96745
Município,Santo Tirso,1985,97688
Município,Santo Tirso,1986,98746
Município,Santo Tirso,1987,99863
Município,Santo Tirso,1988,100961
Município,Santo Tirso,1989,102011
Município,Santo Tirso,1990,102996
Município,Santo Tirso,1991,103734
Município,Santo Tirso,1992,104212
Município,Santo Tirso,1993,104674
Município,Santo Tirso,1994,105263
Município,Santo Tirso,1995,105906
Município,Santo Tirso,1996,106574
Município,Santo Tirso,1997,107251
Município,Santo Tirso,1998,89677
Município,Santo Tirso,1999,71881
Município,Santo Tirso,2000,72125
Município,Santo Tirso,2001,72413
Município,Santo Tirso,2002,72662
Município,Santo Tirso,2003,72806
Município,Santo Tirso,2004,72856
Município,Santo Tirso,2005,72828
Município,Santo Tirso,2006,72738
Município,Santo Tirso,2007,72625
Município,Santo Tirso,2008,72434
Município,Santo Tirso,2009,72157
Município,Santo Tirso,2010,71813
Município,Santo Tirso,2011,71536
Município,Santo Tirso,2012,71186
Município,Santo Tirso,2013,70604
Município,Santo Tirso,2014,70021
Município,Santo Tirso,2015,69520
Município,Santo Tirso,2016,69094
Município,Santo Tirso,2017,68703
Município,Santo Tirso,2018,68374
Município,Santo Tirso,2019,68161
Município,Santo Tirso,2020,68037
Município,Santo Tirso,2022,68098
Município,Santo Tirso,2023,68807
Município,Santo Tirso,2024,69421
Município,Santo Tirso,2025,69734
Município,São João da Madeira,1982,16684
Município,São João da Madeira,1983,16848
Município,São João da Madeira,1984,17044
Município,São João da Madeira,1985,17263
Município,São João da Madeira,1986,17483
Município,São João da Madeira,1987,17726
Município,São João da Madeira,1988,17982
Município,São João da Madeira,1989,18232
Município,São João da Madeira,1990,18475
Município,São João da Madeira,1991,18720
Município,São João da Madeira,1992,18946
Município,São João da Madeira,1993,19168
Município,São João da Madeira,1994,19418
Município,São João da Madeira,1995,19678
Município,São João da Madeira,1996,19936
Município,São João da Madeira,1997,20187
Município,São João da Madeira,1998,20434
Município,São João da Madeira,1999,20675
Município,São João da Madeira,2000,20926
Município,São João da Madeira,2001,21136
Município,São João da Madeira,2002,21294
Município,São João da Madeira,2003,21412
Município,São João da Madeira,2004,21493
Município,São João da Madeira,2005,21571
Município,São João da Madeira,2006,21640
Município,São João da Madeira,2007,21699
Município,São João da Madeira,2008,21730
Município,São João da Madeira,2009,21744
Município,São João da Madeira,2010,21740
Município,São João da Madeira,2011,21792
Município,São João da Madeira,2012,21843
Município,São João da Madeira,2013,21815
Município,São João da Madeira,2014,21796
Município,São João da Madeira,2015,21779
Município,São João da Madeira,2016,21785
Município,São João da Madeira,2017,21839
Município,São João da Madeira,2018,21961
Município,São João da Madeira,2019,22140
Município,São João da Madeira,2020,22244
Município,São João da Madeira,2022,23232
Município,São João da Madeira,2023,23796
Município,São João da Madeira,2024,24004
Município,São João da Madeira,2025,24002
Município,Trofa,1982,0
Município,Trofa,1983,0
Município,Trofa,1984,0
Município,Trofa,1985,0
Município,Trofa,1986,0
Município,Trofa,1987,0
Município,Trofa,1988,0
Município,Trofa,1989,0
Município,Trofa,1990,0
Município,Trofa,1991,0
Município,Trofa,1992,0
Município,Trofa,1993,0
Município,Trofa,1994,0
Município,Trofa,1995,0
Município,Trofa,1996,0
Município,Trofa,1997,0
Município,Trofa,1998,0
Município,Trofa,1999,36735
Município,Trofa,2000,37234
Município,Trofa,2001,37646
Município,Trofa,2002,37941
Município,Trofa,2003,38172
Município,Trofa,2004,38346
Município,Trofa,2005,38507
Município,Trofa,2006,38672
Município,Trofa,2007,38806
Município,Trofa,2008,38893
Município,Trofa,2009,38961
Município,Trofa,2010,39015
Município,Trofa,2011,39035
Município,Trofa,2012,38964
Município,Trofa,2013,38799
Município,Trofa,2014,38601
Município,Trofa,2015,38451
Município,Trofa,2016,38407
Município,Trofa,2017,38416
Município,Trofa,2018,38437
Município,Trofa,2019,38502
Município,Trofa,2020,38608
Município,Trofa,2022,39349
Município,Trofa,2023,40259
Município,Trofa,2024,41037
Município,Trofa,2025,41414
Município,Vale de Cambra,1982,24515
Município,Vale de Cambra,1983,24650
Município,Vale de Cambra,1984,24773
Município,Vale de Cambra,1985,24919
Município,Vale de Cambra,1986,24990
Município,Vale de Cambra,1987,24994
Município,Vale de Cambra,1988,24965
Município,Vale de Cambra,1989,24932
Município,Vale de Cambra,1990,24875
Município,Vale de Cambra,1991,24755
Município,Vale de Cambra,1992,24652
Município,Vale de Cambra,1993,24613
Município,Vale de Cambra,1994,24622
Município,Vale de Cambra,1995,24652
Município,Vale de Cambra,1996,24672
Município,Vale de Cambra,1997,24685
Município,Vale de Cambra,1998,24701
Município,Vale de Cambra,1999,24724
Município,Vale de Cambra,2000,24755
Município,Vale de Cambra,2001,24732
Município,Vale de Cambra,2002,24615
Município,Vale de Cambra,2003,24475
Município,Vale de Cambra,2004,24327
Município,Vale de Cambra,2005,24153
Município,Vale de Cambra,2006,23937
Município,Vale de Cambra,2007,23715
Município,Vale de Cambra,2008,23494
Município,Vale de Cambra,2009,23269
Município,Vale de Cambra,2010,23036
Município,Vale de Cambra,2011,22829
Município,Vale de Cambra,2012,22632
Município,Vale de Cambra,2013,22380
Município,Vale de Cambra,2014,22130
Município,Vale de Cambra,2015,21902
Município,Vale de Cambra,2016,21704
Município,Vale de Cambra,2017,21547
Município,Vale de Cambra,2018,21417
Município,Vale de Cambra,2019,21341
Município,Vale de Cambra,2020,21335
Município,Vale de Cambra,2022,21566
Município,Vale de Cambra,2023,21865
Município,Vale de Cambra,2024,22056
Município,Vale de Cambra,2025,22085
Município,Valongo,1982,65261
Município,Valongo,1983,66152
Município,Valongo,1984,67001
Município,Valongo,1985,67907
Município,Valongo,1986,68943
Município,Valongo,1987,70082
Município,Valongo,1988,71348
Município,Valongo,1989,72666
Município,Valongo,1990,74012
Município,Valongo,1991,75222
Município,Valongo,1992,76202
Município,Valongo,1993,77200
Município,Valongo,1994,78333
Município,Valongo,1995,79456
Município,Valongo,1996,80544
Município,Valongo,1997,81649
Município,Valongo,1998,82815
Município,Valongo,1999,83987
Município,Valongo,2000,85193
Município,Valongo,2001,86340
Município,Valongo,2002,87390
Município,Valongo,2003,88360
Município,Valongo,2004,89206
Município,Valongo,2005,90031
Município,Valongo,2006,90865
Município,Valongo,2007,91693
Município,Valongo,2008,92417
Município,Valongo,2009,93053
Município,Valongo,2010,93632
Município,Valongo,2011,94008
Município,Valongo,2012,94031
Município,Valongo,2013,93852
Município,Valongo,2014,93630
Município,Valongo,2015,93505
Município,Valongo,2016,93528
Município,Valongo,2017,93634
Município,Valongo,2018,93850
Município,Valongo,2019,94201
Município,Valongo,2020,94719
Município,Valongo,2022,96306
Município,Valongo,2023,97593
Município,Valongo,2024,98553
Município,Valongo,2025,98886
Município,Vila do Conde,1982,65208
Município,Vila do Conde,1983,65736
Município,Vila do Conde,1984,66186
Município,Vila do Conde,1985,66534
Município,Vila do Conde,1986,66637
Município,Vila do Conde,1987,66541
Município,Vila do Conde,1988,66307
Município,Vila do Conde,1989,66008
Município,Vila do Conde,1990,65673
Município,Vila do Conde,1991,65845
Município,Vila do Conde,1992,66524
Município,Vila do Conde,1993,67292
Município,Vila do Conde,1994,68187
Município,Vila do Conde,1995,69118
Município,Vila do Conde,1996,70033
Município,Vila do Conde,1997,70941
Município,Vila do Conde,1998,71890
Município,Vila do Conde,1999,72819
Município,Vila do Conde,2000,73736
Município,Vila do Conde,2001,74590
Município,Vila do Conde,2002,75317
Município,Vila do Conde,2003,75984
Município,Vila do Conde,2004,76568
Município,Vila do Conde,2005,77111
Município,Vila do Conde,2006,77662
Município,Vila do Conde,2007,78206
Município,Vila do Conde,2008,78668
Município,Vila do Conde,2009,79051
Município,Vila do Conde,2010,79411
Município,Vila do Conde,2011,79738
Município,Vila do Conde,2012,79824
Município,Vila do Conde,2013,79688
Município,Vila do Conde,2014,79547
Município,Vila do Conde,2015,79504
Município,Vila do Conde,2016,79647
Município,Vila do Conde,2017,79864
Município,Vila do Conde,2018,80101
Município,Vila do Conde,2019,80467
Município,Vila do Conde,2020,80969
Município,Vila do Conde,2022,82600
Município,Vila do Conde,2023,84090
Município,Vila do Conde,2024,85225
Município,Vila do Conde,2025,85993
Município,Vila Nova de Gaia,1982,228754
Município,Vila Nova de Gaia,1983,230899
Município,Vila Nova de Gaia,1984,232942
Município,Vila Nova de Gaia,1985,234993
Município,Vila Nova de Gaia,1986,237430
Município,Vila Nova de Gaia,1987,240216
Município,Vila Nova de Gaia,1988,243187
Município,Vila Nova de Gaia,1989,246193
Município,Vila Nova de Gaia,1990,249169
Município,Vila Nova de Gaia,1991,252075
Município,Vila Nova de Gaia,1992,255027
Município,Vila Nova de Gaia,1993,258514
Município,Vila Nova de Gaia,1994,262540
Município,Vila Nova de Gaia,1995,266476
Município,Vila Nova de Gaia,1996,270309
Município,Vila Nova de Gaia,1997,274127
Município,Vila Nova de Gaia,1998,277991
Município,Vila Nova de Gaia,1999,281912
Município,Vila Nova de Gaia,2000,286011
Município,Vila Nova de Gaia,2001,289354
Município,Vila Nova de Gaia,2002,291668
Município,Vila Nova de Gaia,2003,293661
Município,Vila Nova de Gaia,2004,295263
Município,Vila Nova de Gaia,2005,296737
Município,Vila Nova de Gaia,2006,298273
Município,Vila Nova de Gaia,2007,299748
Município,Vila Nova de Gaia,2008,300837
Município,Vila Nova de Gaia,2009,301661
Município,Vila Nova de Gaia,2010,302313
Município,Vila Nova de Gaia,2011,302999
Município,Vila Nova de Gaia,2012,303063
Município,Vila Nova de Gaia,2013,302295
Município,Vila Nova de Gaia,2014,301457
Município,Vila Nova de Gaia,2015,300899
Município,Vila Nova de Gaia,2016,300911
Município,Vila Nova de Gaia,2017,301428
Município,Vila Nova de Gaia,2018,302341
Município,Vila Nova de Gaia,2019,303755
Município,Vila Nova de Gaia,2020,304810
Município,Vila Nova de Gaia,2022,309857
Município,Vila Nova de Gaia,2023,315576
Município,Vila Nova de Gaia,2024,319908
Município,Vila Nova de Gaia,2025,322466
NUTS III,Alto Tâmega e Barroso,1982,131727
NUTS III,Alto Tâmega e Barroso,1983,131532
NUTS III,Alto Tâmega e Barroso,1984,131174
NUTS III,Alto Tâmega e Barroso,1985,130435
NUTS III,Alto Tâmega e Barroso,1986,128671
NUTS III,Alto Tâmega e Barroso,1987,126137
NUTS III,Alto Tâmega e Barroso,1988,123137
NUTS III,Alto Tâmega e Barroso,1989,119866
NUTS III,Alto Tâmega e Barroso,1990,116256
NUTS III,Alto Tâmega e Barroso,1991,113232
NUTS III,Alto Tâmega e Barroso,1992,111377
NUTS III,Alto Tâmega e Barroso,1993,110035
NUTS III,Alto Tâmega e Barroso,1994,108895
NUTS III,Alto Tâmega e Barroso,1995,107885
NUTS III,Alto Tâmega e Barroso,1996,106918
NUTS III,Alto Tâmega e Barroso,1997,106186
NUTS III,Alto Tâmega e Barroso,1998,105555
NUTS III,Alto Tâmega e Barroso,1999,104997
NUTS III,Alto Tâmega e Barroso,2000,104678
NUTS III,Alto Tâmega e Barroso,2001,104342
NUTS III,Alto Tâmega e Barroso,2002,103750
NUTS III,Alto Tâmega e Barroso,2003,102984
NUTS III,Alto Tâmega e Barroso,2004,102088
NUTS III,Alto Tâmega e Barroso,2005,101068
NUTS III,Alto Tâmega e Barroso,2006,100014
NUTS III,Alto Tâmega e Barroso,2007,98933
NUTS III,Alto Tâmega e Barroso,2008,97737
NUTS III,Alto Tâmega e Barroso,2009,96477
NUTS III,Alto Tâmega e Barroso,2010,95121
NUTS III,Alto Tâmega e Barroso,2011,93667
NUTS III,Alto Tâmega e Barroso,2012,92280
NUTS III,Alto Tâmega e Barroso,2013,90982
NUTS III,Alto Tâmega e Barroso,2014,89738
NUTS III,Alto Tâmega e Barroso,2015,88621
NUTS III,Alto Tâmega e Barroso,2016,87600
NUTS III,Alto Tâmega e Barroso,2017,86680
NUTS III,Alto Tâmega e Barroso,2018,85883
NUTS III,Alto Tâmega e Barroso,2019,85183
NUTS III,Alto Tâmega e Barroso,2020,84724
NUTS III,Alto Tâmega e Barroso,2022,82107
NUTS III,Alto Tâmega e Barroso,2023,82592
NUTS III,Alto Tâmega e Barroso,2024,83012
NUTS III,Alto Tâmega e Barroso,2025,83274
Município,Boticas,1982,8789
Município,Boticas,1983,8786
Município,Boticas,1984,8768
Município,Boticas,1985,8727
Município,Boticas,1986,8652
Município,Boticas,1987,8546
Município,Boticas,1988,8419
Município,Boticas,1989,8277
Município,Boticas,1990,8128
Município,Boticas,1991,7945
Município,Boticas,1992,7752
Município,Boticas,1993,7571
Município,Boticas,1994,7382
Município,Boticas,1995,7190
Município,Boticas,1996,7003
Município,Boticas,1997,6847
Município,Boticas,1998,6711
Município,Boticas,1999,6575
Município,Boticas,2000,6462
Município,Boticas,2001,6392
Município,Boticas,2002,6347
Município,Boticas,2003,6293
Município,Boticas,2004,6230
Município,Boticas,2005,6163
Município,Boticas,2006,6089
Município,Boticas,2007,6011
Município,Boticas,2008,5933
Município,Boticas,2009,5871
Município,Boticas,2010,5807
Município,Boticas,2011,5699
Município,Boticas,2012,5588
Município,Boticas,2013,5507
Município,Boticas,2014,5428
Município,Boticas,2015,5355
Município,Boticas,2016,5292
Município,Boticas,2017,5238
Município,Boticas,2018,5185
Município,Boticas,2019,5124
Município,Boticas,2020,5053
Município,Boticas,2022,4770
Município,Boticas,2023,4772
Município,Boticas,2024,4788
Município,Boticas,2025,4803
Município,Chaves,1982,46169
Município,Chaves,1983,46136
Município,Chaves,1984,46074
Município,Chaves,1985,45933
Município,Chaves,1986,45489
Município,Chaves,1987,44814
Município,Chaves,1988,44026
Município,Chaves,1989,43139
Município,Chaves,1990,42101
Município,Chaves,1991,41435
Município,Chaves,1992,41305
Município,Chaves,1993,41379
Município,Chaves,1994,41590
Município,Chaves,1995,41844
Município,Chaves,1996,42098
Município,Chaves,1997,42405
Município,Chaves,1998,42705
Município,Chaves,1999,43013
Município,Chaves,2000,43377
Município,Chaves,2001,43563
Município,Chaves,2002,43527
Município,Chaves,2003,43438
Município,Chaves,2004,43287
Município,Chaves,2005,43084
Município,Chaves,2006,42856
Município,Chaves,2007,42599
Município,Chaves,2008,42289
Município,Chaves,2009,41949
Município,Chaves,2010,41561
Município,Chaves,2011,41122
Município,Chaves,2012,40626
Município,Chaves,2013,40110
Município,Chaves,2014,39638
Município,Chaves,2015,39202
Município,Chaves,2016,38798
Município,Chaves,2017,38444
Município,Chaves,2018,38152
Município,Chaves,2019,37893
Município,Chaves,2020,37759
Município,Chaves,2022,36788
Município,Chaves,2023,37277
Município,Chaves,2024,37629
Município,Chaves,2025,37882
Município,Montalegre,1982,19414
Município,Montalegre,1983,19337
Município,Montalegre,1984,19213
Município,Montalegre,1985,19007
Município,Montalegre,1986,18635
Município,Montalegre,1987,18117
Município,Montalegre,1988,17494
Município,Montalegre,1989,16840
Município,Montalegre,1990,16130
Município,Montalegre,1991,15513
Município,Montalegre,1992,15102
Município,Montalegre,1993,14754
Município,Montalegre,1994,14403
Município,Montalegre,1995,14094
Município,Montalegre,1996,13800
Município,Montalegre,1997,13533
Município,Montalegre,1998,13280
Município,Montalegre,1999,13037
Município,Montalegre,2000,12840
Município,Montalegre,2001,12669
Município,Montalegre,2002,12495
Município,Montalegre,2003,12294
Município,Montalegre,2004,12072
Município,Montalegre,2005,11837
Município,Montalegre,2006,11610
Município,Montalegre,2007,11401
Município,Montalegre,2008,11172
Município,Montalegre,2009,10941
Município,Montalegre,2010,10705
Município,Montalegre,2011,10439
Município,Montalegre,2012,10224
Município,Montalegre,2013,10060
Município,Montalegre,2014,9897
Município,Montalegre,2015,9750
Município,Montalegre,2016,9615
Município,Montalegre,2017,9515
Município,Montalegre,2018,9433
Município,Montalegre,2019,9353
Município,Montalegre,2020,9304
Município,Montalegre,2022,8779
Município,Montalegre,2023,8750
Município,Montalegre,2024,8726
Município,Montalegre,2025,8684
Município,Ribeira de Pena,1982,10866
Município,Ribeira de Pena,1983,10832
Município,Ribeira de Pena,1984,10778
Município,Ribeira de Pena,1985,10690
Município,Ribeira de Pena,1986,10476
Município,Ribeira de Pena,1987,10140
Município,Ribeira de Pena,1988,9759
Município,Ribeira de Pena,1989,9353
Município,Ribeira de Pena,1990,8902
Município,Ribeira de Pena,1991,8541
Município,Ribeira de Pena,1992,8325
Município,Ribeira de Pena,1993,8168
Município,Ribeira de Pena,1994,8042
Município,Ribeira de Pena,1995,7926
Município,Ribeira de Pena,1996,7802
Município,Ribeira de Pena,1997,7691
Município,Ribeira de Pena,1998,7591
Município,Ribeira de Pena,1999,7509
Município,Ribeira de Pena,2000,7436
Município,Ribeira de Pena,2001,7374
Município,Ribeira de Pena,2002,7313
Município,Ribeira de Pena,2003,7246
Município,Ribeira de Pena,2004,7176
Município,Ribeira de Pena,2005,7091
Município,Ribeira de Pena,2006,7006
Município,Ribeira de Pena,2007,6933
Município,Ribeira de Pena,2008,6852
Município,Ribeira de Pena,2009,6742
Município,Ribeira de Pena,2010,6622
Município,Ribeira de Pena,2011,6498
Município,Ribeira de Pena,2012,6382
Município,Ribeira de Pena,2013,6298
Município,Ribeira de Pena,2014,6221
Município,Ribeira de Pena,2015,6160
Município,Ribeira de Pena,2016,6109
Município,Ribeira de Pena,2017,6058
Município,Ribeira de Pena,2018,6008
Município,Ribeira de Pena,2019,5967
Município,Ribeira de Pena,2020,5923
Município,Ribeira de Pena,2022,5857
Município,Ribeira de Pena,2023,5855
Município,Ribeira de Pena,2024,5868
Município,Ribeira de Pena,2025,5849
Município,Valpaços,1982,26200
Município,Valpaços,1983,26158
Município,Valpaços,1984,26072
Município,Valpaços,1985,25922
Município,Valpaços,1986,25588
Município,Valpaços,1987,25124
Município,Valpaços,1988,24553
Município,Valpaços,1989,23947
Município,Valpaços,1990,23311
Município,Valpaços,1991,22656
Município,Valpaços,1992,22130
Município,Valpaços,1993,21708
Município,Valpaços,1994,21311
Município,Valpaços,1995,20939
Município,Valpaços,1996,20587
Município,Valpaços,1997,20293
Município,Valpaços,1998,20023
Município,Valpaços,1999,19767
Município,Valpaços,2000,19568
Município,Valpaços,2001,19415
Município,Valpaços,2002,19227
Município,Valpaços,2003,19008
Município,Valpaços,2004,18785
Município,Valpaços,2005,18528
Município,Valpaços,2006,18269
Município,Valpaços,2007,18017
Município,Valpaços,2008,17740
Município,Valpaços,2009,17436
Município,Valpaços,2010,17104
Município,Valpaços,2011,16806
Município,Valpaços,2012,16557
Município,Valpaços,2013,16291
Município,Valpaços,2014,16030
Município,Valpaços,2015,15791
Município,Valpaços,2016,15561
Município,Valpaços,2017,15334
Município,Valpaços,2018,15121
Município,Valpaços,2019,14943
Município,Valpaços,2020,14816
Município,Valpaços,2022,14285
Município,Valpaços,2023,14286
Município,Valpaços,2024,14293
Município,Valpaços,2025,14273
Município,Vila Pouca de Aguiar,1982,20291
Município,Vila Pouca de Aguiar,1983,20284
Município,Vila Pouca de Aguiar,1984,20270
Município,Vila Pouca de Aguiar,1985,20158
Município,Vila Pouca de Aguiar,1986,19831
Município,Vila Pouca de Aguiar,1987,19398
Município,Vila Pouca de Aguiar,1988,18887
Município,Vila Pouca de Aguiar,1989,18312
Município,Vila Pouca de Aguiar,1990,17685
Município,Vila Pouca de Aguiar,1991,17143
Município,Vila Pouca de Aguiar,1992,16765
Município,Vila Pouca de Aguiar,1993,16457
Município,Vila Pouca de Aguiar,1994,16169
Município,Vila Pouca de Aguiar,1995,15894
Município,Vila Pouca de Aguiar,1996,15630
Município,Vila Pouca de Aguiar,1997,15419
Município,Vila Pouca de Aguiar,1998,15247
Município,Vila Pouca de Aguiar,1999,15096
Município,Vila Pouca de Aguiar,2000,14996
Município,Vila Pouca de Aguiar,2001,14929
Município,Vila Pouca de Aguiar,2002,14842
Município,Vila Pouca de Aguiar,2003,14707
Município,Vila Pouca de Aguiar,2004,14538
Município,Vila Pouca de Aguiar,2005,14366
Município,Vila Pouca de Aguiar,2006,14185
Município,Vila Pouca de Aguiar,2007,13975
Município,Vila Pouca de Aguiar,2008,13752
Município,Vila Pouca de Aguiar,2009,13540
Município,Vila Pouca de Aguiar,2010,13323
Município,Vila Pouca de Aguiar,2011,13105
Município,Vila Pouca de Aguiar,2012,12903
Município,Vila Pouca de Aguiar,2013,12717
Município,Vila Pouca de Aguiar,2014,12526
Município,Vila Pouca de Aguiar,2015,12365
Município,Vila Pouca de Aguiar,2016,12227
Município,Vila Pouca de Aguiar,2017,12092
Município,Vila Pouca de Aguiar,2018,11985
Município,Vila Pouca de Aguiar,2019,11905
Município,Vila Pouca de Aguiar,2020,11869
Município,Vila Pouca de Aguiar,2022,11629
Município,Vila Pouca de Aguiar,2023,11654
Município,Vila Pouca de Aguiar,2024,11709
Município,Vila Pouca de Aguiar,2025,11785
NUTS III,Tâmega e Sousa,1982,402439
NUTS III,Tâmega e Sousa,1983,406256
NUTS III,Tâmega e Sousa,1984,409663
NUTS III,Tâmega e Sousa,1985,412589
NUTS III,Tâmega e Sousa,1986,414148
NUTS III,Tâmega e Sousa,1987,414627
NUTS III,Tâmega e Sousa,1988,414487
NUTS III,Tâmega e Sousa,1989,413946
NUTS III,Tâmega e Sousa,1990,412988
NUTS III,Tâmega e Sousa,1991,0
NUTS III,Tâmega e Sousa,1992,0
NUTS III,Tâmega e Sousa,1993,0
NUTS III,Tâmega e Sousa,1994,0
NUTS III,Tâmega e Sousa,1995,0
NUTS III,Tâmega e Sousa,1996,0
NUTS III,Tâmega e Sousa,1997,0
NUTS III,Tâmega e Sousa,1998,0
NUTS III,Tâmega e Sousa,1999,428416
NUTS III,Tâmega e Sousa,2000,431571
NUTS III,Tâmega e Sousa,2001,434165
NUTS III,Tâmega e Sousa,2002,435776
NUTS III,Tâmega e Sousa,2003,436782
NUTS III,Tâmega e Sousa,2004,437227
NUTS III,Tâmega e Sousa,2005,437402
NUTS III,Tâmega e Sousa,2006,437501
NUTS III,Tâmega e Sousa,2007,437481
NUTS III,Tâmega e Sousa,2008,436869
NUTS III,Tâmega e Sousa,2009,435761
NUTS III,Tâmega e Sousa,2010,434262
NUTS III,Tâmega e Sousa,2011,432344
NUTS III,Tâmega e Sousa,2012,429537
NUTS III,Tâmega e Sousa,2013,425790
NUTS III,Tâmega e Sousa,2014,421946
NUTS III,Tâmega e Sousa,2015,418614
NUTS III,Tâmega e Sousa,2016,416051
NUTS III,Tâmega e Sousa,2017,413893
NUTS III,Tâmega e Sousa,2018,412039
NUTS III,Tâmega e Sousa,2019,410678
NUTS III,Tâmega e Sousa,2020,410249
NUTS III,Tâmega e Sousa,2022,406216
NUTS III,Tâmega e Sousa,2023,410284
NUTS III,Tâmega e Sousa,2024,413463
NUTS III,Tâmega e Sousa,2025,415685
Município,Amarante,1982,54912
Município,Amarante,1983,55412
Município,Amarante,1984,55891
Município,Amarante,1985,56314
Município,Amarante,1986,56565
Município,Amarante,1987,56716
Município,Amarante,1988,56780
Município,Amarante,1989,56798
Município,Amarante,1990,56760
Município,Amarante,1991,56677
Município,Amarante,1992,56695
Município,Amarante,1993,56908
Município,Amarante,1994,57217
Município,Amarante,1995,57510
Município,Amarante,1996,57819
Município,Amarante,1997,58206
Município,Amarante,1998,58588
Município,Amarante,1999,58914
Município,Amarante,2000,59292
Município,Amarante,2001,59507
Município,Amarante,2002,59478
Município,Amarante,2003,59350
Município,Amarante,2004,59099
Município,Amarante,2005,58781
Município,Amarante,2006,58435
Município,Amarante,2007,58038
Município,Amarante,2008,57590
Município,Amarante,2009,57133
Município,Amarante,2010,56615
Município,Amarante,2011,56125
Município,Amarante,2012,55651
Município,Amarante,2013,55041
Município,Amarante,2014,54428
Município,Amarante,2015,53914
Município,Amarante,2016,53473
Município,Amarante,2017,53075
Município,Amarante,2018,52720
Município,Amarante,2019,52434
Município,Amarante,2020,52334
Município,Amarante,2022,51782
Município,Amarante,2023,52228
Município,Amarante,2024,52458
Município,Amarante,2025,52595
Município,Baião,1982,24689
Município,Baião,1983,24745
Município,Baião,1984,24760
Município,Baião,1985,24734
Município,Baião,1986,24559
Município,Baião,1987,24262
Município,Baião,1988,23906
Município,Baião,1989,23487
Município,Baião,1990,22996
Município,Baião,1991,22688
Município,Baião,1992,22587
Município,Baião,1993,22518
Município,Baião,1994,22485
Município,Baião,1995,22462
Município,Baião,1996,22444
Município,Baião,1997,22426
Município,Baião,1998,22384
Município,Baião,1999,22338
Município,Baião,2000,22334
Município,Baião,2001,22275
Município,Baião,2002,22153
Município,Baião,2003,22028
Município,Baião,2004,21888
Município,Baião,2005,21734
Município,Baião,2006,21563
Município,Baião,2007,21388
Município,Baião,2008,21194
Município,Baião,2009,20970
Município,Baião,2010,20707
Município,Baião,2011,20335
Município,Baião,2012,19928
Município,Baião,2013,19591
Município,Baião,2014,19268
Município,Baião,2015,18958
Município,Baião,2016,18667
Município,Baião,2017,18379
Município,Baião,2018,18123
Município,Baião,2019,17912
Município,Baião,2020,17745
Município,Baião,2022,17137
Município,Baião,2023,17052
Município,Baião,2024,17007
Município,Baião,2025,16983
Município,Castelo de Paiva,1982,17268
Município,Castelo de Paiva,1983,17365
Município,Castelo de Paiva,1984,17467
Município,Castelo de Paiva,1985,17549
Município,Castelo de Paiva,1986,17508
Município,Castelo de Paiva,1987,17392
Município,Castelo de Paiva,1988,17231
Município,Castelo de Paiva,1989,17024
Município,Castelo de Paiva,1990,16809
Município,Castelo de Paiva,1991,16720
Município,Castelo de Paiva,1992,16771
Município,Castelo de Paiva,1993,16849
Município,Castelo de Paiva,1994,16922
Município,Castelo de Paiva,1995,17006
Município,Castelo de Paiva,1996,17072
Município,Castelo de Paiva,1997,17128
Município,Castelo de Paiva,1998,17203
Município,Castelo de Paiva,1999,17273
Município,Castelo de Paiva,2000,17332
Município,Castelo de Paiva,2001,17338
Município,Castelo de Paiva,2002,17314
Município,Castelo de Paiva,2003,17306
Município,Castelo de Paiva,2004,17278
Município,Castelo de Paiva,2005,17218
Município,Castelo de Paiva,2006,17172
Município,Castelo de Paiva,2007,17130
Município,Castelo de Paiva,2008,17056
Município,Castelo de Paiva,2009,16956
Município,Castelo de Paiva,2010,16825
Município,Castelo de Paiva,2011,16714
Município,Castelo de Paiva,2012,16580
Município,Castelo de Paiva,2013,16420
Município,Castelo de Paiva,2014,16275
Município,Castelo de Paiva,2015,16130
Município,Castelo de Paiva,2016,15991
Município,Castelo de Paiva,2017,15880
Município,Castelo de Paiva,2018,15789
Município,Castelo de Paiva,2019,15701
Município,Castelo de Paiva,2020,15631
Município,Castelo de Paiva,2022,15498
Município,Castelo de Paiva,2023,15640
Município,Castelo de Paiva,2024,15775
Município,Castelo de Paiva,2025,15841
Município,Celorico de Basto,1982,22996
Município,Celorico de Basto,1983,23122
Município,Celorico de Basto,1984,23220
Município,Celorico de Basto,1985,23293
Município,Celorico de Basto,1986,23217
Município,Celorico de Basto,1987,22987
Município,Celorico de Basto,1988,22681
Município,Celorico de Basto,1989,22339
Município,Celorico de Basto,1990,21956
Município,Celorico de Basto,1991,21630
Município,Celorico de Basto,1992,21390
Município,Celorico de Basto,1993,21173
Município,Celorico de Basto,1994,20996
Município,Celorico de Basto,1995,20872
Município,Celorico de Basto,1996,20728
Município,Celorico de Basto,1997,20594
Município,Celorico de Basto,1998,20510
Município,Celorico de Basto,1999,20459
Município,Celorico de Basto,2000,20420
Município,Celorico de Basto,2001,20439
Município,Celorico de Basto,2002,20490
Município,Celorico de Basto,2003,20493
Município,Celorico de Basto,2004,20448
Município,Celorico de Basto,2005,20390
Município,Celorico de Basto,2006,20366
Município,Celorico de Basto,2007,20353
Município,Celorico de Basto,2008,20312
Município,Celorico de Basto,2009,20258
Município,Celorico de Basto,2010,20181
Município,Celorico de Basto,2011,19995
Município,Celorico de Basto,2012,19702
Município,Celorico de Basto,2013,19378
Município,Celorico de Basto,2014,19033
Município,Celorico de Basto,2015,18714
Município,Celorico de Basto,2016,18473
Município,Celorico de Basto,2017,18233
Município,Celorico de Basto,2018,17980
Município,Celorico de Basto,2019,17792
Município,Celorico de Basto,2020,17736
Município,Celorico de Basto,2022,16228
Município,Celorico de Basto,2023,16231
Município,Celorico de Basto,2024,16269
Município,Celorico de Basto,2025,16272
Município,Cinfães,1982,25856
Município,Cinfães,1983,25938
Município,Cinfães,1984,25961
Município,Cinfães,1985,25941
Município,Cinfães,1986,25754
Município,Cinfães,1987,25425
Município,Cinfães,1988,25016
Município,Cinfães,1989,24566
Município,Cinfães,1990,24080
Município,Cinfães,1991,23666
Município,Cinfães,1992,23426
Município,Cinfães,1993,23280
Município,Cinfães,1994,23166
Município,Cinfães,1995,23062
Município,Cinfães,1996,22940
Município,Cinfães,1997,22816
Município,Cinfães,1998,22691
Município,Cinfães,1999,22565
Município,Cinfães,2000,22459
Município,Cinfães,2001,22353
Município,Cinfães,2002,22224
Município,Cinfães,2003,22062
Município,Cinfães,2004,21870
Município,Cinfães,2005,21681
Município,Cinfães,2006,21493
Município,Cinfães,2007,21312
Município,Cinfães,2008,21106
Município,Cinfães,2009,20861
Município,Cinfães,2010,20601
Município,Cinfães,2011,20302
Município,Cinfães,2012,19995
Município,Cinfães,2013,19697
Município,Cinfães,2014,19381
Município,Cinfães,2015,19073
Município,Cinfães,2016,18812
Município,Cinfães,2017,18560
Município,Cinfães,2018,18315
Município,Cinfães,2019,18090
Município,Cinfães,2020,17908
Município,Cinfães,2022,17395
Município,Cinfães,2023,17552
Município,Cinfães,2024,17586
Município,Cinfães,2025,17516
Município,Felgueiras,1982,48940
Município,Felgueiras,1983,49549
Município,Felgueiras,1984,50100
Município,Felgueiras,1985,50595
Município,Felgueiras,1986,50913
Município,Felgueiras,1987,51128
Município,Felgueiras,1988,51362
Município,Felgueiras,1989,51530
Município,Felgueiras,1990,51637
Município,Felgueiras,1991,51644
Município,Felgueiras,1992,51830
Município,Felgueiras,1993,52380
Município,Felgueiras,1994,52990
Município,Felgueiras,1995,53580
Município,Felgueiras,1996,54155
Município,Felgueiras,1997,54780
Município,Felgueiras,1998,55574
Município,Felgueiras,1999,56385
Município,Felgueiras,2000,57100
Município,Felgueiras,2001,57641
Município,Felgueiras,2002,57954
Município,Felgueiras,2003,58167
Município,Felgueiras,2004,58291
Município,Felgueiras,2005,58395
Município,Felgueiras,2006,58485
Município,Felgueiras,2007,58536
Município,Felgueiras,2008,58497
Município,Felgueiras,2009,58395
Município,Felgueiras,2010,58231
Município,Felgueiras,2011,58049
Município,Felgueiras,2012,57807
Município,Felgueiras,2013,57451
Município,Felgueiras,2014,57074
Município,Felgueiras,2015,56748
Município,Felgueiras,2016,56548
Município,Felgueiras,2017,56416
Município,Felgueiras,2018,56307
Município,Felgueiras,2019,56233
Município,Felgueiras,2020,56127
Município,Felgueiras,2022,56109
Município,Felgueiras,2023,56720
Município,Felgueiras,2024,57167
Município,Felgueiras,2025,57360
Município,Lousada,1982,38609
Município,Lousada,1983,39165
Município,Lousada,1984,39702
Município,Lousada,1985,40206
Município,Lousada,1986,40695
Município,Lousada,1987,41186
Município,Lousada,1988,41680
Município,Lousada,1989,42175
Município,Lousada,1990,42636
Município,Lousada,1991,42837
Município,Lousada,1992,43055
Município,Lousada,1993,43615
Município,Lousada,1994,44200
Município,Lousada,1995,44715
Município,Lousada,1996,45275
Município,Lousada,1997,45860
Município,Lousada,1998,44699
Município,Lousada,1999,43575
Município,Lousada,2000,44253
Município,Lousada,2001,44845
Município,Lousada,2002,45289
Município,Lousada,2003,45648
Município,Lousada,2004,45959
Município,Lousada,2005,46262
Município,Lousada,2006,46566
Município,Lousada,2007,46865
Município,Lousada,2008,47084
Município,Lousada,2009,47257
Município,Lousada,2010,47381
Município,Lousada,2011,47465
Município,Lousada,2012,47431
Município,Lousada,2013,47235
Município,Lousada,2014,47044
Município,Lousada,2015,46918
Município,Lousada,2016,46869
Município,Lousada,2017,46908
Município,Lousada,2018,46994
Município,Lousada,2019,47118
Município,Lousada,2020,47363
Município,Lousada,2022,47952
Município,Lousada,2023,48768
Município,Lousada,2024,49425
Município,Lousada,2025,50100
Município,Marco de Canaveses,1982,46920
Município,Marco de Canaveses,1983,47409
Município,Marco de Canaveses,1984,47860
Município,Marco de Canaveses,1985,48227
Município,Marco de Canaveses,1986,48485
Município,Marco de Canaveses,1987,48632
Município,Marco de Canaveses,1988,48679
Município,Marco de Canaveses,1989,48690
Município,Marco de Canaveses,1990,48651
Município,Marco de Canaveses,1991,48695
Município,Marco de Canaveses,1992,48875
Município,Marco de Canaveses,1993,49191
Município,Marco de Canaveses,1994,49604
Município,Marco de Canaveses,1995,49979
Município,Marco de Canaveses,1996,50341
Município,Marco de Canaveses,1997,50734
Município,Marco de Canaveses,1998,51160
Município,Marco de Canaveses,1999,51594
Município,Marco de Canaveses,2000,52041
Município,Marco de Canaveses,2001,52460
Município,Marco de Canaveses,2002,52798
Município,Marco de Canaveses,2003,53059
Município,Marco de Canaveses,2004,53224
Município,Marco de Canaveses,2005,53338
Município,Marco de Canaveses,2006,53463
Município,Marco de Canaveses,2007,53609
Município,Marco de Canaveses,2008,53659
Município,Marco de Canaveses,2009,53624
Município,Marco de Canaveses,2010,53559
Município,Marco de Canaveses,2011,53342
Município,Marco de Canaveses,2012,52897
Município,Marco de Canaveses,2013,52303
Município,Marco de Canaveses,2014,51698
Município,Marco de Canaveses,2015,51154
Município,Marco de Canaveses,2016,50688
Município,Marco de Canaveses,2017,50294
Município,Marco de Canaveses,2018,49937
Município,Marco de Canaveses,2019,49659
Município,Marco de Canaveses,2020,49640
Município,Marco de Canaveses,2022,49169
Município,Marco de Canaveses,2023,49796
Município,Marco de Canaveses,2024,50374
Município,Marco de Canaveses,2025,50723
Município,Paços de Ferreira,1982,41433
Município,Paços de Ferreira,1983,41968
Município,Paços de Ferreira,1984,42439
Município,Paços de Ferreira,1985,42898
Município,Paços de Ferreira,1986,43269
Município,Paços de Ferreira,1987,43575
Município,Paços de Ferreira,1988,43868
Município,Paços de Ferreira,1989,44176
Município,Paços de Ferreira,1990,44453
Município,Paços de Ferreira,1991,44914
Município,Paços de Ferreira,1992,45646
Município,Paços de Ferreira,1993,46481
Município,Paços de Ferreira,1994,47378
Município,Paços de Ferreira,1995,48248
Município,Paços de Ferreira,1996,49082
Município,Paços de Ferreira,1997,49920
Município,Paços de Ferreira,1998,50761
Município,Paços de Ferreira,1999,51583
Município,Paços de Ferreira,2000,52421
Município,Paços de Ferreira,2001,53137
Município,Paços de Ferreira,2002,53676
Município,Paços de Ferreira,2003,54146
Município,Paços de Ferreira,2004,54544
Município,Paços de Ferreira,2005,54919
Município,Paços de Ferreira,2006,55295
Município,Paços de Ferreira,2007,55630
Município,Paços de Ferreira,2008,55903
Município,Paços de Ferreira,2009,56109
Município,Paços de Ferreira,2010,56273
Município,Paços de Ferreira,2011,56449
Município,Paços de Ferreira,2012,56457
Município,Paços de Ferreira,2013,56234
Município,Paços de Ferreira,2014,55993
Município,Paços de Ferreira,2015,55825
Município,Paços de Ferreira,2016,55742
Município,Paços de Ferreira,2017,55684
Município,Paços de Ferreira,2018,55666
Município,Paços de Ferreira,2019,55723
Município,Paços de Ferreira,2020,55793
Município,Paços de Ferreira,2022,55488
Município,Paços de Ferreira,2023,56180
Município,Paços de Ferreira,2024,56736
Município,Paços de Ferreira,2025,57248
Município,Penafiel,1982,65355
Município,Penafiel,1983,66135
Município,Penafiel,1984,66845
Município,Penafiel,1985,67468
Município,Penafiel,1986,67982
Município,Penafiel,1987,68359
Município,Penafiel,1988,68604
Município,Penafiel,1989,68789
Município,Penafiel,1990,68964
Município,Penafiel,1991,69132
Município,Penafiel,1992,69306
Município,Penafiel,1993,69555
Município,Penafiel,1994,69817
Município,Penafiel,1995,70066
Município,Penafiel,1996,70332
Município,Penafiel,1997,70614
Município,Penafiel,1998,70941
Município,Penafiel,1999,71262
Município,Penafiel,2000,71539
Município,Penafiel,2001,71828
Município,Penafiel,2002,72103
Município,Penafiel,2003,72323
Município,Penafiel,2004,72529
Município,Penafiel,2005,72684
Município,Penafiel,2006,72761
Município,Penafiel,2007,72805
Município,Penafiel,2008,72752
Município,Penafiel,2009,72602
Município,Penafiel,2010,72425
Município,Penafiel,2011,72253
Município,Penafiel,2012,71942
Município,Penafiel,2013,71459
Município,Penafiel,2014,70940
Município,Penafiel,2015,70520
Município,Penafiel,2016,70236
Município,Penafiel,2017,70013
Município,Penafiel,2018,69875
Município,Penafiel,2019,69802
Município,Penafiel,2020,69846
Município,Penafiel,2022,69670
Município,Penafiel,2023,70430
Município,Penafiel,2024,71060
Município,Penafiel,2025,71495
Município,Resende,1982,15462
Município,Resende,1983,15449
Município,Resende,1984,15420
Município,Resende,1985,15365
Município,Resende,1986,15204
Município,Resende,1987,14966
Município,Resende,1988,14681
Município,Resende,1989,14373
Município,Resende,1990,14048
Município,Resende,1991,13749
Município,Resende,1992,13538
Município,Resende,1993,13344
Município,Resende,1994,13146
Município,Resende,1995,12994
Município,Resende,1996,12850
Município,Resende,1997,12703
Município,Resende,1998,12576
Município,Resende,1999,12472
Município,Resende,2000,12381
Município,Resende,2001,12344
Município,Resende,2002,12299
Município,Resende,2003,12203
Município,Resende,2004,12100
Município,Resende,2005,12003
Município,Resende,2006,11905
Município,Resende,2007,11817
Município,Resende,2008,11720
Município,Resende,2009,11598
Município,Resende,2010,11467
Município,Resende,2011,11318
Município,Resende,2012,11151
Município,Resende,2013,10984
Município,Resende,2014,10814
Município,Resende,2015,10662
Município,Resende,2016,10554
Município,Resende,2017,10454
Município,Resende,2018,10335
Município,Resende,2019,10217
Município,Resende,2020,10130
Município,Resende,2022,9792
Município,Resende,2023,9690
Município,Resende,2024,9608
Município,Resende,2025,9555
NUTS III,Douro,1982,262249
NUTS III,Douro,1983,262669
NUTS III,Douro,1984,262731
NUTS III,Douro,1985,262024
NUTS III,Douro,1986,259749
NUTS III,Douro,1987,256315
NUTS III,Douro,1988,252258
NUTS III,Douro,1989,247898
NUTS III,Douro,1990,243108
NUTS III,Douro,1991,238664
NUTS III,Douro,1992,235413
NUTS III,Douro,1993,232813
NUTS III,Douro,1994,230359
NUTS III,Douro,1995,228212
NUTS III,Douro,1996,226226
NUTS III,Douro,1997,224465
NUTS III,Douro,1998,222979
NUTS III,Douro,1999,221655
NUTS III,Douro,2000,220688
NUTS III,Douro,2001,220135
NUTS III,Douro,2002,219453
NUTS III,Douro,2003,218376
NUTS III,Douro,2004,217020
NUTS III,Douro,2005,215421
NUTS III,Douro,2006,213852
NUTS III,Douro,2007,212381
NUTS III,Douro,2008,210563
NUTS III,Douro,2009,208616
NUTS III,Douro,2010,206641
NUTS III,Douro,2011,204138
NUTS III,Douro,2012,201302
NUTS III,Douro,2013,198522
NUTS III,Douro,2014,195788
NUTS III,Douro,2015,193333
NUTS III,Douro,2016,191130
NUTS III,Douro,2017,189159
NUTS III,Douro,2018,187420
NUTS III,Douro,2019,185988
NUTS III,Douro,2020,185068
NUTS III,Douro,2022,180992
NUTS III,Douro,2023,182456
NUTS III,Douro,2024,183853
NUTS III,Douro,2025,184268
Município,Alijó,1982,18976
Município,Alijó,1983,18979
Município,Alijó,1984,18954
Município,Alijó,1985,18854
Município,Alijó,1986,18596
Município,Alijó,1987,18232
Município,Alijó,1988,17816
Município,Alijó,1989,17361
Município,Alijó,1990,16855
Município,Alijó,1991,16393
Município,Alijó,1992,16042
Município,Alijó,1993,15766
Município,Alijó,1994,15506
Município,Alijó,1995,15277
Município,Alijó,1996,15066
Município,Alijó,1997,14862
Município,Alijó,1998,14685
Município,Alijó,1999,14530
Município,Alijó,2000,14388
Município,Alijó,2001,14219
Município,Alijó,2002,14007
Município,Alijó,2003,13787
Município,Alijó,2004,13562
Município,Alijó,2005,13322
Município,Alijó,2006,13086
Município,Alijó,2007,12865
Município,Alijó,2008,12622
Município,Alijó,2009,12369
Município,Alijó,2010,12103
Município,Alijó,2011,11806
Município,Alijó,2012,11571
Município,Alijó,2013,11421
Município,Alijó,2014,11259
Município,Alijó,2015,11112
Município,Alijó,2016,10993
Município,Alijó,2017,10875
Município,Alijó,2018,10765
Município,Alijó,2019,10650
Município,Alijó,2020,10569
Município,Alijó,2022,10266
Município,Alijó,2023,10185
Município,Alijó,2024,10160
Município,Alijó,2025,10128
Município,Armamar,1982,9443
Município,Armamar,1983,9439
Município,Armamar,1984,9442
Município,Armamar,1985,9408
Município,Armamar,1986,9330
Município,Armamar,1987,9246
Município,Armamar,1988,9144
Município,Armamar,1989,9019
Município,Armamar,1990,8874
Município,Armamar,1991,8696
Município,Armamar,1992,8508
Município,Armamar,1993,8353
Município,Armamar,1994,8216
Município,Armamar,1995,8068
Município,Armamar,1996,7915
Município,Armamar,1997,7792
Município,Armamar,1998,7683
Município,Armamar,1999,7581
Município,Armamar,2000,7509
Município,Armamar,2001,7438
Município,Armamar,2002,7356
Município,Armamar,2003,7255
Município,Armamar,2004,7134
Município,Armamar,2005,7016
Município,Armamar,2006,6905
Município,Armamar,2007,6794
Município,Armamar,2008,6667
Município,Armamar,2009,6536
Município,Armamar,2010,6399
Município,Armamar,2011,6285
Município,Armamar,2012,6186
Município,Armamar,2013,6086
Município,Armamar,2014,6012
Município,Armamar,2015,5943
Município,Armamar,2016,5878
Município,Armamar,2017,5830
Município,Armamar,2018,5785
Município,Armamar,2019,5743
Município,Armamar,2020,5733
Município,Armamar,2022,5352
Município,Armamar,2023,5406
Município,Armamar,2024,5486
Município,Armamar,2025,5529
Município,Carrazeda de Ansiães,1982,11463
Município,Carrazeda de Ansiães,1983,11412
Município,Carrazeda de Ansiães,1984,11340
Município,Carrazeda de Ansiães,1985,11225
Município,Carrazeda de Ansiães,1986,10984
Município,Carrazeda de Ansiães,1987,10666
Município,Carrazeda de Ansiães,1988,10325
Município,Carrazeda de Ansiães,1989,9973
Município,Carrazeda de Ansiães,1990,9606
Município,Carrazeda de Ansiães,1991,9278
Município,Carrazeda de Ansiães,1992,9048
Município,Carrazeda de Ansiães,1993,8858
Município,Carrazeda de Ansiães,1994,8662
Município,Carrazeda de Ansiães,1995,8488
Município,Carrazeda de Ansiães,1996,8319
Município,Carrazeda de Ansiães,1997,8144
Município,Carrazeda de Ansiães,1998,7986
Município,Carrazeda de Ansiães,1999,7844
Município,Carrazeda de Ansiães,2000,7707
Município,Carrazeda de Ansiães,2001,7603
Município,Carrazeda de Ansiães,2002,7514
Município,Carrazeda de Ansiães,2003,7398
Município,Carrazeda de Ansiães,2004,7269
Município,Carrazeda de Ansiães,2005,7154
Município,Carrazeda de Ansiães,2006,7044
Município,Carrazeda de Ansiães,2007,6919
Município,Carrazeda de Ansiães,2008,6770
Município,Carrazeda de Ansiães,2009,6619
Município,Carrazeda de Ansiães,2010,6470
Município,Carrazeda de Ansiães,2011,6251
Município,Carrazeda de Ansiães,2012,6061
Município,Carrazeda de Ansiães,2013,5974
Município,Carrazeda de Ansiães,2014,5902
Município,Carrazeda de Ansiães,2015,5834
Município,Carrazeda de Ansiães,2016,5771
Município,Carrazeda de Ansiães,2017,5706
Município,Carrazeda de Ansiães,2018,5648
Município,Carrazeda de Ansiães,2019,5611
Município,Carrazeda de Ansiães,2020,5558
Município,Carrazeda de Ansiães,2022,5300
Município,Carrazeda de Ansiães,2023,5305
Município,Carrazeda de Ansiães,2024,5295
Município,Carrazeda de Ansiães,2025,5256
Município,Freixo de Espada à Cinta,1982,5714
Município,Freixo de Espada à Cinta,1983,5691
Município,Freixo de Espada à Cinta,1984,5678
Município,Freixo de Espada à Cinta,1985,5637
Município,Freixo de Espada à Cinta,1986,5552
Município,Freixo de Espada à Cinta,1987,5448
Município,Freixo de Espada à Cinta,1988,5336
Município,Freixo de Espada à Cinta,1989,5213
Município,Freixo de Espada à Cinta,1990,5070
Município,Freixo de Espada à Cinta,1991,4933
Município,Freixo de Espada à Cinta,1992,4828
Município,Freixo de Espada à Cinta,1993,4743
Município,Freixo de Espada à Cinta,1994,4658
Município,Freixo de Espada à Cinta,1995,4573
Município,Freixo de Espada à Cinta,1996,4482
Município,Freixo de Espada à Cinta,1997,4399
Município,Freixo de Espada à Cinta,1998,4337
Município,Freixo de Espada à Cinta,1999,4275
Município,Freixo de Espada à Cinta,2000,4216
Município,Freixo de Espada à Cinta,2001,4174
Município,Freixo de Espada à Cinta,2002,4149
Município,Freixo de Espada à Cinta,2003,4119
Município,Freixo de Espada à Cinta,2004,4077
Município,Freixo de Espada à Cinta,2005,4027
Município,Freixo de Espada à Cinta,2006,3986
Município,Freixo de Espada à Cinta,2007,3957
Município,Freixo de Espada à Cinta,2008,3913
Município,Freixo de Espada à Cinta,2009,3865
Município,Freixo de Espada à Cinta,2010,3819
Município,Freixo de Espada à Cinta,2011,3806
Município,Freixo de Espada à Cinta,2012,3785
Município,Freixo de Espada à Cinta,2013,3718
Município,Freixo de Espada à Cinta,2014,3652
Município,Freixo de Espada à Cinta,2015,3584
Município,Freixo de Espada à Cinta,2016,3512
Município,Freixo de Espada à Cinta,2017,3448
Município,Freixo de Espada à Cinta,2018,3397
Município,Freixo de Espada à Cinta,2019,3364
Município,Freixo de Espada à Cinta,2020,3324
Município,Freixo de Espada à Cinta,2022,3104
Município,Freixo de Espada à Cinta,2023,3056
Município,Freixo de Espada à Cinta,2024,3011
Município,Freixo de Espada à Cinta,2025,2971
Município,Lamego,1982,33206
Município,Lamego,1983,33306
Município,Lamego,1984,33358
Município,Lamego,1985,33322
Município,Lamego,1986,33062
Município,Lamego,1987,32628
Município,Lamego,1988,32097
Município,Lamego,1989,31523
Município,Lamego,1990,30909
Município,Lamego,1991,30369
Município,Lamego,1992,30006
Município,Lamego,1993,29720
Município,Lamego,1994,29443
Município,Lamego,1995,29195
Município,Lamego,1996,28940
Município,Lamego,1997,28699
Município,Lamego,1998,28498
Município,Lamego,1999,28291
Município,Lamego,2000,28115
Município,Lamego,2001,28063
Município,Lamego,2002,28040
Município,Lamego,2003,27948
Município,Lamego,2004,27833
Município,Lamego,2005,27699
Município,Lamego,2006,27556
Município,Lamego,2007,27428
Município,Lamego,2008,27273
Município,Lamego,2009,27089
Município,Lamego,2010,26872
Município,Lamego,2011,26650
Município,Lamego,2012,26409
Município,Lamego,2013,26108
Município,Lamego,2014,25799
Município,Lamego,2015,25506
Município,Lamego,2016,25230
Município,Lamego,2017,25001
Município,Lamego,2018,24810
Município,Lamego,2019,24639
Município,Lamego,2020,24503
Município,Lamego,2022,24164
Município,Lamego,2023,24374
Município,Lamego,2024,24663
Município,Lamego,2025,24790
Município,Mesão Frio,1982,6382
Município,Mesão Frio,1983,6403
Município,Mesão Frio,1984,6414
Município,Mesão Frio,1985,6379
Município,Mesão Frio,1986,6296
Município,Mesão Frio,1987,6175
Município,Mesão Frio,1988,6016
Município,Mesão Frio,1989,5858
Município,Mesão Frio,1990,5694
Município,Mesão Frio,1991,5553
Município,Mesão Frio,1992,5463
Município,Mesão Frio,1993,5400
Município,Mesão Frio,1994,5331
Município,Mesão Frio,1995,5262
Município,Mesão Frio,1996,5200
Município,Mesão Frio,1997,5131
Município,Mesão Frio,1998,5057
Município,Mesão Frio,1999,4992
Município,Mesão Frio,2000,4943
Município,Mesão Frio,2001,4906
Município,Mesão Frio,2002,4865
Município,Mesão Frio,2003,4834
Município,Mesão Frio,2004,4801
Município,Mesão Frio,2005,4753
Município,Mesão Frio,2006,4713
Município,Mesão Frio,2007,4667
Município,Mesão Frio,2008,4609
Município,Mesão Frio,2009,4550
Município,Mesão Frio,2010,4482
Município,Mesão Frio,2011,4412
Município,Mesão Frio,2012,4327
Município,Mesão Frio,2013,4218
Município,Mesão Frio,2014,4106
Município,Mesão Frio,2015,3999
Município,Mesão Frio,2016,3901
Município,Mesão Frio,2017,3805
Município,Mesão Frio,2018,3713
Município,Mesão Frio,2019,3624
Município,Mesão Frio,2020,3567
Município,Mesão Frio,2022,3526
Município,Mesão Frio,2023,3476
Município,Mesão Frio,2024,3439
Município,Mesão Frio,2025,3402
Município,Moimenta da Beira,1982,12900
Município,Moimenta da Beira,1983,12947
Município,Moimenta da Beira,1984,12987
Município,Moimenta da Beira,1985,12994
Município,Moimenta da Beira,1986,12955
Município,Moimenta da Beira,1987,12879
Município,Moimenta da Beira,1988,12773
Município,Moimenta da Beira,1989,12670
Município,Moimenta da Beira,1990,12549
Município,Moimenta da Beira,1991,12359
Município,Moimenta da Beira,1992,12151
Município,Moimenta da Beira,1993,11953
Município,Moimenta da Beira,1994,11765
Município,Moimenta da Beira,1995,11618
Município,Moimenta da Beira,1996,11481
Município,Moimenta da Beira,1997,11352
Município,Moimenta da Beira,1998,11244
Município,Moimenta da Beira,1999,11152
Município,Moimenta da Beira,2000,11077
Município,Moimenta da Beira,2001,11031
Município,Moimenta da Beira,2002,10992
Município,Moimenta da Beira,2003,10937
Município,Moimenta da Beira,2004,10863
Município,Moimenta da Beira,2005,10773
Município,Moimenta da Beira,2006,10685
Município,Moimenta da Beira,2007,10595
Município,Moimenta da Beira,2008,10490
Município,Moimenta da Beira,2009,10384
Município,Moimenta da Beira,2010,10272
Município,Moimenta da Beira,2011,10163
Município,Moimenta da Beira,2012,10042
Município,Moimenta da Beira,2013,9902
Município,Moimenta da Beira,2014,9767
Município,Moimenta da Beira,2015,9652
Município,Moimenta da Beira,2016,9555
Município,Moimenta da Beira,2017,9483
Município,Moimenta da Beira,2018,9430
Município,Moimenta da Beira,2019,9386
Município,Moimenta da Beira,2020,9415
Município,Moimenta da Beira,2022,9342
Município,Moimenta da Beira,2023,9540
Município,Moimenta da Beira,2024,9693
Município,Moimenta da Beira,2025,9820
Município,Murça,1982,8657
Município,Murça,1983,8668
Município,Murça,1984,8652
Município,Murça,1985,8598
Município,Murça,1986,8472
Município,Murça,1987,8312
Município,Murça,1988,8117
Município,Murça,1989,7885
Município,Murça,1990,7629
Município,Murça,1991,7421
Município,Murça,1992,7304
Município,Murça,1993,7209
Município,Murça,1994,7114
Município,Murça,1995,7025
Município,Murça,1996,6956
Município,Murça,1997,6911
Município,Murça,1998,6853
Município,Murça,1999,6806
Município,Murça,2000,6777
Município,Murça,2001,6719
Município,Murça,2002,6660
Município,Murça,2003,6604
Município,Murça,2004,6524
Município,Murça,2005,6445
Município,Murça,2006,6365
Município,Murça,2007,6279
Município,Murça,2008,6186
Município,Murça,2009,6091
Município,Murça,2010,6004
Município,Murça,2011,5926
Município,Murça,2012,5846
Município,Murça,2013,5752
Município,Murça,2014,5666
Município,Murça,2015,5587
Município,Murça,2016,5514
Município,Murça,2017,5463
Município,Murça,2018,5417
Município,Murça,2019,5367
Município,Murça,2020,5311
Município,Murça,2022,5232
Município,Murça,2023,5211
Município,Murça,2024,5166
Município,Murça,2025,5116
Município,Penedono,1982,4206
Município,Penedono,1983,4191
Município,Penedono,1984,4168
Município,Penedono,1985,4153
Município,Penedono,1986,4115
Município,Penedono,1987,4053
Município,Penedono,1988,3979
Município,Penedono,1989,3903
Município,Penedono,1990,3822
Município,Penedono,1991,3753
Município,Penedono,1992,3699
Município,Penedono,1993,3646
Município,Penedono,1994,3606
Município,Penedono,1995,3563
Município,Penedono,1996,3529
Município,Penedono,1997,3509
Município,Penedono,1998,3490
Município,Penedono,1999,3473
Município,Penedono,2000,3453
Município,Penedono,2001,3434
Município,Penedono,2002,3403
Município,Penedono,2003,3360
Município,Penedono,2004,3308
Município,Penedono,2005,3255
Município,Penedono,2006,3208
Município,Penedono,2007,3161
Município,Penedono,2008,3106
Município,Penedono,2009,3052
Município,Penedono,2010,2995
Município,Penedono,2011,2962
Município,Penedono,2012,2946
Município,Penedono,2013,2913
Município,Penedono,2014,2874
Município,Penedono,2015,2845
Município,Penedono,2016,2824
Município,Penedono,2017,2796
Município,Penedono,2018,2775
Município,Penedono,2019,2768
Município,Penedono,2020,2774
Município,Penedono,2022,2456
Município,Penedono,2023,2459
Município,Penedono,2024,2482
Município,Penedono,2025,2499
Município,Peso da Régua,1982,22672
Município,Peso da Régua,1983,22785
Município,Peso da Régua,1984,22873
Município,Peso da Régua,1985,22924
Município,Peso da Régua,1986,22865
Município,Peso da Régua,1987,22681
Município,Peso da Régua,1988,22441
Município,Peso da Régua,1989,22200
Município,Peso da Régua,1990,21958
Município,Peso da Régua,1991,21655
Município,Peso da Régua,1992,21325
Município,Peso da Régua,1993,21001
Município,Peso da Régua,1994,20649
Município,Peso da Régua,1995,20306
Município,Peso da Régua,1996,19975
Município,Peso da Régua,1997,19673
Município,Peso da Régua,1998,19416
Município,Peso da Régua,1999,19162
Município,Peso da Régua,2000,18922
Município,Peso da Régua,2001,18759
Município,Peso da Régua,2002,18645
Município,Peso da Régua,2003,18538
Município,Peso da Régua,2004,18406
Município,Peso da Régua,2005,18229
Município,Peso da Régua,2006,18047
Município,Peso da Régua,2007,17889
Município,Peso da Régua,2008,17708
Município,Peso da Régua,2009,17485
Município,Peso da Régua,2010,17263
Município,Peso da Régua,2011,17044
Município,Peso da Régua,2012,16764
Município,Peso da Régua,2013,16451
Município,Peso da Régua,2014,16148
Município,Peso da Régua,2015,15855
Município,Peso da Régua,2016,15576
Município,Peso da Régua,2017,15320
Município,Peso da Régua,2018,15092
Município,Peso da Régua,2019,14875
Município,Peso da Régua,2020,14701
Município,Peso da Régua,2022,14635
Município,Peso da Régua,2023,14629
Município,Peso da Régua,2024,14588
Município,Peso da Régua,2025,14479
Município,Sabrosa,1982,9092
Município,Sabrosa,1983,9066
Município,Sabrosa,1984,9019
Município,Sabrosa,1985,8953
Município,Sabrosa,1986,8814
Município,Sabrosa,1987,8592
Município,Sabrosa,1988,8334
Município,Sabrosa,1989,8064
Município,Sabrosa,1990,7763
Município,Sabrosa,1991,7538
Município,Sabrosa,1992,7418
Município,Sabrosa,1993,7334
Município,Sabrosa,1994,7270
Município,Sabrosa,1995,7221
Município,Sabrosa,1996,7177
Município,Sabrosa,1997,7141
Município,Sabrosa,1998,7095
Município,Sabrosa,1999,7055
Município,Sabrosa,2000,7033
Município,Sabrosa,2001,7017
Município,Sabrosa,2002,6982
Município,Sabrosa,2003,6920
Município,Sabrosa,2004,6852
Município,Sabrosa,2005,6778
Município,Sabrosa,2006,6708
Município,Sabrosa,2007,6645
Município,Sabrosa,2008,6574
Município,Sabrosa,2009,6498
Município,Sabrosa,2010,6418
Município,Sabrosa,2011,6302
Município,Sabrosa,2012,6172
Município,Sabrosa,2013,6061
Município,Sabrosa,2014,5954
Município,Sabrosa,2015,5859
Município,Sabrosa,2016,5768
Município,Sabrosa,2017,5692
Município,Sabrosa,2018,5625
Município,Sabrosa,2019,5564
Município,Sabrosa,2020,5552
Município,Sabrosa,2022,5521
Município,Sabrosa,2023,5532
Município,Sabrosa,2024,5526
Município,Sabrosa,2025,5550
Município,Santa Marta de Penaguião,1982,11235
Município,Santa Marta de Penaguião,1983,11218
Município,Santa Marta de Penaguião,1984,11204
Município,Santa Marta de Penaguião,1985,11141
Município,Santa Marta de Penaguião,1986,10986
Município,Santa Marta de Penaguião,1987,10763
Município,Santa Marta de Penaguião,1988,10514
Município,Santa Marta de Penaguião,1989,10261
Município,Santa Marta de Penaguião,1990,9985
Município,Santa Marta de Penaguião,1991,9755
Município,Santa Marta de Penaguião,1992,9589
Município,Santa Marta de Penaguião,1993,9441
Município,Santa Marta de Penaguião,1994,9310
Município,Santa Marta de Penaguião,1995,9181
Município,Santa Marta de Penaguião,1996,9044
Município,Santa Marta de Penaguião,1997,8923
Município,Santa Marta de Penaguião,1998,8809
Município,Santa Marta de Penaguião,1999,8703
Município,Santa Marta de Penaguião,2000,8609
Município,Santa Marta de Penaguião,2001,8529
Município,Santa Marta de Penaguião,2002,8459
Município,Santa Marta de Penaguião,2003,8365
Município,Santa Marta de Penaguião,2004,8244
Município,Santa Marta de Penaguião,2005,8113
Município,Santa Marta de Penaguião,2006,7978
Município,Santa Marta de Penaguião,2007,7851
Município,Santa Marta de Penaguião,2008,7710
Município,Santa Marta de Penaguião,2009,7567
Município,Santa Marta de Penaguião,2010,7435
Município,Santa Marta de Penaguião,2011,7272
Município,Santa Marta de Penaguião,2012,7096
Município,Santa Marta de Penaguião,2013,6956
Município,Santa Marta de Penaguião,2014,6823
Município,Santa Marta de Penaguião,2015,6692
Município,Santa Marta de Penaguião,2016,6571
Município,Santa Marta de Penaguião,2017,6459
Município,Santa Marta de Penaguião,2018,6350
Município,Santa Marta de Penaguião,2019,6230
Município,Santa Marta de Penaguião,2020,6139
Município,Santa Marta de Penaguião,2022,6218
Município,Santa Marta de Penaguião,2023,6163
Município,Santa Marta de Penaguião,2024,6132
Município,Santa Marta de Penaguião,2025,6083
Município,São João da Pesqueira,1982,10310
Município,São João da Pesqueira,1983,10343
Município,São João da Pesqueira,1984,10365
Município,São João da Pesqueira,1985,10354
Município,São João da Pesqueira,1986,10272
Município,São João da Pesqueira,1987,10165
Município,São João da Pesqueira,1988,10051
Município,São João da Pesqueira,1989,9925
Município,São João da Pesqueira,1990,9782
Município,São João da Pesqueira,1991,9629
Município,São João da Pesqueira,1992,9504
Município,São João da Pesqueira,1993,9387
Município,São João da Pesqueira,1994,9258
Município,São João da Pesqueira,1995,9138
Município,São João da Pesqueira,1996,9016
Município,São João da Pesqueira,1997,8899
Município,São João da Pesqueira,1998,8814
Município,São João da Pesqueira,1999,8740
Município,São João da Pesqueira,2000,8665
Município,São João da Pesqueira,2001,8622
Município,São João da Pesqueira,2002,8574
Município,São João da Pesqueira,2003,8505
Município,São João da Pesqueira,2004,8440
Município,São João da Pesqueira,2005,8360
Município,São João da Pesqueira,2006,8283
Município,São João da Pesqueira,2007,8221
Município,São João da Pesqueira,2008,8134
Município,São João da Pesqueira,2009,8040
Município,São João da Pesqueira,2010,7953
Município,São João da Pesqueira,2011,7820
Município,São João da Pesqueira,2012,7665
Município,São João da Pesqueira,2013,7530
Município,São João da Pesqueira,2014,7413
Município,São João da Pesqueira,2015,7305
Município,São João da Pesqueira,2016,7196
Município,São João da Pesqueira,2017,7096
Município,São João da Pesqueira,2018,7009
Município,São João da Pesqueira,2019,6928
Município,São João da Pesqueira,2020,6871
Município,São João da Pesqueira,2022,6535
Município,São João da Pesqueira,2023,6549
Município,São João da Pesqueira,2024,6545
Município,São João da Pesqueira,2025,6495
Município,Sernancelhe,1982,7548
Município,Sernancelhe,1983,7571
Município,Sernancelhe,1984,7590
Município,Sernancelhe,1985,7581
Município,Sernancelhe,1986,7538
Município,Sernancelhe,1987,7467
Município,Sernancelhe,1988,7381
Município,Sernancelhe,1989,7291
Município,Sernancelhe,1990,7187
Município,Sernancelhe,1991,7040
Município,Sernancelhe,1992,6893
Município,Sernancelhe,1993,6775
Município,Sernancelhe,1994,6658
Município,Sernancelhe,1995,6570
Município,Sernancelhe,1996,6489
Município,Sernancelhe,1997,6408
Município,Sernancelhe,1998,6342
Município,Sernancelhe,1999,6277
Município,Sernancelhe,2000,6232
Município,Sernancelhe,2001,6211
Município,Sernancelhe,2002,6187
Município,Sernancelhe,2003,6141
Município,Sernancelhe,2004,6077
Município,Sernancelhe,2005,6018
Município,Sernancelhe,2006,5964
Município,Sernancelhe,2007,5906
Município,Sernancelhe,2008,5841
Município,Sernancelhe,2009,5778
Município,Sernancelhe,2010,5716
Município,Sernancelhe,2011,5692
Município,Sernancelhe,2012,5681
Município,Sernancelhe,2013,5634
Município,Sernancelhe,2014,5587
Município,Sernancelhe,2015,5554
Município,Sernancelhe,2016,5528
Município,Sernancelhe,2017,5506
Município,Sernancelhe,2018,5511
Município,Sernancelhe,2019,5571
Município,Sernancelhe,2020,5637
Município,Sernancelhe,2022,4778
Município,Sernancelhe,2023,4842
Município,Sernancelhe,2024,4931
Município,Sernancelhe,2025,4969
Município,Tabuaço,1982,8623
Município,Tabuaço,1983,8653
Município,Tabuaço,1984,8669
Município,Tabuaço,1985,8660
Município,Tabuaço,1986,8599
Município,Tabuaço,1987,8497
Município,Tabuaço,1988,8365
Município,Tabuaço,1989,8221
Município,Tabuaço,1990,8079
Município,Tabuaço,1991,7924
Município,Tabuaço,1992,7782
Município,Tabuaço,1993,7642
Município,Tabuaço,1994,7481
Município,Tabuaço,1995,7337
Município,Tabuaço,1996,7201
Município,Tabuaço,1997,7065
Município,Tabuaço,1998,6965
Município,Tabuaço,1999,6885
Município,Tabuaço,2000,6795
Município,Tabuaço,2001,6762
Município,Tabuaço,2002,6767
Município,Tabuaço,2003,6739
Município,Tabuaço,2004,6683
Município,Tabuaço,2005,6626
Município,Tabuaço,2006,6580
Município,Tabuaço,2007,6531
Município,Tabuaço,2008,6488
Município,Tabuaço,2009,6449
Município,Tabuaço,2010,6396
Município,Tabuaço,2011,6265
Município,Tabuaço,2012,6086
Município,Tabuaço,2013,5923
Município,Tabuaço,2014,5752
Município,Tabuaço,2015,5591
Município,Tabuaço,2016,5442
Município,Tabuaço,2017,5290
Município,Tabuaço,2018,5150
Município,Tabuaço,2019,5039
Município,Tabuaço,2020,5007
Município,Tabuaço,2022,4590
Município,Tabuaço,2023,4574
Município,Tabuaço,2024,4559
Município,Tabuaço,2025,4532
Município,Tarouca,1982,9470
Município,Tarouca,1983,9543
Município,Tarouca,1984,9582
Município,Tarouca,1985,9610
Município,Tarouca,1986,9630
Município,Tarouca,1987,9648
Município,Tarouca,1988,9679
Município,Tarouca,1989,9711
Município,Tarouca,1990,9709
Município,Tarouca,1991,9588
Município,Tarouca,1992,9395
Município,Tarouca,1993,9208
Município,Tarouca,1994,9025
Município,Tarouca,1995,8864
Município,Tarouca,1996,8717
Município,Tarouca,1997,8577
Município,Tarouca,1998,8451
Município,Tarouca,1999,8351
Município,Tarouca,2000,8289
Município,Tarouca,2001,8293
Município,Tarouca,2002,8303
Município,Tarouca,2003,8283
Município,Tarouca,2004,8262
Município,Tarouca,2005,8237
Município,Tarouca,2006,8229
Município,Tarouca,2007,8227
Município,Tarouca,2008,8191
Município,Tarouca,2009,8146
Município,Tarouca,2010,8099
Município,Tarouca,2011,7965
Município,Tarouca,2012,7809
Município,Tarouca,2013,7705
Município,Tarouca,2014,7601
Município,Tarouca,2015,7507
Município,Tarouca,2016,7441
Município,Tarouca,2017,7388
Município,Tarouca,2018,7343
Município,Tarouca,2019,7320
Município,Tarouca,2020,7333
Município,Tarouca,2022,7071
Município,Tarouca,2023,7175
Município,Tarouca,2024,7305
Município,Tarouca,2025,7412
Município,Torre de Moncorvo,1982,13673
Município,Torre de Moncorvo,1983,13598
Município,Torre de Moncorvo,1984,13501
Município,Torre de Moncorvo,1985,13355
Município,Torre de Moncorvo,1986,13097
Município,Torre de Moncorvo,1987,12749
Município,Torre de Moncorvo,1988,12345
Município,Torre de Moncorvo,1989,11910
Município,Torre de Moncorvo,1990,11423
Município,Torre de Moncorvo,1991,11035
Município,Torre de Moncorvo,1992,10835
Município,Torre de Moncorvo,1993,10698
Município,Torre de Moncorvo,1994,10560
Município,Torre de Moncorvo,1995,10443
Município,Torre de Moncorvo,1996,10336
Município,Torre de Moncorvo,1997,10225
Município,Torre de Moncorvo,1998,10127
Município,Torre de Moncorvo,1999,10041
Município,Torre de Moncorvo,2000,9957
Município,Torre de Moncorvo,2001,9855
Município,Torre de Moncorvo,2002,9741
Município,Torre de Moncorvo,2003,9626
Município,Torre de Moncorvo,2004,9504
Município,Torre de Moncorvo,2005,9369
Município,Torre de Moncorvo,2006,9231
Município,Torre de Moncorvo,2007,9096
Município,Torre de Moncorvo,2008,8955
Município,Torre de Moncorvo,2009,8815
Município,Torre de Moncorvo,2010,8681
Município,Torre de Moncorvo,2011,8388
Município,Torre de Moncorvo,2012,8078
Município,Torre de Moncorvo,2013,7893
Município,Torre de Moncorvo,2014,7708
Município,Torre de Moncorvo,2015,7546
Município,Torre de Moncorvo,2016,7396
Município,Torre de Moncorvo,2017,7267
Município,Torre de Moncorvo,2018,7137
Município,Torre de Moncorvo,2019,7011
Município,Torre de Moncorvo,2020,6896
Município,Torre de Moncorvo,2022,6655
Município,Torre de Moncorvo,2023,6590
Município,Torre de Moncorvo,2024,6505
Município,Torre de Moncorvo,2025,6472
Município,Vila Nova de Foz Côa,1982,11188
Município,Vila Nova de Foz Côa,1983,11087
Município,Vila Nova de Foz Côa,1984,10994
Município,Vila Nova de Foz Côa,1985,10863
Município,Vila Nova de Foz Côa,1986,10623
Município,Vila Nova de Foz Côa,1987,10311
Município,Vila Nova de Foz Côa,1988,9950
Município,Vila Nova de Foz Côa,1989,9568
Município,Vila Nova de Foz Côa,1990,9204
Município,Vila Nova de Foz Côa,1991,8940
Município,Vila Nova de Foz Côa,1992,8794
Município,Vila Nova de Foz Côa,1993,8707
Município,Vila Nova de Foz Côa,1994,8653
Município,Vila Nova de Foz Côa,1995,8608
Município,Vila Nova de Foz Côa,1996,8582
Município,Vila Nova de Foz Côa,1997,8570
Município,Vila Nova de Foz Côa,1998,8550
Município,Vila Nova de Foz Côa,1999,8519
Município,Vila Nova de Foz Côa,2000,8491
Município,Vila Nova de Foz Côa,2001,8448
Município,Vila Nova de Foz Côa,2002,8355
Município,Vila Nova de Foz Côa,2003,8240
Município,Vila Nova de Foz Côa,2004,8120
Município,Vila Nova de Foz Côa,2005,7986
Município,Vila Nova de Foz Côa,2006,7873
Município,Vila Nova de Foz Côa,2007,7778
Município,Vila Nova de Foz Côa,2008,7651
Município,Vila Nova de Foz Côa,2009,7519
Município,Vila Nova de Foz Côa,2010,7392
Município,Vila Nova de Foz Côa,2011,7231
Município,Vila Nova de Foz Côa,2012,7093
Município,Vila Nova de Foz Côa,2013,6992
Município,Vila Nova de Foz Côa,2014,6899
Município,Vila Nova de Foz Côa,2015,6814
Município,Vila Nova de Foz Côa,2016,6710
Município,Vila Nova de Foz Côa,2017,6601
Município,Vila Nova de Foz Côa,2018,6504
Município,Vila Nova de Foz Côa,2019,6416
Município,Vila Nova de Foz Côa,2020,6357
Município,Vila Nova de Foz Côa,2022,5854
Município,Vila Nova de Foz Côa,2023,5827
Município,Vila Nova de Foz Côa,2024,5873
Município,Vila Nova de Foz Côa,2025,5860
Município,Vila Real,1982,47495
Município,Vila Real,1983,47771
Município,Vila Real,1984,47944
Município,Vila Real,1985,48016
Município,Vila Real,1986,47969
Município,Vila Real,1987,47808
Município,Vila Real,1988,47600
Município,Vila Real,1989,47346
Município,Vila Real,1990,47016
Município,Vila Real,1991,46809
Município,Vila Real,1992,46834
Município,Vila Real,1993,46976
Município,Vila Real,1994,47199
Município,Vila Real,1995,47483
Município,Vila Real,1996,47805
Município,Vila Real,1997,48189
Município,Vila Real,1998,48582
Município,Vila Real,1999,48982
Município,Vila Real,2000,49515
Município,Vila Real,2001,50055
Município,Vila Real,2002,50458
Município,Vila Real,2003,50782
Município,Vila Real,2004,51067
Município,Vila Real,2005,51265
Município,Vila Real,2006,51414
Município,Vila Real,2007,51577
Município,Vila Real,2008,51680
Município,Vila Real,2009,51768
Município,Vila Real,2010,51875
Município,Vila Real,2011,51900
Município,Vila Real,2012,51689
Município,Vila Real,2013,51289
Município,Vila Real,2014,50871
Município,Vila Real,2015,50553
Município,Vila Real,2016,50329
Município,Vila Real,2017,50137
Município,Vila Real,2018,49966
Município,Vila Real,2019,49887
Município,Vila Real,2020,49826
Município,Vila Real,2022,50398
Município,Vila Real,2023,51566
Município,Vila Real,2024,52497
Município,Vila Real,2025,52910
NUTS III,Terras de Trás-os-Montes,1982,154289
NUTS III,Terras de Trás-os-Montes,1983,154194
NUTS III,Terras de Trás-os-Montes,1984,153826
NUTS III,Terras de Trás-os-Montes,1985,152893
NUTS III,Terras de Trás-os-Montes,1986,150802
NUTS III,Terras de Trás-os-Montes,1987,147819
NUTS III,Terras de Trás-os-Montes,1988,144419
NUTS III,Terras de Trás-os-Montes,1989,140822
NUTS III,Terras de Trás-os-Montes,1990,136852
NUTS III,Terras de Trás-os-Montes,1991,133757
NUTS III,Terras de Trás-os-Montes,1992,132083
NUTS III,Terras de Trás-os-Montes,1993,130997
NUTS III,Terras de Trás-os-Montes,1994,130073
NUTS III,Terras de Trás-os-Montes,1995,129310
NUTS III,Terras de Trás-os-Montes,1996,128686
NUTS III,Terras de Trás-os-Montes,1997,128144
NUTS III,Terras de Trás-os-Montes,1998,127671
NUTS III,Terras de Trás-os-Montes,1999,127256
NUTS III,Terras de Trás-os-Montes,2000,127005
NUTS III,Terras de Trás-os-Montes,2001,126808
NUTS III,Terras de Trás-os-Montes,2002,126336
NUTS III,Terras de Trás-os-Montes,2003,125604
NUTS III,Terras de Trás-os-Montes,2004,124740
NUTS III,Terras de Trás-os-Montes,2005,123767
NUTS III,Terras de Trás-os-Montes,2006,122757
NUTS III,Terras de Trás-os-Montes,2007,121800
NUTS III,Terras de Trás-os-Montes,2008,120745
NUTS III,Terras de Trás-os-Montes,2009,119637
NUTS III,Terras de Trás-os-Montes,2010,118453
NUTS III,Terras de Trás-os-Montes,2011,117241
NUTS III,Terras de Trás-os-Montes,2012,116027
NUTS III,Terras de Trás-os-Montes,2013,114697
NUTS III,Terras de Trás-os-Montes,2014,113387
NUTS III,Terras de Trás-os-Montes,2015,112172
NUTS III,Terras de Trás-os-Montes,2016,111140
NUTS III,Terras de Trás-os-Montes,2017,110294
NUTS III,Terras de Trás-os-Montes,2018,109549
NUTS III,Terras de Trás-os-Montes,2019,108948
NUTS III,Terras de Trás-os-Montes,2020,108270
NUTS III,Terras de Trás-os-Montes,2022,107199
NUTS III,Terras de Trás-os-Montes,2023,108294
NUTS III,Terras de Trás-os-Montes,2024,109050
NUTS III,Terras de Trás-os-Montes,2025,109143
Município,Alfândega da Fé,1982,7949
Município,Alfândega da Fé,1983,7914
Município,Alfândega da Fé,1984,7865
Município,Alfândega da Fé,1985,7792
Município,Alfândega da Fé,1986,7678
Município,Alfândega da Fé,1987,7529
Município,Alfândega da Fé,1988,7338
Município,Alfândega da Fé,1989,7146
Município,Alfândega da Fé,1990,6950
Município,Alfândega da Fé,1991,6777
Município,Alfândega da Fé,1992,6654
Município,Alfândega da Fé,1993,6558
Município,Alfândega da Fé,1994,6465
Município,Alfândega da Fé,1995,6374
Município,Alfândega da Fé,1996,6292
Município,Alfândega da Fé,1997,6216
Município,Alfândega da Fé,1998,6137
Município,Alfândega da Fé,1999,6063
Município,Alfândega da Fé,2000,5996
Município,Alfândega da Fé,2001,5930
Município,Alfândega da Fé,2002,5862
Município,Alfândega da Fé,2003,5788
Município,Alfândega da Fé,2004,5709
Município,Alfândega da Fé,2005,5621
Município,Alfândega da Fé,2006,5524
Município,Alfândega da Fé,2007,5434
Município,Alfândega da Fé,2008,5348
Município,Alfândega da Fé,2009,5264
Município,Alfândega da Fé,2010,5165
Município,Alfândega da Fé,2011,5049
Município,Alfândega da Fé,2012,4937
Município,Alfândega da Fé,2013,4841
Município,Alfândega da Fé,2014,4758
Município,Alfândega da Fé,2015,4671
Município,Alfândega da Fé,2016,4599
Município,Alfândega da Fé,2017,4542
Município,Alfândega da Fé,2018,4496
Município,Alfândega da Fé,2019,4453
Município,Alfândega da Fé,2020,4387
Município,Alfândega da Fé,2022,4409
Município,Alfândega da Fé,2023,4331
Município,Alfândega da Fé,2024,4277
Município,Alfândega da Fé,2025,4233
Município,Bragança,1982,35588
Município,Bragança,1983,35637
Município,Bragança,1984,35654
Município,Bragança,1985,35614
Município,Bragança,1986,35400
Município,Bragança,1987,35051
Município,Bragança,1988,34653
Município,Bragança,1989,34222
Município,Bragança,1990,33735
Município,Bragança,1991,33428
Município,Bragança,1992,33368
Município,Bragança,1993,33398
Município,Bragança,1994,33473
Município,Bragança,1995,33595
Município,Bragança,1996,33732
Município,Bragança,1997,33875
Município,Bragança,1998,34043
Município,Bragança,1999,34242
Município,Bragança,2000,34514
Município,Bragança,2001,34797
Município,Bragança,2002,34982
Município,Bragança,2003,35097
Município,Bragança,2004,35199
Município,Bragança,2005,35260
Município,Bragança,2006,35296
Município,Bragança,2007,35343
Município,Bragança,2008,35377
Município,Bragança,2009,35412
Município,Bragança,2010,35413
Município,Bragança,2011,35592
Município,Bragança,2012,35690
Município,Bragança,2013,35480
Município,Bragança,2014,35243
Município,Bragança,2015,35029
Município,Bragança,2016,34917
Município,Bragança,2017,34896
Município,Bragança,2018,34890
Município,Bragança,2019,34934
Município,Bragança,2020,34874
Município,Bragança,2022,35987
Município,Bragança,2023,37191
Município,Bragança,2024,38061
Município,Bragança,2025,38371
Município,Macedo de Cavaleiros,1982,21773
Município,Macedo de Cavaleiros,1983,21793
Município,Macedo de Cavaleiros,1984,21769
Município,Macedo de Cavaleiros,1985,21672
Município,Macedo de Cavaleiros,1986,21410
Município,Macedo de Cavaleiros,1987,21010
Município,Macedo de Cavaleiros,1988,20541
Município,Macedo de Cavaleiros,1989,20050
Município,Macedo de Cavaleiros,1990,19512
Município,Macedo de Cavaleiros,1991,19037
Município,Macedo de Cavaleiros,1992,18734
Município,Macedo de Cavaleiros,1993,18505
Município,Macedo de Cavaleiros,1994,18279
Município,Macedo de Cavaleiros,1995,18090
Município,Macedo de Cavaleiros,1996,17927
Município,Macedo de Cavaleiros,1997,17766
Município,Macedo de Cavaleiros,1998,17637
Município,Macedo de Cavaleiros,1999,17540
Município,Macedo de Cavaleiros,2000,17452
Município,Macedo de Cavaleiros,2001,17389
Município,Macedo de Cavaleiros,2002,17308
Município,Macedo de Cavaleiros,2003,17186
Município,Macedo de Cavaleiros,2004,17035
Município,Macedo de Cavaleiros,2005,16858
Município,Macedo de Cavaleiros,2006,16682
Município,Macedo de Cavaleiros,2007,16517
Município,Macedo de Cavaleiros,2008,16336
Município,Macedo de Cavaleiros,2009,16139
Município,Macedo de Cavaleiros,2010,15923
Município,Macedo de Cavaleiros,2011,15642
Município,Macedo de Cavaleiros,2012,15376
Município,Macedo de Cavaleiros,2013,15178
Município,Macedo de Cavaleiros,2014,15004
Município,Macedo de Cavaleiros,2015,14843
Município,Macedo de Cavaleiros,2016,14706
Município,Macedo de Cavaleiros,2017,14605
Município,Macedo de Cavaleiros,2018,14509
Município,Macedo de Cavaleiros,2019,14421
Município,Macedo de Cavaleiros,2020,14336
Município,Macedo de Cavaleiros,2022,13794
Município,Macedo de Cavaleiros,2023,13836
Município,Macedo de Cavaleiros,2024,13878
Município,Macedo de Cavaleiros,2025,13873
Município,Miranda do Douro,1982,9969
Município,Miranda do Douro,1983,9947
Município,Miranda do Douro,1984,9919
Município,Miranda do Douro,1985,9843
Município,Miranda do Douro,1986,9727
Município,Miranda do Douro,1987,9567
Município,Miranda do Douro,1988,9379
Município,Miranda do Douro,1989,9190
Município,Miranda do Douro,1990,8962
Município,Miranda do Douro,1991,8747
Município,Miranda do Douro,1992,8598
Município,Miranda do Douro,1993,8491
Município,Miranda do Douro,1994,8404
Município,Miranda do Douro,1995,8325
Município,Miranda do Douro,1996,8253
Município,Miranda do Douro,1997,8195
Município,Miranda do Douro,1998,8148
Município,Miranda do Douro,1999,8095
Município,Miranda do Douro,2000,8055
Município,Miranda do Douro,2001,8044
Município,Miranda do Douro,2002,8029
Município,Miranda do Douro,2003,7988
Município,Miranda do Douro,2004,7927
Município,Miranda do Douro,2005,7866
Município,Miranda do Douro,2006,7803
Município,Miranda do Douro,2007,7749
Município,Miranda do Douro,2008,7704
Município,Miranda do Douro,2009,7635
Município,Miranda do Douro,2010,7552
Município,Miranda do Douro,2011,7438
Município,Miranda do Douro,2012,7312
Município,Miranda do Douro,2013,7186
Município,Miranda do Douro,2014,7052
Município,Miranda do Douro,2015,6945
Município,Miranda do Douro,2016,6854
Município,Miranda do Douro,2017,6756
Município,Miranda do Douro,2018,6668
Município,Miranda do Douro,2019,6599
Município,Miranda do Douro,2020,6538
Município,Miranda do Douro,2022,6213
Município,Miranda do Douro,2023,6174
Município,Miranda do Douro,2024,6158
Município,Miranda do Douro,2025,6111
Município,Mirandela,1982,29123
Município,Mirandela,1983,29160
Município,Mirandela,1984,29159
Município,Mirandela,1985,28998
Município,Mirandela,1986,28571
Município,Mirandela,1987,27981
Município,Mirandela,1988,27359
Município,Mirandela,1989,26706
Município,Mirandela,1990,25971
Município,Mirandela,1991,25480
Município,Mirandela,1992,25320
Município,Mirandela,1993,25300
Município,Mirandela,1994,25323
Município,Mirandela,1995,25373
Município,Mirandela,1996,25449
Município,Mirandela,1997,25534
Município,Mirandela,1998,25606
Município,Mirandela,1999,25666
Município,Mirandela,2000,25744
Município,Mirandela,2001,25756
Município,Mirandela,2002,25663
Município,Mirandela,2003,25515
Município,Mirandela,2004,25326
Município,Mirandela,2005,25116
Município,Mirandela,2006,24917
Município,Mirandela,2007,24722
Município,Mirandela,2008,24500
Município,Mirandela,2009,24272
Município,Mirandela,2010,24030
Município,Mirandela,2011,23818
Município,Mirandela,2012,23586
Município,Mirandela,2013,23277
Município,Mirandela,2014,22982
Município,Mirandela,2015,22709
Município,Mirandela,2016,22434
Município,Mirandela,2017,22178
Município,Mirandela,2018,21939
Município,Mirandela,2019,21736
Município,Mirandela,2020,21576
Município,Mirandela,2022,21390
Município,Mirandela,2023,21603
Município,Mirandela,2024,21758
Município,Mirandela,2025,21776
Município,Mogadouro,1982,15387
Município,Mogadouro,1983,15337
Município,Mogadouro,1984,15240
Município,Mogadouro,1985,15076
Município,Mogadouro,1986,14754
Município,Mogadouro,1987,14315
Município,Mogadouro,1988,13822
Município,Mogadouro,1989,13285
Município,Mogadouro,1990,12703
Município,Mogadouro,1991,12290
Município,Mogadouro,1992,12078
Município,Mogadouro,1993,11941
Município,Mogadouro,1994,11834
Município,Mogadouro,1995,11733
Município,Mogadouro,1996,11640
Município,Mogadouro,1997,11544
Município,Mogadouro,1998,11449
Município,Mogadouro,1999,11356
Município,Mogadouro,2000,11261
Município,Mogadouro,2001,11160
Município,Mogadouro,2002,11024
Município,Mogadouro,2003,10864
Município,Mogadouro,2004,10692
Município,Mogadouro,2005,10514
Município,Mogadouro,2006,10356
Município,Mogadouro,2007,10205
Município,Mogadouro,2008,10014
Município,Mogadouro,2009,9827
Município,Mogadouro,2010,9657
Município,Mogadouro,2011,9450
Município,Mogadouro,2012,9265
Município,Mogadouro,2013,9142
Município,Mogadouro,2014,9024
Município,Mogadouro,2015,8906
Município,Mogadouro,2016,8797
Município,Mogadouro,2017,8699
Município,Mogadouro,2018,8613
Município,Mogadouro,2019,8527
Município,Mogadouro,2020,8447
Município,Mogadouro,2022,8210
Município,Mogadouro,2023,8168
Município,Mogadouro,2024,8089
Município,Mogadouro,2025,8047
Município,Vila Flor,1982,9800
Município,Vila Flor,1983,9824
Município,Vila Flor,1984,9839
Município,Vila Flor,1985,9827
Município,Vila Flor,1986,9757
Município,Vila Flor,1987,9629
Município,Vila Flor,1988,9469
Município,Vila Flor,1989,9303
Município,Vila Flor,1990,9096
Município,Vila Flor,1991,8874
Município,Vila Flor,1992,8703
Município,Vila Flor,1993,8576
Município,Vila Flor,1994,8450
Município,Vila Flor,1995,8334
Município,Vila Flor,1996,8234
Município,Vila Flor,1997,8141
Município,Vila Flor,1998,8063
Município,Vila Flor,1999,7995
Município,Vila Flor,2000,7928
Município,Vila Flor,2001,7862
Município,Vila Flor,2002,7769
Município,Vila Flor,2003,7660
Município,Vila Flor,2004,7551
Município,Vila Flor,2005,7436
Município,Vila Flor,2006,7318
Município,Vila Flor,2007,7197
Município,Vila Flor,2008,7052
Município,Vila Flor,2009,6901
Município,Vila Flor,2010,6772
Município,Vila Flor,2011,6662
Município,Vila Flor,2012,6572
Município,Vila Flor,2013,6496
Município,Vila Flor,2014,6412
Município,Vila Flor,2015,6325
Município,Vila Flor,2016,6261
Município,Vila Flor,2017,6218
Município,Vila Flor,2018,6169
Município,Vila Flor,2019,6122
Município,Vila Flor,2020,6102
Município,Vila Flor,2022,5806
Município,Vila Flor,2023,5797
Município,Vila Flor,2024,5797
Município,Vila Flor,2025,5787
Município,Vimioso,1982,8509
Município,Vimioso,1983,8454
Município,Vimioso,1984,8358
Município,Vimioso,1985,8232
Município,Vimioso,1986,8025
Município,Vimioso,1987,7735
Município,Vimioso,1988,7395
Município,Vimioso,1989,7038
Município,Vimioso,1990,6652
Município,Vimioso,1991,6352
Município,Vimioso,1992,6189
Município,Vimioso,1993,6061
Município,Vimioso,1994,5926
Município,Vimioso,1995,5791
Município,Vimioso,1996,5679
Município,Vimioso,1997,5592
Município,Vimioso,1998,5496
Município,Vimioso,1999,5400
Município,Vimioso,2000,5335
Município,Vimioso,2001,5297
Município,Vimioso,2002,5251
Município,Vimioso,2003,5187
Município,Vimioso,2004,5127
Município,Vimioso,2005,5074
Município,Vimioso,2006,4999
Município,Vimioso,2007,4921
Município,Vimioso,2008,4861
Município,Vimioso,2009,4802
Município,Vimioso,2010,4738
Município,Vimioso,2011,4649
Município,Vimioso,2012,4569
Município,Vimioso,2013,4514
Município,Vimioso,2014,4462
Município,Vimioso,2015,4403
Município,Vimioso,2016,4346
Município,Vimioso,2017,4292
Município,Vimioso,2018,4255
Município,Vimioso,2019,4239
Município,Vimioso,2020,4197
Município,Vimioso,2022,3859
Município,Vimioso,2023,3808
Município,Vimioso,2024,3756
Município,Vimioso,2025,3723
Município,Vinhais,1982,16193
Município,Vinhais,1983,16130
Município,Vinhais,1984,16025
Município,Vinhais,1985,15841
Município,Vinhais,1986,15482
Município,Vinhais,1987,15003
Município,Vinhais,1988,14465
Município,Vinhais,1989,13885
Município,Vinhais,1990,13272
Município,Vinhais,1991,12774
Município,Vinhais,1992,12442
Município,Vinhais,1993,12171
Município,Vinhais,1994,11921
Município,Vinhais,1995,11697
Município,Vinhais,1996,11483
Município,Vinhais,1997,11283
Município,Vinhais,1998,11093
Município,Vinhais,1999,10902
Município,Vinhais,2000,10724
Município,Vinhais,2001,10576
Município,Vinhais,2002,10449
Município,Vinhais,2003,10321
Município,Vinhais,2004,10175
Município,Vinhais,2005,10024
Município,Vinhais,2006,9864
Município,Vinhais,2007,9715
Município,Vinhais,2008,9554
Município,Vinhais,2009,9387
Município,Vinhais,2010,9205
Município,Vinhais,2011,8943
Município,Vinhais,2012,8723
Município,Vinhais,2013,8585
Município,Vinhais,2014,8453
Município,Vinhais,2015,8343
Município,Vinhais,2016,8228
Município,Vinhais,2017,8112
Município,Vinhais,2018,8013
Município,Vinhais,2019,7919
Município,Vinhais,2020,7815
Município,Vinhais,2022,7533
Município,Vinhais,2023,7389
Município,Vinhais,2024,7279
Município,Vinhais,2025,7223
NUTS II,Centro,1982,1760308
NUTS II,Centro,1983,1764282
NUTS II,Centro,1984,1766470
NUTS II,Centro,1985,1766336
NUTS II,Centro,1986,1762154
NUTS II,Centro,1987,1755414
NUTS II,Centro,1988,1747030
NUTS II,Centro,1989,1737784
NUTS II,Centro,1990,1726937
NUTS II,Centro,1991,1722575
NUTS II,Centro,1992,1723156
NUTS II,Centro,1993,1723208
NUTS II,Centro,1994,1726701
NUTS II,Centro,1995,1731609
NUTS II,Centro,1996,1736823
NUTS II,Centro,1997,1743004
NUTS II,Centro,1998,1749752
NUTS II,Centro,1999,1757147
NUTS II,Centro,2000,1766718
NUTS II,Centro,2001,1773978
NUTS II,Centro,2002,1776004
NUTS II,Centro,2003,1774838
NUTS II,Centro,2004,1771602
NUTS II,Centro,2005,1767729
NUTS II,Centro,2006,1763743
NUTS II,Centro,2007,1759785
NUTS II,Centro,2008,1754974
NUTS II,Centro,2009,1749594
NUTS II,Centro,2010,1743505
NUTS II,Centro,2011,1738468
NUTS II,Centro,2012,1729653
NUTS II,Centro,2013,1714823
NUTS II,Centro,2014,1700194
NUTS II,Centro,2015,1688144
NUTS II,Centro,2016,1677798
NUTS II,Centro,2017,1668147
NUTS II,Centro,2018,1660295
NUTS II,Centro,2019,1657836
NUTS II,Centro,2020,1660510
NUTS II,Centro,2022,1687847
NUTS II,Centro,2023,1725858
NUTS II,Centro,2024,1753221
NUTS II,Centro,2025,1767277
NUTS III,Região de Aveiro,1982,320162
NUTS III,Região de Aveiro,1983,322202
NUTS III,Região de Aveiro,1984,323987
NUTS III,Região de Aveiro,1985,325533
NUTS III,Região de Aveiro,1986,327054
NUTS III,Região de Aveiro,1987,328583
NUTS III,Região de Aveiro,1988,330027
NUTS III,Região de Aveiro,1989,331439
NUTS III,Região de Aveiro,1990,332696
NUTS III,Região de Aveiro,1991,334763
NUTS III,Região de Aveiro,1992,337089
NUTS III,Região de Aveiro,1993,339187
NUTS III,Região de Aveiro,1994,342020
NUTS III,Região de Aveiro,1995,345100
NUTS III,Região de Aveiro,1996,348293
NUTS III,Região de Aveiro,1997,351636
NUTS III,Região de Aveiro,1998,354958
NUTS III,Região de Aveiro,1999,358262
NUTS III,Região de Aveiro,2000,361991
NUTS III,Região de Aveiro,2001,365117
NUTS III,Região de Aveiro,2002,366908
NUTS III,Região de Aveiro,2003,368131
NUTS III,Região de Aveiro,2004,368825
NUTS III,Região de Aveiro,2005,369274
NUTS III,Região de Aveiro,2006,369767
NUTS III,Região de Aveiro,2007,370216
NUTS III,Região de Aveiro,2008,370537
NUTS III,Região de Aveiro,2009,370709
NUTS III,Região de Aveiro,2010,370732
NUTS III,Região de Aveiro,2011,371057
NUTS III,Região de Aveiro,2012,370581
NUTS III,Região de Aveiro,2013,368782
NUTS III,Região de Aveiro,2014,366996
NUTS III,Região de Aveiro,2015,365749
NUTS III,Região de Aveiro,2016,364942
NUTS III,Região de Aveiro,2017,364494
NUTS III,Região de Aveiro,2018,364664
NUTS III,Região de Aveiro,2019,366257
NUTS III,Região de Aveiro,2020,368441
NUTS III,Região de Aveiro,2022,378482
NUTS III,Região de Aveiro,2023,388692
NUTS III,Região de Aveiro,2024,395545
NUTS III,Região de Aveiro,2025,399071
Município,Águeda,1982,43677
Município,Águeda,1983,43954
Município,Águeda,1984,44217
Município,Águeda,1985,44436
Município,Águeda,1986,44512
Município,Águeda,1987,44491
Município,Águeda,1988,44453
Município,Águeda,1989,44401
Município,Águeda,1990,44290
Município,Águeda,1991,44466
Município,Águeda,1992,44880
Município,Águeda,1993,45318
Município,Águeda,1994,45830
Município,Águeda,1995,46314
Município,Águeda,1996,46804
Município,Águeda,1997,47285
Município,Águeda,1998,47732
Município,Águeda,1999,48167
Município,Águeda,2000,48655
Município,Águeda,2001,48991
Município,Águeda,2002,49047
Município,Águeda,2003,48996
Município,Águeda,2004,48898
Município,Águeda,2005,48798
Município,Águeda,2006,48660
Município,Águeda,2007,48484
Município,Águeda,2008,48311
Município,Águeda,2009,48093
Município,Águeda,2010,47875
Município,Águeda,2011,47772
Município,Águeda,2012,47583
Município,Águeda,2013,47204
Município,Águeda,2014,46827
Município,Águeda,2015,46539
Município,Águeda,2016,46319
Município,Águeda,2017,46161
Município,Águeda,2018,46027
Município,Águeda,2019,46070
Município,Águeda,2020,46267
Município,Águeda,2022,48139
Município,Águeda,2023,49583
Município,Águeda,2024,50369
Município,Águeda,2025,50609
Município,Albergaria-a-Velha,1982,21501
Município,Albergaria-a-Velha,1983,21645
Município,Albergaria-a-Velha,1984,21749
Município,Albergaria-a-Velha,1985,21845
Município,Albergaria-a-Velha,1986,21928
Município,Albergaria-a-Velha,1987,21967
Município,Albergaria-a-Velha,1988,21999
Município,Albergaria-a-Velha,1989,22048
Município,Albergaria-a-Velha,1990,22075
Município,Albergaria-a-Velha,1991,22207
Município,Albergaria-a-Velha,1992,22397
Município,Albergaria-a-Velha,1993,22594
Município,Albergaria-a-Velha,1994,22848
Município,Albergaria-a-Velha,1995,23089
Município,Albergaria-a-Velha,1996,23362
Município,Albergaria-a-Velha,1997,23647
Município,Albergaria-a-Velha,1998,23911
Município,Albergaria-a-Velha,1999,24157
Município,Albergaria-a-Velha,2000,24435
Município,Albergaria-a-Velha,2001,24673
Município,Albergaria-a-Velha,2002,24803
Município,Albergaria-a-Velha,2003,24898
Município,Albergaria-a-Velha,2004,24968
Município,Albergaria-a-Velha,2005,25016
Município,Albergaria-a-Velha,2006,25063
Município,Albergaria-a-Velha,2007,25124
Município,Albergaria-a-Velha,2008,25190
Município,Albergaria-a-Velha,2009,25233
Município,Albergaria-a-Velha,2010,25263
Município,Albergaria-a-Velha,2011,25329
Município,Albergaria-a-Velha,2012,25312
Município,Albergaria-a-Velha,2013,25183
Município,Albergaria-a-Velha,2014,25053
Município,Albergaria-a-Velha,2015,24928
Município,Albergaria-a-Velha,2016,24813
Município,Albergaria-a-Velha,2017,24750
Município,Albergaria-a-Velha,2018,24744
Município,Albergaria-a-Velha,2019,24797
Município,Albergaria-a-Velha,2020,24921
Município,Albergaria-a-Velha,2022,25283
Município,Albergaria-a-Velha,2023,25826
Município,Albergaria-a-Velha,2024,26218
Município,Albergaria-a-Velha,2025,26340
Município,Anadia,1982,30033
Município,Anadia,1983,30098
Município,Anadia,1984,30098
Município,Anadia,1985,30067
Município,Anadia,1986,29981
Município,Anadia,1987,29830
Município,Anadia,1988,29635
Município,Anadia,1989,29434
Município,Anadia,1990,29197
Município,Anadia,1991,29142
Município,Anadia,1992,29276
Município,Anadia,1993,29463
Município,Anadia,1994,29759
Município,Anadia,1995,30050
Município,Anadia,1996,30325
Município,Anadia,1997,30630
Município,Anadia,1998,30911
Município,Anadia,1999,31130
Município,Anadia,2000,31355
Município,Anadia,2001,31443
Município,Anadia,2002,31338
Município,Anadia,2003,31167
Município,Anadia,2004,30936
Município,Anadia,2005,30684
Município,Anadia,2006,30447
Município,Anadia,2007,30200
Município,Anadia,2008,29926
Município,Anadia,2009,29640
Município,Anadia,2010,29352
Município,Anadia,2011,29138
Município,Anadia,2012,28930
Município,Anadia,2013,28639
Município,Anadia,2014,28378
Município,Anadia,2015,28166
Município,Anadia,2016,27967
Município,Anadia,2017,27782
Município,Anadia,2018,27608
Município,Anadia,2019,27530
Município,Anadia,2020,27614
Município,Anadia,2022,27890
Município,Anadia,2023,28534
Município,Anadia,2024,28942
Município,Anadia,2025,29156
Município,Aveiro,1982,60929
Município,Aveiro,1983,61431
Município,Aveiro,1984,61927
Município,Aveiro,1985,62435
Município,Aveiro,1986,63052
Município,Aveiro,1987,63818
Município,Aveiro,1988,64629
Município,Aveiro,1989,65423
Município,Aveiro,1990,66186
Município,Aveiro,1991,66988
Município,Aveiro,1992,67634
Município,Aveiro,1993,68041
Município,Aveiro,1994,68558
Município,Aveiro,1995,69166
Município,Aveiro,1996,69829
Município,Aveiro,1997,70518
Município,Aveiro,1998,71176
Município,Aveiro,1999,71872
Município,Aveiro,2000,72680
Município,Aveiro,2001,73535
Município,Aveiro,2002,74298
Município,Aveiro,2003,74928
Município,Aveiro,2004,75459
Município,Aveiro,2005,75963
Município,Aveiro,2006,76447
Município,Aveiro,2007,76916
Município,Aveiro,2008,77367
Município,Aveiro,2009,77834
Município,Aveiro,2010,78274
Município,Aveiro,2011,78759
Município,Aveiro,2012,79073
Município,Aveiro,2013,79077
Município,Aveiro,2014,79092
Município,Aveiro,2015,79196
Município,Aveiro,2016,79391
Município,Aveiro,2017,79720
Município,Aveiro,2018,80227
Município,Aveiro,2019,81048
Município,Aveiro,2020,81446
Município,Aveiro,2022,85486
Município,Aveiro,2023,88444
Município,Aveiro,2024,90267
Município,Aveiro,2025,91170
Município,Estarreja,1982,26491
Município,Estarreja,1983,26618
Município,Estarreja,1984,26723
Município,Estarreja,1985,26782
Município,Estarreja,1986,26819
Município,Estarreja,1987,26847
Município,Estarreja,1988,26877
Município,Estarreja,1989,26895
Município,Estarreja,1990,26876
Município,Estarreja,1991,26908
Município,Estarreja,1992,26969
Município,Estarreja,1993,27044
Município,Estarreja,1994,27175
Município,Estarreja,1995,27325
Município,Estarreja,1996,27465
Município,Estarreja,1997,27623
Município,Estarreja,1998,27795
Município,Estarreja,1999,27945
Município,Estarreja,2000,28077
Município,Estarreja,2001,28127
Município,Estarreja,2002,28073
Município,Estarreja,2003,28007
Município,Estarreja,2004,27908
Município,Estarreja,2005,27784
Município,Estarreja,2006,27679
Município,Estarreja,2007,27573
Município,Estarreja,2008,27429
Município,Estarreja,2009,27258
Município,Estarreja,2010,27094
Município,Estarreja,2011,27057
Município,Estarreja,2012,26998
Município,Estarreja,2013,26782
Município,Estarreja,2014,26580
Município,Estarreja,2015,26431
Município,Estarreja,2016,26316
Município,Estarreja,2017,26188
Município,Estarreja,2018,26131
Município,Estarreja,2019,26209
Município,Estarreja,2020,26328
Município,Estarreja,2022,26579
Município,Estarreja,2023,27154
Município,Estarreja,2024,27513
Município,Estarreja,2025,27671
Município,Ílhavo,1982,31724
Município,Ílhavo,1983,31994
Município,Ílhavo,1984,32230
Município,Ílhavo,1985,32411
Município,Ílhavo,1986,32577
Município,Ílhavo,1987,32782
Município,Ílhavo,1988,32963
Município,Ílhavo,1989,33100
Município,Ílhavo,1990,33250
Município,Ílhavo,1991,33529
Município,Ílhavo,1992,33827
Município,Ílhavo,1993,34091
Município,Ílhavo,1994,34424
Município,Ílhavo,1995,34802
Município,Ílhavo,1996,35188
Município,Ílhavo,1997,35569
Município,Ílhavo,1998,35969
Município,Ílhavo,1999,36359
Município,Ílhavo,2000,36820
Município,Ílhavo,2001,37229
Município,Ílhavo,2002,37472
Município,Ílhavo,2003,37676
Município,Ílhavo,2004,37856
Município,Ílhavo,2005,37993
Município,Ílhavo,2006,38120
Município,Ílhavo,2007,38258
Município,Ílhavo,2008,38381
Município,Ílhavo,2009,38491
Município,Ílhavo,2010,38583
Município,Ílhavo,2011,38661
Município,Ílhavo,2012,38657
Município,Ílhavo,2013,38552
Município,Ílhavo,2014,38414
Município,Ílhavo,2015,38342
Município,Ílhavo,2016,38345
Município,Ílhavo,2017,38377
Município,Ílhavo,2018,38445
Município,Ílhavo,2019,38665
Município,Ílhavo,2020,39132
Município,Ílhavo,2022,40355
Município,Ílhavo,2023,41609
Município,Ílhavo,2024,42611
Município,Ílhavo,2025,43135
Município,Murtosa,1982,9845
Município,Murtosa,1983,9845
Município,Murtosa,1984,9841
Município,Murtosa,1985,9834
Município,Murtosa,1986,9809
Município,Murtosa,1987,9765
Município,Murtosa,1988,9725
Município,Murtosa,1989,9698
Município,Murtosa,1990,9664
Município,Murtosa,1991,9611
Município,Murtosa,1992,9555
Município,Murtosa,1993,9483
Município,Murtosa,1994,9421
Município,Murtosa,1995,9389
Município,Murtosa,1996,9372
Município,Murtosa,1997,9371
Município,Murtosa,1998,9361
Município,Murtosa,1999,9361
Município,Murtosa,2000,9392
Município,Murtosa,2001,9502
Município,Murtosa,2002,9652
Município,Murtosa,2003,9791
Município,Murtosa,2004,9912
Município,Murtosa,2005,10014
Município,Murtosa,2006,10135
Município,Murtosa,2007,10262
Município,Murtosa,2008,10361
Município,Murtosa,2009,10459
Município,Murtosa,2010,10559
Município,Murtosa,2011,10576
Município,Murtosa,2012,10526
Município,Murtosa,2013,10469
Município,Murtosa,2014,10405
Município,Murtosa,2015,10361
Município,Murtosa,2016,10322
Município,Murtosa,2017,10295
Município,Murtosa,2018,10307
Município,Murtosa,2019,10373
Município,Murtosa,2020,10469
Município,Murtosa,2022,10037
Município,Murtosa,2023,10177
Município,Murtosa,2024,10304
Município,Murtosa,2025,10363
Município,Oliveira do Bairro,1982,17600
Município,Oliveira do Bairro,1983,17701
Município,Oliveira do Bairro,1984,17784
Município,Oliveira do Bairro,1985,17851
Município,Oliveira do Bairro,1986,17970
Município,Oliveira do Bairro,1987,18121
Município,Oliveira do Bairro,1988,18284
Município,Oliveira do Bairro,1989,18465
Município,Oliveira do Bairro,1990,18637
Município,Oliveira do Bairro,1991,18809
Município,Oliveira do Bairro,1992,18941
Município,Oliveira do Bairro,1993,19055
Município,Oliveira do Bairro,1994,19223
Município,Oliveira do Bairro,1995,19438
Município,Oliveira do Bairro,1996,19681
Município,Oliveira do Bairro,1997,19947
Município,Oliveira do Bairro,1998,20236
Município,Oliveira do Bairro,1999,20545
Município,Oliveira do Bairro,2000,20897
Município,Oliveira do Bairro,2001,21221
Município,Oliveira do Bairro,2002,21473
Município,Oliveira do Bairro,2003,21698
Município,Oliveira do Bairro,2004,21890
Município,Oliveira do Bairro,2005,22053
Município,Oliveira do Bairro,2006,22221
Município,Oliveira do Bairro,2007,22405
Município,Oliveira do Bairro,2008,22600
Município,Oliveira do Bairro,2009,22785
Município,Oliveira do Bairro,2010,22950
Município,Oliveira do Bairro,2011,23090
Município,Oliveira do Bairro,2012,23094
Município,Oliveira do Bairro,2013,22956
Município,Oliveira do Bairro,2014,22830
Município,Oliveira do Bairro,2015,22780
Município,Oliveira do Bairro,2016,22756
Município,Oliveira do Bairro,2017,22739
Município,Oliveira do Bairro,2018,22780
Município,Oliveira do Bairro,2019,22952
Município,Oliveira do Bairro,2020,23192
Município,Oliveira do Bairro,2022,24081
Município,Oliveira do Bairro,2023,24895
Município,Oliveira do Bairro,2024,25329
Município,Oliveira do Bairro,2025,25564
Município,Ovar,1982,45815
Município,Ovar,1983,46201
Município,Ovar,1984,46545
Município,Ovar,1985,46899
Município,Ovar,1986,47356
Município,Ovar,1987,47857
Município,Ovar,1988,48374
Município,Ovar,1989,48915
Município,Ovar,1990,49478
Município,Ovar,1991,50041
Município,Ovar,1992,50488
Município,Ovar,1993,50906
Município,Ovar,1994,51447
Município,Ovar,1995,51989
Município,Ovar,1996,52529
Município,Ovar,1997,53066
Município,Ovar,1998,53614
Município,Ovar,1999,54189
Município,Ovar,2000,54798
Município,Ovar,2001,55221
Município,Ovar,2002,55422
Município,Ovar,2003,55569
Município,Ovar,2004,55601
Município,Ovar,2005,55601
Município,Ovar,2006,55632
Município,Ovar,2007,55626
Município,Ovar,2008,55598
Município,Ovar,2009,55564
Município,Ovar,2010,55487
Município,Ovar,2011,55461
Município,Ovar,2012,55386
Município,Ovar,2013,55171
Município,Ovar,2014,54930
Município,Ovar,2015,54729
Município,Ovar,2016,54618
Município,Ovar,2017,54559
Município,Ovar,2018,54548
Município,Ovar,2019,54714
Município,Ovar,2020,55030
Município,Ovar,2022,56054
Município,Ovar,2023,56856
Município,Ovar,2024,57476
Município,Ovar,2025,57925
Município,Sever do Vouga,1982,13890
Município,Sever do Vouga,1983,13962
Município,Sever do Vouga,1984,14022
Município,Sever do Vouga,1985,14052
Município,Sever do Vouga,1986,14050
Município,Sever do Vouga,1987,14042
Município,Sever do Vouga,1988,14013
Município,Sever do Vouga,1989,13963
Município,Sever do Vouga,1990,13910
Município,Sever do Vouga,1991,13858
Município,Sever do Vouga,1992,13777
Município,Sever do Vouga,1993,13667
Município,Sever do Vouga,1994,13562
Município,Sever do Vouga,1995,13481
Município,Sever do Vouga,1996,13407
Município,Sever do Vouga,1997,13333
Município,Sever do Vouga,1998,13265
Município,Sever do Vouga,1999,13207
Município,Sever do Vouga,2000,13165
Município,Sever do Vouga,2001,13140
Município,Sever do Vouga,2002,13119
Município,Sever do Vouga,2003,13064
Município,Sever do Vouga,2004,12979
Município,Sever do Vouga,2005,12902
Município,Sever do Vouga,2006,12818
Município,Sever do Vouga,2007,12729
Município,Sever do Vouga,2008,12645
Município,Sever do Vouga,2009,12554
Município,Sever do Vouga,2010,12449
Município,Sever do Vouga,2011,12299
Município,Sever do Vouga,2012,12124
Município,Sever do Vouga,2013,11961
Município,Sever do Vouga,2014,11807
Município,Sever do Vouga,2015,11677
Município,Sever do Vouga,2016,11539
Município,Sever do Vouga,2017,11393
Município,Sever do Vouga,2018,11274
Município,Sever do Vouga,2019,11194
Município,Sever do Vouga,2020,11129
Município,Sever do Vouga,2022,11258
Município,Sever do Vouga,2023,11411
Município,Sever do Vouga,2024,11609
Município,Sever do Vouga,2025,11780
Município,Vagos,1982,18660
Município,Vagos,1983,18756
Município,Vagos,1984,18853
Município,Vagos,1985,18925
Município,Vagos,1986,19003
Município,Vagos,1987,19064
Município,Vagos,1988,19077
Município,Vagos,1989,19100
Município,Vagos,1990,19135
Município,Vagos,1991,19207
Município,Vagos,1992,19347
Município,Vagos,1993,19528
Município,Vagos,1994,19776
Município,Vagos,1995,20059
Município,Vagos,1996,20332
Município,Vagos,1997,20649
Município,Vagos,1998,20990
Município,Vagos,1999,21333
Município,Vagos,2000,21720
Município,Vagos,2001,22038
Município,Vagos,2002,22214
Município,Vagos,2003,22339
Município,Vagos,2004,22419
Município,Vagos,2005,22468
Município,Vagos,2006,22547
Município,Vagos,2007,22642
Município,Vagos,2008,22730
Município,Vagos,2009,22800
Município,Vagos,2010,22848
Município,Vagos,2011,22917
Município,Vagos,2012,22900
Município,Vagos,2013,22792
Município,Vagos,2014,22682
Município,Vagos,2015,22602
Município,Vagos,2016,22560
Município,Vagos,2017,22531
Município,Vagos,2018,22575
Município,Vagos,2019,22709
Município,Vagos,2020,22915
Município,Vagos,2022,23322
Município,Vagos,2023,24206
Município,Vagos,2024,24909
Município,Vagos,2025,25360
NUTS III,Região de Coimbra,1982,469278
NUTS III,Região de Coimbra,1983,470208
NUTS III,Região de Coimbra,1984,470623
NUTS III,Região de Coimbra,1985,470448
NUTS III,Região de Coimbra,1986,469340
NUTS III,Região de Coimbra,1987,467638
NUTS III,Região de Coimbra,1988,465552
NUTS III,Região de Coimbra,1989,463309
NUTS III,Região de Coimbra,1990,460744
NUTS III,Região de Coimbra,1991,459710
NUTS III,Região de Coimbra,1992,459936
NUTS III,Região de Coimbra,1993,460227
NUTS III,Região de Coimbra,1994,461315
NUTS III,Região de Coimbra,1995,462603
NUTS III,Região de Coimbra,1996,463941
NUTS III,Região de Coimbra,1997,465400
NUTS III,Região de Coimbra,1998,466978
NUTS III,Região de Coimbra,1999,468627
NUTS III,Região de Coimbra,2000,470641
NUTS III,Região de Coimbra,2001,471976
NUTS III,Região de Coimbra,2002,471993
NUTS III,Região de Coimbra,2003,471347
NUTS III,Região de Coimbra,2004,470252
NUTS III,Região de Coimbra,2005,469066
NUTS III,Região de Coimbra,2006,467867
NUTS III,Região de Coimbra,2007,466607
NUTS III,Região de Coimbra,2008,465224
NUTS III,Região de Coimbra,2009,463732
NUTS III,Região de Coimbra,2010,461987
NUTS III,Região de Coimbra,2011,460605
NUTS III,Região de Coimbra,2012,458372
NUTS III,Região de Coimbra,2013,454614
NUTS III,Região de Coimbra,2014,450922
NUTS III,Região de Coimbra,2015,447937
NUTS III,Região de Coimbra,2016,445381
NUTS III,Região de Coimbra,2017,442791
NUTS III,Região de Coimbra,2018,440538
NUTS III,Região de Coimbra,2019,439628
NUTS III,Região de Coimbra,2020,439501
NUTS III,Região de Coimbra,2022,447605
NUTS III,Região de Coimbra,2023,456838
NUTS III,Região de Coimbra,2024,463525
NUTS III,Região de Coimbra,2025,466706
Município,Arganil,1982,15467
Município,Arganil,1983,15393
Município,Arganil,1984,15299
Município,Arganil,1985,15204
Município,Arganil,1986,15057
Município,Arganil,1987,14877
Município,Arganil,1988,14687
Município,Arganil,1989,14456
Município,Arganil,1990,14196
Município,Arganil,1991,14015
Município,Arganil,1992,13931
Município,Arganil,1993,13874
Município,Arganil,1994,13867
Município,Arganil,1995,13872
Município,Arganil,1996,13850
Município,Arganil,1997,13807
Município,Arganil,1998,13759
Município,Arganil,1999,13695
Município,Arganil,2000,13641
Município,Arganil,2001,13584
Município,Arganil,2002,13476
Município,Arganil,2003,13344
Município,Arganil,2004,13196
Município,Arganil,2005,13050
Município,Arganil,2006,12905
Município,Arganil,2007,12737
Município,Arganil,2008,12572
Município,Arganil,2009,12419
Município,Arganil,2010,12262
Município,Arganil,2011,12152
Município,Arganil,2012,12035
Município,Arganil,2013,11856
Município,Arganil,2014,11691
Município,Arganil,2015,11567
Município,Arganil,2016,11457
Município,Arganil,2017,11336
Município,Arganil,2018,11226
Município,Arganil,2019,11156
Município,Arganil,2020,11156
Município,Arganil,2022,11041
Município,Arganil,2023,11262
Município,Arganil,2024,11380
Município,Arganil,2025,11429
Município,Cantanhede,1982,38934
Município,Cantanhede,1983,38991
Município,Cantanhede,1984,39027
Município,Cantanhede,1985,38976
Município,Cantanhede,1986,38793
Município,Cantanhede,1987,38567
Município,Cantanhede,1988,38264
Município,Cantanhede,1989,37921
Município,Cantanhede,1990,37567
Município,Cantanhede,1991,37319
Município,Cantanhede,1992,37167
Município,Cantanhede,1993,37031
Município,Cantanhede,1994,37003
Município,Cantanhede,1995,37004
Município,Cantanhede,1996,37019
Município,Cantanhede,1997,37137
Município,Cantanhede,1998,37320
Município,Cantanhede,1999,37488
Município,Cantanhede,2000,37705
Município,Cantanhede,2001,37839
Município,Cantanhede,2002,37823
Município,Cantanhede,2003,37759
Município,Cantanhede,2004,37639
Município,Cantanhede,2005,37518
Município,Cantanhede,2006,37383
Município,Cantanhede,2007,37240
Município,Cantanhede,2008,37100
Município,Cantanhede,2009,36959
Município,Cantanhede,2010,36778
Município,Cantanhede,2011,36615
Município,Cantanhede,2012,36376
Município,Cantanhede,2013,35996
Município,Cantanhede,2014,35627
Município,Cantanhede,2015,35300
Município,Cantanhede,2016,35019
Município,Cantanhede,2017,34757
Município,Cantanhede,2018,34547
Município,Cantanhede,2019,34451
Município,Cantanhede,2020,34437
Município,Cantanhede,2022,34465
Município,Cantanhede,2023,35009
Município,Cantanhede,2024,35450
Município,Cantanhede,2025,35728
Município,Coimbra,1982,140469
Município,Coimbra,1983,141142
Município,Coimbra,1984,141636
Município,Coimbra,1985,141931
Município,Coimbra,1986,141817
Município,Coimbra,1987,141396
Município,Coimbra,1988,140938
Município,Coimbra,1989,140536
Município,Coimbra,1990,140008
Município,Coimbra,1991,140277
Município,Coimbra,1992,141202
Município,Coimbra,1993,142114
Município,Coimbra,1994,143133
Município,Coimbra,1995,144112
Município,Coimbra,1996,145031
Município,Coimbra,1997,145818
Município,Coimbra,1998,146551
Município,Coimbra,1999,147223
Município,Coimbra,2000,147889
Município,Coimbra,2001,148260
Município,Coimbra,2002,148147
Município,Coimbra,2003,147808
Município,Coimbra,2004,147374
Município,Coimbra,2005,146896
Município,Coimbra,2006,146349
Município,Coimbra,2007,145802
Município,Coimbra,2008,145238
Município,Coimbra,2009,144617
Município,Coimbra,2010,143945
Município,Coimbra,2011,143500
Município,Coimbra,2012,143227
Município,Coimbra,2013,142820
Município,Coimbra,2014,142434
Município,Coimbra,2015,142243
Município,Coimbra,2016,142130
Município,Coimbra,2017,142043
Município,Coimbra,2018,142077
Município,Coimbra,2019,142498
Município,Coimbra,2020,142223
Município,Coimbra,2022,148279
Município,Coimbra,2023,152378
Município,Coimbra,2024,155328
Município,Coimbra,2025,156396
Município,Condeixa-a-Nova,1982,13246
Município,Condeixa-a-Nova,1983,13228
Município,Condeixa-a-Nova,1984,13198
Município,Condeixa-a-Nova,1985,13179
Município,Condeixa-a-Nova,1986,13159
Município,Condeixa-a-Nova,1987,13136
Município,Condeixa-a-Nova,1988,13131
Município,Condeixa-a-Nova,1989,13129
Município,Condeixa-a-Nova,1990,13102
Município,Condeixa-a-Nova,1991,13183
Município,Condeixa-a-Nova,1992,13364
Município,Condeixa-a-Nova,1993,13546
Município,Condeixa-a-Nova,1994,13748
Município,Condeixa-a-Nova,1995,13969
Município,Condeixa-a-Nova,1996,14212
Município,Condeixa-a-Nova,1997,14434
Município,Condeixa-a-Nova,1998,14666
Município,Condeixa-a-Nova,1999,14914
Município,Condeixa-a-Nova,2000,15184
Município,Condeixa-a-Nova,2001,15420
Município,Condeixa-a-Nova,2002,15608
Município,Condeixa-a-Nova,2003,15794
Município,Condeixa-a-Nova,2004,15968
Município,Condeixa-a-Nova,2005,16128
Município,Condeixa-a-Nova,2006,16286
Município,Condeixa-a-Nova,2007,16481
Município,Condeixa-a-Nova,2008,16678
Município,Condeixa-a-Nova,2009,16858
Município,Condeixa-a-Nova,2010,17029
Município,Condeixa-a-Nova,2011,17183
Município,Condeixa-a-Nova,2012,17212
Município,Condeixa-a-Nova,2013,17107
Município,Condeixa-a-Nova,2014,16991
Município,Condeixa-a-Nova,2015,16911
Município,Condeixa-a-Nova,2016,16857
Município,Condeixa-a-Nova,2017,16821
Município,Condeixa-a-Nova,2018,16784
Município,Condeixa-a-Nova,2019,16765
Município,Condeixa-a-Nova,2020,16796
Município,Condeixa-a-Nova,2022,16938
Município,Condeixa-a-Nova,2023,17225
Município,Condeixa-a-Nova,2024,17514
Município,Condeixa-a-Nova,2025,17681
Município,Figueira da Foz,1982,58881
Município,Figueira da Foz,1983,59134
Município,Figueira da Foz,1984,59361
Município,Figueira da Foz,1985,59579
Município,Figueira da Foz,1986,59903
Município,Figueira da Foz,1987,60322
Município,Figueira da Foz,1988,60743
Município,Figueira da Foz,1989,61166
Município,Figueira da Foz,1990,61582
Município,Figueira da Foz,1991,61838
Município,Figueira da Foz,1992,61840
Município,Figueira da Foz,1993,61721
Município,Figueira da Foz,1994,61677
Município,Figueira da Foz,1995,61721
Município,Figueira da Foz,1996,61794
Município,Figueira da Foz,1997,61881
Município,Figueira da Foz,1998,62012
Município,Figueira da Foz,1999,62179
Município,Figueira da Foz,2000,62400
Município,Figueira da Foz,2001,62604
Município,Figueira da Foz,2002,62751
Município,Figueira da Foz,2003,62846
Município,Figueira da Foz,2004,62852
Município,Figueira da Foz,2005,62829
Município,Figueira da Foz,2006,62799
Município,Figueira da Foz,2007,62701
Município,Figueira da Foz,2008,62571
Município,Figueira da Foz,2009,62458
Município,Figueira da Foz,2010,62329
Município,Figueira da Foz,2011,62295
Município,Figueira da Foz,2012,62026
Município,Figueira da Foz,2013,61408
Município,Figueira da Foz,2014,60813
Município,Figueira da Foz,2015,60334
Município,Figueira da Foz,2016,59911
Município,Figueira da Foz,2017,59451
Município,Figueira da Foz,2018,59069
Município,Figueira da Foz,2019,58944
Município,Figueira da Foz,2020,59149
Município,Figueira da Foz,2022,61651
Município,Figueira da Foz,2023,63570
Município,Figueira da Foz,2024,64906
Município,Figueira da Foz,2025,65598
Município,Góis,1982,6397
Município,Góis,1983,6337
Município,Góis,1984,6258
Município,Góis,1985,6173
Município,Góis,1986,6073
Município,Góis,1987,5952
Município,Góis,1988,5816
Município,Góis,1989,5667
Município,Góis,1990,5511
Município,Góis,1991,5389
Município,Góis,1992,5307
Município,Góis,1993,5232
Município,Góis,1994,5174
Município,Góis,1995,5131
Município,Góis,1996,5082
Município,Góis,1997,5038
Município,Góis,1998,5001
Município,Góis,1999,4954
Município,Góis,2000,4896
Município,Góis,2001,4840
Município,Góis,2002,4783
Município,Góis,2003,4727
Município,Góis,2004,4669
Município,Góis,2005,4608
Município,Góis,2006,4552
Município,Góis,2007,4502
Município,Góis,2008,4445
Município,Góis,2009,4383
Município,Góis,2010,4313
Município,Góis,2011,4271
Município,Góis,2012,4233
Município,Góis,2013,4174
Município,Góis,2014,4122
Município,Góis,2015,4071
Município,Góis,2016,4021
Município,Góis,2017,3964
Município,Góis,2018,3902
Município,Góis,2019,3853
Município,Góis,2020,3822
Município,Góis,2022,3736
Município,Góis,2023,3796
Município,Góis,2024,3817
Município,Góis,2025,3815
Município,Lousã,1982,13039
Município,Lousã,1983,13082
Município,Lousã,1984,13116
Município,Lousã,1985,13132
Município,Lousã,1986,13166
Município,Lousã,1987,13224
Município,Lousã,1988,13285
Município,Lousã,1989,13365
Município,Lousã,1990,13448
Município,Lousã,1991,13581
Município,Lousã,1992,13724
Município,Lousã,1993,13869
Município,Lousã,1994,14073
Município,Lousã,1995,14301
Município,Lousã,1996,14535
Município,Lousã,1997,14756
Município,Lousã,1998,14982
Município,Lousã,1999,15253
Município,Lousã,2000,15553
Município,Lousã,2001,15826
Município,Lousã,2002,16051
Município,Lousã,2003,16249
Município,Lousã,2004,16433
Município,Lousã,2005,16618
Município,Lousã,2006,16819
Município,Lousã,2007,17039
Município,Lousã,2008,17228
Município,Lousã,2009,17387
Município,Lousã,2010,17544
Município,Lousã,2011,17626
Município,Lousã,2012,17571
Município,Lousã,2013,17445
Município,Lousã,2014,17315
Município,Lousã,2015,17215
Município,Lousã,2016,17137
Município,Lousã,2017,17067
Município,Lousã,2018,17004
Município,Lousã,2019,16957
Município,Lousã,2020,17003
Município,Lousã,2022,17256
Município,Lousã,2023,17612
Município,Lousã,2024,17898
Município,Lousã,2025,18070
Município,Mealhada,1982,19403
Município,Mealhada,1983,19434
Município,Mealhada,1984,19450
Município,Mealhada,1985,19448
Município,Mealhada,1986,19342
Município,Mealhada,1987,19162
Município,Mealhada,1988,18953
Município,Mealhada,1989,18735
Município,Mealhada,1990,18507
Município,Mealhada,1991,18474
Município,Mealhada,1992,18622
Município,Mealhada,1993,18813
Município,Mealhada,1994,19081
Município,Mealhada,1995,19338
Município,Mealhada,1996,19582
Município,Mealhada,1997,19825
Município,Mealhada,1998,20054
Município,Mealhada,1999,20301
Município,Mealhada,2000,20578
Município,Mealhada,2001,20740
Município,Mealhada,2002,20762
Município,Mealhada,2003,20750
Município,Mealhada,2004,20715
Município,Mealhada,2005,20686
Município,Mealhada,2006,20673
Município,Mealhada,2007,20669
Município,Mealhada,2008,20644
Município,Mealhada,2009,20578
Município,Mealhada,2010,20501
Município,Mealhada,2011,20428
Município,Mealhada,2012,20318
Município,Mealhada,2013,20146
Município,Mealhada,2014,19969
Município,Mealhada,2015,19834
Município,Mealhada,2016,19716
Município,Mealhada,2017,19584
Município,Mealhada,2018,19458
Município,Mealhada,2019,19395
Município,Mealhada,2020,19409
Município,Mealhada,2022,19505
Município,Mealhada,2023,19715
Município,Mealhada,2024,19810
Município,Mealhada,2025,19905
Município,Mira,1982,13378
Município,Mira,1983,13437
Município,Mira,1984,13478
Município,Mira,1985,13498
Município,Mira,1986,13505
Município,Mira,1987,13492
Município,Mira,1988,13457
Município,Mira,1989,13409
Município,Mira,1990,13360
Município,Mira,1991,13283
Município,Mira,1992,13166
Município,Mira,1993,13039
Município,Mira,1994,12923
Município,Mira,1995,12844
Município,Mira,1996,12804
Município,Mira,1997,12792
Município,Mira,1998,12781
Município,Mira,1999,12789
Município,Mira,2000,12826
Município,Mira,2001,12846
Município,Mira,2002,12843
Município,Mira,2003,12819
Município,Mira,2004,12786
Município,Mira,2005,12759
Município,Mira,2006,12710
Município,Mira,2007,12654
Município,Mira,2008,12615
Município,Mira,2009,12577
Município,Mira,2010,12525
Município,Mira,2011,12502
Município,Mira,2012,12459
Município,Mira,2013,12373
Município,Mira,2014,12285
Município,Mira,2015,12198
Município,Mira,2016,12138
Município,Mira,2017,12092
Município,Mira,2018,12051
Município,Mira,2019,12055
Município,Mira,2020,12132
Município,Mira,2022,12160
Município,Mira,2023,12455
Município,Mira,2024,12592
Município,Mira,2025,12646
Município,Miranda do Corvo,1982,12243
Município,Miranda do Corvo,1983,12238
Município,Miranda do Corvo,1984,12220
Município,Miranda do Corvo,1985,12173
Município,Miranda do Corvo,1986,12097
Município,Miranda do Corvo,1987,12035
Município,Miranda do Corvo,1988,11982
Município,Miranda do Corvo,1989,11918
Município,Miranda do Corvo,1990,11809
Município,Miranda do Corvo,1991,11791
Município,Miranda do Corvo,1992,11876
Município,Miranda do Corvo,1993,11954
Município,Miranda do Corvo,1994,12084
Município,Miranda do Corvo,1995,12228
Município,Miranda do Corvo,1996,12365
Município,Miranda do Corvo,1997,12511
Município,Miranda do Corvo,1998,12660
Município,Miranda do Corvo,1999,12801
Município,Miranda do Corvo,2000,12965
Município,Miranda do Corvo,2001,13078
Município,Miranda do Corvo,2002,13109
Município,Miranda do Corvo,2003,13136
Município,Miranda do Corvo,2004,13132
Município,Miranda do Corvo,2005,13120
Município,Miranda do Corvo,2006,13143
Município,Miranda do Corvo,2007,13163
Município,Miranda do Corvo,2008,13162
Município,Miranda do Corvo,2009,13163
Município,Miranda do Corvo,2010,13148
Município,Miranda do Corvo,2011,13161
Município,Miranda do Corvo,2012,13115
Município,Miranda do Corvo,2013,12952
Município,Miranda do Corvo,2014,12792
Município,Miranda do Corvo,2015,12651
Município,Miranda do Corvo,2016,12530
Município,Miranda do Corvo,2017,12404
Município,Miranda do Corvo,2018,12256
Município,Miranda do Corvo,2019,12141
Município,Miranda do Corvo,2020,12089
Município,Miranda do Corvo,2022,12028
Município,Miranda do Corvo,2023,12131
Município,Miranda do Corvo,2024,12222
Município,Miranda do Corvo,2025,12282
Município,Montemor-o-Velho,1982,27336
Município,Montemor-o-Velho,1983,27387
Município,Montemor-o-Velho,1984,27403
Município,Montemor-o-Velho,1985,27355
Município,Montemor-o-Velho,1986,27278
Município,Montemor-o-Velho,1987,27150
Município,Montemor-o-Velho,1988,26982
Município,Montemor-o-Velho,1989,26803
Município,Montemor-o-Velho,1990,26620
Município,Montemor-o-Velho,1991,26479
Município,Montemor-o-Velho,1992,26344
Município,Montemor-o-Velho,1993,26152
Município,Montemor-o-Velho,1994,25976
Município,Montemor-o-Velho,1995,25842
Município,Montemor-o-Velho,1996,25721
Município,Montemor-o-Velho,1997,25647
Município,Montemor-o-Velho,1998,25585
Município,Montemor-o-Velho,1999,25523
Município,Montemor-o-Velho,2000,25486
Município,Montemor-o-Velho,2001,25550
Município,Montemor-o-Velho,2002,25667
Município,Montemor-o-Velho,2003,25722
Município,Montemor-o-Velho,2004,25769
Município,Montemor-o-Velho,2005,25822
Município,Montemor-o-Velho,2006,25877
Município,Montemor-o-Velho,2007,25922
Município,Montemor-o-Velho,2008,25990
Município,Montemor-o-Velho,2009,26080
Município,Montemor-o-Velho,2010,26164
Município,Montemor-o-Velho,2011,26166
Município,Montemor-o-Velho,2012,26014
Município,Montemor-o-Velho,2013,25766
Município,Montemor-o-Velho,2014,25497
Município,Montemor-o-Velho,2015,25269
Município,Montemor-o-Velho,2016,25073
Município,Montemor-o-Velho,2017,24868
Município,Montemor-o-Velho,2018,24674
Município,Montemor-o-Velho,2019,24559
Município,Montemor-o-Velho,2020,24604
Município,Montemor-o-Velho,2022,24616
Município,Montemor-o-Velho,2023,24793
Município,Montemor-o-Velho,2024,25036
Município,Montemor-o-Velho,2025,25236
Município,Mortágua,1982,11349
Município,Mortágua,1983,11367
Município,Mortágua,1984,11356
Município,Mortágua,1985,11330
Município,Mortágua,1986,11271
Município,Mortágua,1987,11181
Município,Mortágua,1988,11072
Município,Mortágua,1989,10945
Município,Mortágua,1990,10806
Município,Mortágua,1991,10697
Município,Mortágua,1992,10605
Município,Mortágua,1993,10516
Município,Mortágua,1994,10444
Município,Mortágua,1995,10388
Município,Mortágua,1996,10363
Município,Mortágua,1997,10351
Município,Mortágua,1998,10335
Município,Mortágua,1999,10322
Município,Mortágua,2000,10339
Município,Mortágua,2001,10347
Município,Mortágua,2002,10310
Município,Mortágua,2003,10270
Município,Mortágua,2004,10215
Município,Mortágua,2005,10127
Município,Mortágua,2006,10032
Município,Mortágua,2007,9942
Município,Mortágua,2008,9858
Município,Mortágua,2009,9770
Município,Mortágua,2010,9679
Município,Mortágua,2011,9589
Município,Mortágua,2012,9503
Município,Mortágua,2013,9414
Município,Mortágua,2014,9318
Município,Mortágua,2015,9231
Município,Mortágua,2016,9158
Município,Mortágua,2017,9086
Município,Mortágua,2018,9033
Município,Mortágua,2019,9018
Município,Mortágua,2020,9024
Município,Mortágua,2022,8999
Município,Mortágua,2023,9148
Município,Mortágua,2024,9190
Município,Mortágua,2025,9192
Município,Oliveira do Hospital,1982,23642
Município,Oliveira do Hospital,1983,23656
Município,Oliveira do Hospital,1984,23662
Município,Oliveira do Hospital,1985,23624
Município,Oliveira do Hospital,1986,23516
Município,Oliveira do Hospital,1987,23394
Município,Oliveira do Hospital,1988,23229
Município,Oliveira do Hospital,1989,23045
Município,Oliveira do Hospital,1990,22837
Município,Oliveira do Hospital,1991,22673
Município,Oliveira do Hospital,1992,22564
Município,Oliveira do Hospital,1993,22450
Município,Oliveira do Hospital,1994,22360
Município,Oliveira do Hospital,1995,22270
Município,Oliveira do Hospital,1996,22202
Município,Oliveira do Hospital,1997,22155
Município,Oliveira do Hospital,1998,22129
Município,Oliveira do Hospital,1999,22126
Município,Oliveira do Hospital,2000,22110
Município,Oliveira do Hospital,2001,22067
Município,Oliveira do Hospital,2002,22004
Município,Oliveira do Hospital,2003,21908
Município,Oliveira do Hospital,2004,21785
Município,Oliveira do Hospital,2005,21656
Município,Oliveira do Hospital,2006,21527
Município,Oliveira do Hospital,2007,21415
Município,Oliveira do Hospital,2008,21300
Município,Oliveira do Hospital,2009,21162
Município,Oliveira do Hospital,2010,20993
Município,Oliveira do Hospital,2011,20820
Município,Oliveira do Hospital,2012,20641
Município,Oliveira do Hospital,2013,20423
Município,Oliveira do Hospital,2014,20201
Município,Oliveira do Hospital,2015,20028
Município,Oliveira do Hospital,2016,19866
Município,Oliveira do Hospital,2017,19712
Município,Oliveira do Hospital,2018,19574
Município,Oliveira do Hospital,2019,19480
Município,Oliveira do Hospital,2020,19487
Município,Oliveira do Hospital,2022,19514
Município,Oliveira do Hospital,2023,19741
Município,Oliveira do Hospital,2024,19935
Município,Oliveira do Hospital,2025,20036
Município,Pampilhosa da Serra,1982,7447
Município,Pampilhosa da Serra,1983,7386
Município,Pampilhosa da Serra,1984,7299
Município,Pampilhosa da Serra,1985,7203
Município,Pampilhosa da Serra,1986,7043
Município,Pampilhosa da Serra,1987,6825
Município,Pampilhosa da Serra,1988,6567
Município,Pampilhosa da Serra,1989,6294
Município,Pampilhosa da Serra,1990,6020
Município,Pampilhosa da Serra,1991,5826
Município,Pampilhosa da Serra,1992,5748
Município,Pampilhosa da Serra,1993,5707
Município,Pampilhosa da Serra,1994,5659
Município,Pampilhosa da Serra,1995,5583
Município,Pampilhosa da Serra,1996,5502
Município,Pampilhosa da Serra,1997,5436
Município,Pampilhosa da Serra,1998,5366
Município,Pampilhosa da Serra,1999,5305
Município,Pampilhosa da Serra,2000,5254
Município,Pampilhosa da Serra,2001,5201
Município,Pampilhosa da Serra,2002,5144
Município,Pampilhosa da Serra,2003,5068
Município,Pampilhosa da Serra,2004,4994
Município,Pampilhosa da Serra,2005,4926
Município,Pampilhosa da Serra,2006,4859
Município,Pampilhosa da Serra,2007,4794
Município,Pampilhosa da Serra,2008,4712
Município,Pampilhosa da Serra,2009,4629
Município,Pampilhosa da Serra,2010,4548
Município,Pampilhosa da Serra,2011,4469
Município,Pampilhosa da Serra,2012,4377
Município,Pampilhosa da Serra,2013,4299
Município,Pampilhosa da Serra,2014,4258
Município,Pampilhosa da Serra,2015,4221
Município,Pampilhosa da Serra,2016,4182
Município,Pampilhosa da Serra,2017,4144
Município,Pampilhosa da Serra,2018,4107
Município,Pampilhosa da Serra,2019,4097
Município,Pampilhosa da Serra,2020,4094
Município,Pampilhosa da Serra,2022,3362
Município,Pampilhosa da Serra,2023,3339
Município,Pampilhosa da Serra,2024,3320
Município,Pampilhosa da Serra,2025,3309
Município,Penacova,1982,17428
Município,Penacova,1983,17477
Município,Penacova,1984,17487
Município,Penacova,1985,17467
Município,Penacova,1986,17398
Município,Penacova,1987,17308
Município,Penacova,1988,17189
Município,Penacova,1989,17063
Município,Penacova,1990,16930
Município,Penacova,1991,16802
Município,Penacova,1992,16690
Município,Penacova,1993,16640
Município,Penacova,1994,16644
Município,Penacova,1995,16612
Município,Penacova,1996,16570
Município,Penacova,1997,16565
Município,Penacova,1998,16575
Município,Penacova,1999,16597
Município,Penacova,2000,16660
Município,Penacova,2001,16674
Município,Penacova,2002,16590
Município,Penacova,2003,16446
Município,Penacova,2004,16290
Município,Penacova,2005,16153
Município,Penacova,2006,16007
Município,Penacova,2007,15855
Município,Penacova,2008,15707
Município,Penacova,2009,15546
Município,Penacova,2010,15375
Município,Penacova,2011,15180
Município,Penacova,2012,14960
Município,Penacova,2013,14720
Município,Penacova,2014,14472
Município,Penacova,2015,14250
Município,Penacova,2016,14032
Município,Penacova,2017,13799
Município,Penacova,2018,13582
Município,Penacova,2019,13397
Município,Penacova,2020,13246
Município,Penacova,2022,13205
Município,Penacova,2023,13183
Município,Penacova,2024,13176
Município,Penacova,2025,13132
Município,Penela,1982,7982
Município,Penela,1983,7929
Município,Penela,1984,7872
Município,Penela,1985,7799
Município,Penela,1986,7687
Município,Penela,1987,7553
Município,Penela,1988,7406
Município,Penela,1989,7244
Município,Penela,1990,7070
Município,Penela,1991,6945
Município,Penela,1992,6876
Município,Penela,1993,6816
Município,Penela,1994,6768
Município,Penela,1995,6738
Município,Penela,1996,6718
Município,Penela,1997,6705
Município,Penela,1998,6679
Município,Penela,1999,6631
Município,Penela,2000,6601
Município,Penela,2001,6571
Município,Penela,2002,6525
Município,Penela,2003,6465
Município,Penela,2004,6395
Município,Penela,2005,6317
Município,Penela,2006,6251
Município,Penela,2007,6199
Município,Penela,2008,6137
Município,Penela,2009,6078
Município,Penela,2010,6023
Município,Penela,2011,5977
Município,Penela,2012,5918
Município,Penela,2013,5832
Município,Penela,2014,5751
Município,Penela,2015,5686
Município,Penela,2016,5627
Município,Penela,2017,5560
Município,Penela,2018,5505
Município,Penela,2019,5470
Município,Penela,2020,5463
Município,Penela,2022,5413
Município,Penela,2023,5525
Município,Penela,2024,5606
Município,Penela,2025,5683
Município,Soure,1982,22511
Município,Soure,1983,22484
Município,Soure,1984,22447
Município,Soure,1985,22384
Município,Soure,1986,22307
Município,Soure,1987,22221
Município,Soure,1988,22116
Município,Soure,1989,22008
Município,Soure,1990,21904
Município,Soure,1991,21768
Município,Soure,1992,21579
Município,Soure,1993,21429
Município,Soure,1994,21352
Município,Soure,1995,21268
Município,Soure,1996,21169
Município,Soure,1997,21091
Município,Soure,1998,21043
Município,Soure,1999,20991
Município,Soure,2000,20945
Município,Soure,2001,20877
Município,Soure,2002,20743
Município,Soure,2003,20573
Município,Soure,2004,20404
Município,Soure,2005,20251
Município,Soure,2006,20111
Município,Soure,2007,19956
Município,Soure,2008,19765
Município,Soure,2009,19588
Município,Soure,2010,19405
Município,Soure,2011,19218
Município,Soure,2012,18999
Município,Soure,2013,18741
Município,Soure,2014,18478
Município,Soure,2015,18217
Município,Soure,2016,17999
Município,Soure,2017,17774
Município,Soure,2018,17554
Município,Soure,2019,17391
Município,Soure,2020,17316
Município,Soure,2022,17269
Município,Soure,2023,17376
Município,Soure,2024,17466
Município,Soure,2025,17483
Município,Tábua,1982,13485
Município,Tábua,1983,13481
Município,Tábua,1984,13448
Município,Tábua,1985,13423
Município,Tábua,1986,13400
Município,Tábua,1987,13378
Município,Tábua,1988,13345
Município,Tábua,1989,13285
Município,Tábua,1990,13216
Município,Tábua,1991,13146
Município,Tábua,1992,13078
Município,Tábua,1993,12993
Município,Tábua,1994,12912
Município,Tábua,1995,12855
Município,Tábua,1996,12792
Município,Tábua,1997,12720
Município,Tábua,1998,12661
Município,Tábua,1999,12628
Município,Tábua,2000,12610
Município,Tábua,2001,12592
Município,Tábua,2002,12577
Município,Tábua,2003,12547
Município,Tábua,2004,12494
Município,Tábua,2005,12439
Município,Tábua,2006,12388
Município,Tábua,2007,12324
Município,Tábua,2008,12274
Município,Tábua,2009,12225
Município,Tábua,2010,12152
Município,Tábua,2011,12109
Município,Tábua,2012,12028
Município,Tábua,2013,11877
Município,Tábua,2014,11735
Município,Tábua,2015,11618
Município,Tábua,2016,11505
Município,Tábua,2017,11385
Município,Tábua,2018,11265
Município,Tábua,2019,11174
Município,Tábua,2020,11207
Município,Tábua,2022,11185
Município,Tábua,2023,11430
Município,Tábua,2024,11582
Município,Tábua,2025,11650
Município,Vila Nova de Poiares,1982,6645
Município,Vila Nova de Poiares,1983,6630
Município,Vila Nova de Poiares,1984,6611
Município,Vila Nova de Poiares,1985,6573
Município,Vila Nova de Poiares,1986,6531
Município,Vila Nova de Poiares,1987,6471
Município,Vila Nova de Poiares,1988,6394
Município,Vila Nova de Poiares,1989,6323
Município,Vila Nova de Poiares,1990,6254
Município,Vila Nova de Poiares,1991,6229
Município,Vila Nova de Poiares,1992,6259
Município,Vila Nova de Poiares,1993,6335
Município,Vila Nova de Poiares,1994,6441
Município,Vila Nova de Poiares,1995,6533
Município,Vila Nova de Poiares,1996,6634
Município,Vila Nova de Poiares,1997,6736
Município,Vila Nova de Poiares,1998,6823
Município,Vila Nova de Poiares,1999,6912
Município,Vila Nova de Poiares,2000,7003
Município,Vila Nova de Poiares,2001,7063
Município,Vila Nova de Poiares,2002,7086
Município,Vila Nova de Poiares,2003,7120
Município,Vila Nova de Poiares,2004,7147
Município,Vila Nova de Poiares,2005,7168
Município,Vila Nova de Poiares,2006,7201
Município,Vila Nova de Poiares,2007,7216
Município,Vila Nova de Poiares,2008,7234
Município,Vila Nova de Poiares,2009,7261
Município,Vila Nova de Poiares,2010,7280
Município,Vila Nova de Poiares,2011,7349
Município,Vila Nova de Poiares,2012,7364
Município,Vila Nova de Poiares,2013,7269
Município,Vila Nova de Poiares,2014,7177
Município,Vila Nova de Poiares,2015,7100
Município,Vila Nova de Poiares,2016,7027
Município,Vila Nova de Poiares,2017,6949
Município,Vila Nova de Poiares,2018,6875
Município,Vila Nova de Poiares,2019,6830
Município,Vila Nova de Poiares,2020,6849
Município,Vila Nova de Poiares,2022,6988
Município,Vila Nova de Poiares,2023,7155
Município,Vila Nova de Poiares,2024,7301
Município,Vila Nova de Poiares,2025,7439
NUTS III,Região de Leiria,1982,263395
NUTS III,Região de Leiria,1983,264525
NUTS III,Região de Leiria,1984,265428
NUTS III,Região de Leiria,1985,266005
NUTS III,Região de Leiria,1986,266185
NUTS III,Região de Leiria,1987,266155
NUTS III,Região de Leiria,1988,265844
NUTS III,Região de Leiria,1989,265441
NUTS III,Região de Leiria,1990,264955
NUTS III,Região de Leiria,1991,266001
NUTS III,Região de Leiria,1992,267682
NUTS III,Região de Leiria,1993,268780
NUTS III,Região de Leiria,1994,270499
NUTS III,Região de Leiria,1995,272551
NUTS III,Região de Leiria,1996,274804
NUTS III,Região de Leiria,1997,277322
NUTS III,Região de Leiria,1998,279953
NUTS III,Região de Leiria,1999,282764
NUTS III,Região de Leiria,2000,286118
NUTS III,Região de Leiria,2001,288936
NUTS III,Região de Leiria,2002,290623
NUTS III,Região de Leiria,2003,291736
NUTS III,Região de Leiria,2004,292487
NUTS III,Região de Leiria,2005,293037
NUTS III,Região de Leiria,2006,293601
NUTS III,Região de Leiria,2007,294240
NUTS III,Região de Leiria,2008,294628
NUTS III,Região de Leiria,2009,294862
NUTS III,Região de Leiria,2010,295006
NUTS III,Região de Leiria,2011,295064
NUTS III,Região de Leiria,2012,294118
NUTS III,Região de Leiria,2013,292071
NUTS III,Região de Leiria,2014,290031
NUTS III,Região de Leiria,2015,288513
NUTS III,Região de Leiria,2016,287372
NUTS III,Região de Leiria,2017,286280
NUTS III,Região de Leiria,2018,285401
NUTS III,Região de Leiria,2019,285520
NUTS III,Região de Leiria,2020,287108
NUTS III,Região de Leiria,2022,298957
NUTS III,Região de Leiria,2023,308152
NUTS III,Região de Leiria,2024,314551
NUTS III,Região de Leiria,2025,317945
Município,Alvaiázere,1982,10500
Município,Alvaiázere,1983,10441
Município,Alvaiázere,1984,10360
Município,Alvaiázere,1985,10276
Município,Alvaiázere,1986,10168
Município,Alvaiázere,1987,10021
Município,Alvaiázere,1988,9830
Município,Alvaiázere,1989,9643
Município,Alvaiázere,1990,9462
Município,Alvaiázere,1991,9323
Município,Alvaiázere,1992,9206
Município,Alvaiázere,1993,9071
Município,Alvaiázere,1994,8967
Município,Alvaiázere,1995,8875
Município,Alvaiázere,1996,8794
Município,Alvaiázere,1997,8708
Município,Alvaiázere,1998,8605
Município,Alvaiázere,1999,8523
Município,Alvaiázere,2000,8472
Município,Alvaiázere,2001,8419
Município,Alvaiázere,2002,8334
Município,Alvaiázere,2003,8213
Município,Alvaiázere,2004,8085
Município,Alvaiázere,2005,7958
Município,Alvaiázere,2006,7840
Município,Alvaiázere,2007,7725
Município,Alvaiázere,2008,7598
Município,Alvaiázere,2009,7479
Município,Alvaiázere,2010,7372
Município,Alvaiázere,2011,7222
Município,Alvaiázere,2012,7072
Município,Alvaiázere,2013,6950
Município,Alvaiázere,2014,6824
Município,Alvaiázere,2015,6722
Município,Alvaiázere,2016,6607
Município,Alvaiázere,2017,6490
Município,Alvaiázere,2018,6388
Município,Alvaiázere,2019,6308
Município,Alvaiázere,2020,6284
Município,Alvaiázere,2022,6141
Município,Alvaiázere,2023,6203
Município,Alvaiázere,2024,6267
Município,Alvaiázere,2025,6365
Município,Ansião,1982,15484
Município,Ansião,1983,15447
Município,Ansião,1984,15391
Município,Ansião,1985,15302
Município,Ansião,1986,15156
Município,Ansião,1987,14971
Município,Ansião,1988,14758
Município,Ansião,1989,14532
Município,Ansião,1990,14275
Município,Ansião,1991,14091
Município,Ansião,1992,13992
Município,Ansião,1993,13904
Município,Ansião,1994,13825
Município,Ansião,1995,13759
Município,Ansião,1996,13724
Município,Ansião,1997,13710
Município,Ansião,1998,13689
Município,Ansião,1999,13677
Município,Ansião,2000,13694
Município,Ansião,2001,13709
Município,Ansião,2002,13698
Município,Ansião,2003,13658
Município,Ansião,2004,13602
Município,Ansião,2005,13553
Município,Ansião,2006,13503
Município,Ansião,2007,13453
Município,Ansião,2008,13384
Município,Ansião,2009,13306
Município,Ansião,2010,13220
Município,Ansião,2011,13144
Município,Ansião,2012,13019
Município,Ansião,2013,12815
Município,Ansião,2014,12620
Município,Ansião,2015,12448
Município,Ansião,2016,12284
Município,Ansião,2017,12093
Município,Ansião,2018,11898
Município,Ansião,2019,11765
Município,Ansião,2020,11735
Município,Ansião,2022,11699
Município,Ansião,2023,11943
Município,Ansião,2024,12149
Município,Ansião,2025,12242
Município,Batalha,1982,12732
Município,Batalha,1983,12848
Município,Batalha,1984,12930
Município,Batalha,1985,12990
Município,Batalha,1986,13060
Município,Batalha,1987,13128
Município,Batalha,1988,13197
Município,Batalha,1989,13282
Município,Batalha,1990,13354
Município,Batalha,1991,13429
Município,Batalha,1992,13510
Município,Batalha,1993,13607
Município,Batalha,1994,13752
Município,Batalha,1995,13907
Município,Batalha,1996,14065
Município,Batalha,1997,14240
Município,Batalha,1998,14429
Município,Batalha,1999,14622
Município,Batalha,2000,14838
Município,Batalha,2001,15029
Município,Batalha,2002,15173
Município,Batalha,2003,15280
Município,Batalha,2004,15347
Município,Batalha,2005,15407
Município,Batalha,2006,15479
Município,Batalha,2007,15577
Município,Batalha,2008,15669
Município,Batalha,2009,15733
Município,Batalha,2010,15796
Município,Batalha,2011,15758
Município,Batalha,2012,15646
Município,Batalha,2013,15558
Município,Batalha,2014,15476
Município,Batalha,2015,15432
Município,Batalha,2016,15398
Município,Batalha,2017,15362
Município,Batalha,2018,15352
Município,Batalha,2019,15398
Município,Batalha,2020,15524
Município,Batalha,2022,16190
Município,Batalha,2023,16588
Município,Batalha,2024,16867
Município,Batalha,2025,17002
Município,Castanheira de Pêra,1982,5113
Município,Castanheira de Pêra,1983,5080
Município,Castanheira de Pêra,1984,5046
Município,Castanheira de Pêra,1985,5005
Município,Castanheira de Pêra,1986,4930
Município,Castanheira de Pêra,1987,4830
Município,Castanheira de Pêra,1988,4735
Município,Castanheira de Pêra,1989,4647
Município,Castanheira de Pêra,1990,4543
Município,Castanheira de Pêra,1991,4447
Município,Castanheira de Pêra,1992,4362
Município,Castanheira de Pêra,1993,4274
Município,Castanheira de Pêra,1994,4188
Município,Castanheira de Pêra,1995,4116
Município,Castanheira de Pêra,1996,4048
Município,Castanheira de Pêra,1997,3977
Município,Castanheira de Pêra,1998,3913
Município,Castanheira de Pêra,1999,3844
Município,Castanheira de Pêra,2000,3769
Município,Castanheira de Pêra,2001,3710
Município,Castanheira de Pêra,2002,3670
Município,Castanheira de Pêra,2003,3622
Município,Castanheira de Pêra,2004,3569
Município,Castanheira de Pêra,2005,3508
Município,Castanheira de Pêra,2006,3447
Município,Castanheira de Pêra,2007,3398
Município,Castanheira de Pêra,2008,3345
Município,Castanheira de Pêra,2009,3289
Município,Castanheira de Pêra,2010,3234
Município,Castanheira de Pêra,2011,3182
Município,Castanheira de Pêra,2012,3126
Município,Castanheira de Pêra,2013,3065
Município,Castanheira de Pêra,2014,3003
Município,Castanheira de Pêra,2015,2944
Município,Castanheira de Pêra,2016,2881
Município,Castanheira de Pêra,2017,2820
Município,Castanheira de Pêra,2018,2775
Município,Castanheira de Pêra,2019,2736
Município,Castanheira de Pêra,2020,2702
Município,Castanheira de Pêra,2022,2671
Município,Castanheira de Pêra,2023,2692
Município,Castanheira de Pêra,2024,2719
Município,Castanheira de Pêra,2025,2744
Município,Figueiró dos Vinhos,1982,8784
Município,Figueiró dos Vinhos,1983,8788
Município,Figueiró dos Vinhos,1984,8732
Município,Figueiró dos Vinhos,1985,8658
Município,Figueiró dos Vinhos,1986,8570
Município,Figueiró dos Vinhos,1987,8485
Município,Figueiró dos Vinhos,1988,8378
Município,Figueiró dos Vinhos,1989,8255
Município,Figueiró dos Vinhos,1990,8136
Município,Figueiró dos Vinhos,1991,8036
Município,Figueiró dos Vinhos,1992,7945
Município,Figueiró dos Vinhos,1993,7854
Município,Figueiró dos Vinhos,1994,7784
Município,Figueiró dos Vinhos,1995,7726
Município,Figueiró dos Vinhos,1996,7661
Município,Figueiró dos Vinhos,1997,7597
Município,Figueiró dos Vinhos,1998,7536
Município,Figueiró dos Vinhos,1999,7464
Município,Figueiró dos Vinhos,2000,7386
Município,Figueiró dos Vinhos,2001,7305
Município,Figueiró dos Vinhos,2002,7205
Município,Figueiró dos Vinhos,2003,7087
Município,Figueiró dos Vinhos,2004,6963
Município,Figueiró dos Vinhos,2005,6835
Município,Figueiró dos Vinhos,2006,6716
Município,Figueiró dos Vinhos,2007,6609
Município,Figueiró dos Vinhos,2008,6496
Município,Figueiró dos Vinhos,2009,6374
Município,Figueiró dos Vinhos,2010,6254
Município,Figueiró dos Vinhos,2011,6111
Município,Figueiró dos Vinhos,2012,5983
Município,Figueiró dos Vinhos,2013,5881
Município,Figueiró dos Vinhos,2014,5777
Município,Figueiró dos Vinhos,2015,5693
Município,Figueiró dos Vinhos,2016,5620
Município,Figueiró dos Vinhos,2017,5546
Município,Figueiró dos Vinhos,2018,5462
Município,Figueiró dos Vinhos,2019,5384
Município,Figueiró dos Vinhos,2020,5330
Município,Figueiró dos Vinhos,2022,5331
Município,Figueiró dos Vinhos,2023,5361
Município,Figueiró dos Vinhos,2024,5395
Município,Figueiró dos Vinhos,2025,5412
Município,Leiria,1982,97460
Município,Leiria,1983,98203
Município,Leiria,1984,98954
Município,Leiria,1985,99622
Município,Leiria,1986,100289
Município,Leiria,1987,100974
Município,Leiria,1988,101581
Município,Leiria,1989,102155
Município,Leiria,1990,102761
Município,Leiria,1991,103759
Município,Leiria,1992,105012
Município,Leiria,1993,106315
Município,Leiria,1994,107806
Município,Leiria,1995,109355
Município,Leiria,1996,110995
Município,Leiria,1997,112743
Município,Leiria,1998,114519
Município,Leiria,1999,116363
Município,Leiria,2000,118418
Município,Leiria,2001,120130
Município,Leiria,2002,121279
Município,Leiria,2003,122227
Município,Leiria,2004,123046
Município,Leiria,2005,123775
Município,Leiria,2006,124471
Município,Leiria,2007,125169
Município,Leiria,2008,125755
Município,Leiria,2009,126261
Município,Leiria,2010,126722
Município,Leiria,2011,127348
Município,Leiria,2012,127566
Município,Leiria,2013,127168
Município,Leiria,2014,126801
Município,Leiria,2015,126650
Município,Leiria,2016,126686
Município,Leiria,2017,126774
Município,Leiria,2018,126948
Município,Leiria,2019,127563
Município,Leiria,2020,128579
Município,Leiria,2022,135405
Município,Leiria,2023,140169
Município,Leiria,2024,143415
Município,Leiria,2025,145241
Município,Marinha Grande,1982,31560
Município,Marinha Grande,1983,31737
Município,Marinha Grande,1984,31890
Município,Marinha Grande,1985,32004
Município,Marinha Grande,1986,32090
Município,Marinha Grande,1987,32188
Município,Marinha Grande,1988,32268
Município,Marinha Grande,1989,32302
Município,Marinha Grande,1990,32323
Município,Marinha Grande,1991,33110
Município,Marinha Grande,1992,33907
Município,Marinha Grande,1993,33944
Município,Marinha Grande,1994,34024
Município,Marinha Grande,1995,34174
Município,Marinha Grande,1996,34337
Município,Marinha Grande,1997,34539
Município,Marinha Grande,1998,34777
Município,Marinha Grande,1999,35035
Município,Marinha Grande,2000,35333
Município,Marinha Grande,2001,35720
Município,Marinha Grande,2002,36175
Município,Marinha Grande,2003,36568
Município,Marinha Grande,2004,36894
Município,Marinha Grande,2005,37197
Município,Marinha Grande,2006,37498
Município,Marinha Grande,2007,37794
Município,Marinha Grande,2008,38061
Município,Marinha Grande,2009,38322
Município,Marinha Grande,2010,38594
Município,Marinha Grande,2011,38754
Município,Marinha Grande,2012,38716
Município,Marinha Grande,2013,38605
Município,Marinha Grande,2014,38478
Município,Marinha Grande,2015,38398
Município,Marinha Grande,2016,38415
Município,Marinha Grande,2017,38469
Município,Marinha Grande,2018,38536
Município,Marinha Grande,2019,38699
Município,Marinha Grande,2020,39024
Município,Marinha Grande,2022,42167
Município,Marinha Grande,2023,43849
Município,Marinha Grande,2024,45055
Município,Marinha Grande,2025,45502
Município,Pedrógão Grande,1982,5794
Município,Pedrógão Grande,1983,5730
Município,Pedrógão Grande,1984,5660
Município,Pedrógão Grande,1985,5574
Município,Pedrógão Grande,1986,5440
Município,Pedrógão Grande,1987,5280
Município,Pedrógão Grande,1988,5121
Município,Pedrógão Grande,1989,4962
Município,Pedrógão Grande,1990,4787
Município,Pedrógão Grande,1991,4665
Município,Pedrógão Grande,1992,4612
Município,Pedrógão Grande,1993,4585
Município,Pedrógão Grande,1994,4564
Município,Pedrógão Grande,1995,4528
Município,Pedrógão Grande,1996,4482
Município,Pedrógão Grande,1997,4447
Município,Pedrógão Grande,1998,4428
Município,Pedrógão Grande,1999,4406
Município,Pedrógão Grande,2000,4391
Município,Pedrógão Grande,2001,4385
Município,Pedrógão Grande,2002,4364
Município,Pedrógão Grande,2003,4326
Município,Pedrógão Grande,2004,4278
Município,Pedrógão Grande,2005,4217
Município,Pedrógão Grande,2006,4156
Município,Pedrógão Grande,2007,4103
Município,Pedrógão Grande,2008,4058
Município,Pedrógão Grande,2009,4017
Município,Pedrógão Grande,2010,3965
Município,Pedrógão Grande,2011,3892
Município,Pedrógão Grande,2012,3819
Município,Pedrógão Grande,2013,3754
Município,Pedrógão Grande,2014,3691
Município,Pedrógão Grande,2015,3642
Município,Pedrógão Grande,2016,3597
Município,Pedrógão Grande,2017,3538
Município,Pedrógão Grande,2018,3485
Município,Pedrógão Grande,2019,3446
Município,Pedrógão Grande,2020,3437
Município,Pedrógão Grande,2022,3538
Município,Pedrógão Grande,2023,3667
Município,Pedrógão Grande,2024,3739
Município,Pedrógão Grande,2025,3754
Município,Pombal,1982,54082
Município,Pombal,1983,54195
Município,Pombal,1984,54264
Município,Pombal,1985,54233
Município,Pombal,1986,53983
Município,Pombal,1987,53578
Município,Pombal,1988,53054
Município,Pombal,1989,52529
Município,Pombal,1990,51998
Município,Pombal,1991,51680
Município,Pombal,1992,51631
Município,Pombal,1993,51714
Município,Pombal,1994,52017
Município,Pombal,1995,52464
Município,Pombal,1996,52957
Município,Pombal,1997,53520
Município,Pombal,1998,54125
Município,Pombal,1999,54806
Município,Pombal,2000,55668
Município,Pombal,2001,56271
Município,Pombal,2002,56394
Município,Pombal,2003,56373
Município,Pombal,2004,56296
Município,Pombal,2005,56170
Município,Pombal,2006,56077
Município,Pombal,2007,56001
Município,Pombal,2008,55860
Município,Pombal,2009,55687
Município,Pombal,2010,55469
Município,Pombal,2011,55295
Município,Pombal,2012,54936
Município,Pombal,2013,54270
Município,Pombal,2014,53602
Município,Pombal,2015,53026
Município,Pombal,2016,52490
Município,Pombal,2017,51959
Município,Pombal,2018,51474
Município,Pombal,2019,51204
Município,Pombal,2020,51331
Município,Pombal,2022,52058
Município,Pombal,2023,53361
Município,Pombal,2024,54240
Município,Pombal,2025,54750
Município,Porto de Mós,1982,21889
Município,Porto de Mós,1983,22059
Município,Porto de Mós,1984,22203
Município,Porto de Mós,1985,22344
Município,Porto de Mós,1986,22501
Município,Porto de Mós,1987,22703
Município,Porto de Mós,1988,22925
Município,Porto de Mós,1989,23136
Município,Porto de Mós,1990,23319
Município,Porto de Mós,1991,23465
Município,Porto de Mós,1992,23508
Município,Porto de Mós,1993,23514
Município,Porto de Mós,1994,23575
Município,Porto de Mós,1995,23649
Município,Porto de Mós,1996,23743
Município,Porto de Mós,1997,23843
Município,Porto de Mós,1998,23934
Município,Porto de Mós,1999,24026
Município,Porto de Mós,2000,24150
Município,Porto de Mós,2001,24260
Município,Porto de Mós,2002,24332
Município,Porto de Mós,2003,24384
Município,Porto de Mós,2004,24410
Município,Porto de Mós,2005,24419
Município,Porto de Mós,2006,24416
Município,Porto de Mós,2007,24413
Município,Porto de Mós,2008,24405
Município,Porto de Mós,2009,24397
Município,Porto de Mós,2010,24383
Município,Porto de Mós,2011,24360
Município,Porto de Mós,2012,24237
Município,Porto de Mós,2013,24007
Município,Porto de Mós,2014,23761
Município,Porto de Mós,2015,23560
Município,Porto de Mós,2016,23397
Município,Porto de Mós,2017,23232
Município,Porto de Mós,2018,23085
Município,Porto de Mós,2019,23018
Município,Porto de Mós,2020,23163
Município,Porto de Mós,2022,23760
Município,Porto de Mós,2023,24322
Município,Porto de Mós,2024,24708
Município,Porto de Mós,2025,24933
NUTS III,Viseu Dão Lafões,1982,285961
NUTS III,Viseu Dão Lafões,1983,286846
NUTS III,Viseu Dão Lafões,1984,287329
NUTS III,Viseu Dão Lafões,1985,287245
NUTS III,Viseu Dão Lafões,1986,285915
NUTS III,Viseu Dão Lafões,1987,283764
NUTS III,Viseu Dão Lafões,1988,281262
NUTS III,Viseu Dão Lafões,1989,278520
NUTS III,Viseu Dão Lafões,1990,275257
NUTS III,Viseu Dão Lafões,1991,273122
NUTS III,Viseu Dão Lafões,1992,272277
NUTS III,Viseu Dão Lafões,1993,271505
NUTS III,Viseu Dão Lafões,1994,271270
NUTS III,Viseu Dão Lafões,1995,271373
NUTS III,Viseu Dão Lafões,1996,271483
NUTS III,Viseu Dão Lafões,1997,271798
NUTS III,Viseu Dão Lafões,1998,272391
NUTS III,Viseu Dão Lafões,1999,273314
NUTS III,Viseu Dão Lafões,2000,274583
NUTS III,Viseu Dão Lafões,2001,275543
NUTS III,Viseu Dão Lafões,2002,275814
NUTS III,Viseu Dão Lafões,2003,275439
NUTS III,Viseu Dão Lafões,2004,274643
NUTS III,Viseu Dão Lafões,2005,273784
NUTS III,Viseu Dão Lafões,2006,272885
NUTS III,Viseu Dão Lafões,2007,271962
NUTS III,Viseu Dão Lafões,2008,270935
NUTS III,Viseu Dão Lafões,2009,269856
NUTS III,Viseu Dão Lafões,2010,268657
NUTS III,Viseu Dão Lafões,2011,267711
NUTS III,Viseu Dão Lafões,2012,266268
NUTS III,Viseu Dão Lafões,2013,263822
NUTS III,Viseu Dão Lafões,2014,261321
NUTS III,Viseu Dão Lafões,2015,259171
NUTS III,Viseu Dão Lafões,2016,257238
NUTS III,Viseu Dão Lafões,2017,255438
NUTS III,Viseu Dão Lafões,2018,253980
NUTS III,Viseu Dão Lafões,2019,253383
NUTS III,Viseu Dão Lafões,2020,253855
NUTS III,Viseu Dão Lafões,2022,254372
NUTS III,Viseu Dão Lafões,2023,259398
NUTS III,Viseu Dão Lafões,2024,263557
NUTS III,Viseu Dão Lafões,2025,266332
Município,Aguiar da Beira,1982,7326
Município,Aguiar da Beira,1983,7333
Município,Aguiar da Beira,1984,7324
Município,Aguiar da Beira,1985,7294
Município,Aguiar da Beira,1986,7237
Município,Aguiar da Beira,1987,7156
Município,Aguiar da Beira,1988,7062
Município,Aguiar da Beira,1989,6960
Município,Aguiar da Beira,1990,6843
Município,Aguiar da Beira,1991,6723
Município,Aguiar da Beira,1992,6614
Município,Aguiar da Beira,1993,6511
Município,Aguiar da Beira,1994,6425
Município,Aguiar da Beira,1995,6364
Município,Aguiar da Beira,1996,6311
Município,Aguiar da Beira,1997,6270
Município,Aguiar da Beira,1998,6242
Município,Aguiar da Beira,1999,6221
Município,Aguiar da Beira,2000,6224
Município,Aguiar da Beira,2001,6227
Município,Aguiar da Beira,2002,6190
Município,Aguiar da Beira,2003,6126
Município,Aguiar da Beira,2004,6045
Município,Aguiar da Beira,2005,5968
Município,Aguiar da Beira,2006,5900
Município,Aguiar da Beira,2007,5823
Município,Aguiar da Beira,2008,5726
Município,Aguiar da Beira,2009,5628
Município,Aguiar da Beira,2010,5539
Município,Aguiar da Beira,2011,5674
Município,Aguiar da Beira,2012,5818
Município,Aguiar da Beira,2013,5759
Município,Aguiar da Beira,2014,5697
Município,Aguiar da Beira,2015,5626
Município,Aguiar da Beira,2016,5555
Município,Aguiar da Beira,2017,5488
Município,Aguiar da Beira,2018,5434
Município,Aguiar da Beira,2019,5392
Município,Aguiar da Beira,2020,5361
Município,Aguiar da Beira,2022,4838
Município,Aguiar da Beira,2023,4810
Município,Aguiar da Beira,2024,4813
Município,Aguiar da Beira,2025,4855
Município,Carregal do Sal,1982,11192
Município,Carregal do Sal,1983,11222
Município,Carregal do Sal,1984,11256
Município,Carregal do Sal,1985,11278
Município,Carregal do Sal,1986,11272
Município,Carregal do Sal,1987,11252
Município,Carregal do Sal,1988,11215
Município,Carregal do Sal,1989,11165
Município,Carregal do Sal,1990,11086
Município,Carregal do Sal,1991,11008
Município,Carregal do Sal,1992,10909
Município,Carregal do Sal,1993,10781
Município,Carregal do Sal,1994,10678
Município,Carregal do Sal,1995,10598
Município,Carregal do Sal,1996,10527
Município,Carregal do Sal,1997,10461
Município,Carregal do Sal,1998,10400
Município,Carregal do Sal,1999,10366
Município,Carregal do Sal,2000,10378
Município,Carregal do Sal,2001,10376
Município,Carregal do Sal,2002,10351
Município,Carregal do Sal,2003,10325
Município,Carregal do Sal,2004,10274
Município,Carregal do Sal,2005,10218
Município,Carregal do Sal,2006,10165
Município,Carregal do Sal,2007,10104
Município,Carregal do Sal,2008,10020
Município,Carregal do Sal,2009,9947
Município,Carregal do Sal,2010,9879
Município,Carregal do Sal,2011,9815
Município,Carregal do Sal,2012,9734
Município,Carregal do Sal,2013,9627
Município,Carregal do Sal,2014,9531
Município,Carregal do Sal,2015,9445
Município,Carregal do Sal,2016,9353
Município,Carregal do Sal,2017,9252
Município,Carregal do Sal,2018,9179
Município,Carregal do Sal,2019,9139
Município,Carregal do Sal,2020,9112
Município,Carregal do Sal,2022,9070
Município,Carregal do Sal,2023,9290
Município,Carregal do Sal,2024,9445
Município,Carregal do Sal,2025,9541
Município,Castro Daire,1982,20515
Município,Castro Daire,1983,20486
Município,Castro Daire,1984,20416
Município,Castro Daire,1985,20300
Município,Castro Daire,1986,20054
Município,Castro Daire,1987,19723
Município,Castro Daire,1988,19360
Município,Castro Daire,1989,18980
Município,Castro Daire,1990,18553
Município,Castro Daire,1991,18203
Município,Castro Daire,1992,17988
Município,Castro Daire,1993,17820
Município,Castro Daire,1994,17656
Município,Castro Daire,1995,17487
Município,Castro Daire,1996,17329
Município,Castro Daire,1997,17205
Município,Castro Daire,1998,17110
Município,Castro Daire,1999,17041
Município,Castro Daire,2000,16980
Município,Castro Daire,2001,16895
Município,Castro Daire,2002,16798
Município,Castro Daire,2003,16670
Município,Castro Daire,2004,16519
Município,Castro Daire,2005,16342
Município,Castro Daire,2006,16172
Município,Castro Daire,2007,16011
Município,Castro Daire,2008,15829
Município,Castro Daire,2009,15654
Município,Castro Daire,2010,15468
Município,Castro Daire,2011,15221
Município,Castro Daire,2012,14977
Município,Castro Daire,2013,14791
Município,Castro Daire,2014,14619
Município,Castro Daire,2015,14467
Município,Castro Daire,2016,14303
Município,Castro Daire,2017,14152
Município,Castro Daire,2018,14012
Município,Castro Daire,2019,13892
Município,Castro Daire,2020,13825
Município,Castro Daire,2022,13261
Município,Castro Daire,2023,13326
Município,Castro Daire,2024,13377
Município,Castro Daire,2025,13398
Município,Mangualde,1982,21610
Município,Mangualde,1983,21717
Município,Mangualde,1984,21793
Município,Mangualde,1985,21871
Município,Mangualde,1986,21918
Município,Mangualde,1987,21948
Município,Mangualde,1988,21979
Município,Mangualde,1989,21980
Município,Mangualde,1990,21926
Município,Mangualde,1991,21851
Município,Mangualde,1992,21716
Município,Mangualde,1993,21531
Município,Mangualde,1994,21375
Município,Mangualde,1995,21251
Município,Mangualde,1996,21138
Município,Mangualde,1997,21043
Município,Mangualde,1998,20961
Município,Mangualde,1999,20927
Município,Mangualde,2000,20941
Município,Mangualde,2001,20945
Município,Mangualde,2002,20912
Município,Mangualde,2003,20815
Município,Mangualde,2004,20714
Município,Mangualde,2005,20617
Município,Mangualde,2006,20512
Município,Mangualde,2007,20400
Município,Mangualde,2008,20256
Município,Mangualde,2009,20125
Município,Mangualde,2010,20001
Município,Mangualde,2011,19863
Município,Mangualde,2012,19698
Município,Mangualde,2013,19488
Município,Mangualde,2014,19252
Município,Mangualde,2015,19044
Município,Mangualde,2016,18860
Município,Mangualde,2017,18665
Município,Mangualde,2018,18500
Município,Mangualde,2019,18390
Município,Mangualde,2020,18389
Município,Mangualde,2022,18575
Município,Mangualde,2023,18929
Município,Mangualde,2024,19255
Município,Mangualde,2025,19429
Município,Nelas,1982,15157
Município,Nelas,1983,15219
Município,Nelas,1984,15274
Município,Nelas,1985,15300
Município,Nelas,1986,15244
Município,Nelas,1987,15164
Município,Nelas,1988,15085
Município,Nelas,1989,14970
Município,Nelas,1990,14803
Município,Nelas,1991,14665
Município,Nelas,1992,14565
Município,Nelas,1993,14456
Município,Nelas,1994,14370
Município,Nelas,1995,14310
Município,Nelas,1996,14246
Município,Nelas,1997,14194
Município,Nelas,1998,14184
Município,Nelas,1999,14203
Município,Nelas,2000,14236
Município,Nelas,2001,14269
Município,Nelas,2002,14291
Município,Nelas,2003,14282
Município,Nelas,2004,14256
Município,Nelas,2005,14241
Município,Nelas,2006,14216
Município,Nelas,2007,14205
Município,Nelas,2008,14191
Município,Nelas,2009,14139
Município,Nelas,2010,14071
Município,Nelas,2011,14048
Município,Nelas,2012,13973
Município,Nelas,2013,13807
Município,Nelas,2014,13658
Município,Nelas,2015,13518
Município,Nelas,2016,13408
Município,Nelas,2017,13321
Município,Nelas,2018,13222
Município,Nelas,2019,13155
Município,Nelas,2020,13181
Município,Nelas,2022,13262
Município,Nelas,2023,13452
Município,Nelas,2024,13685
Município,Nelas,2025,13876
Município,Oliveira de Frades,1982,10456
Município,Oliveira de Frades,1983,10526
Município,Oliveira de Frades,1984,10571
Município,Oliveira de Frades,1985,10582
Município,Oliveira de Frades,1986,10602
Município,Oliveira de Frades,1987,10628
Município,Oliveira de Frades,1988,10643
Município,Oliveira de Frades,1989,10661
Município,Oliveira de Frades,1990,10651
Município,Oliveira de Frades,1991,10623
Município,Oliveira de Frades,1992,10593
Município,Oliveira de Frades,1993,10576
Município,Oliveira de Frades,1994,10584
Município,Oliveira de Frades,1995,10591
Município,Oliveira de Frades,1996,10593
Município,Oliveira de Frades,1997,10594
Município,Oliveira de Frades,1998,10586
Município,Oliveira de Frades,1999,10578
Município,Oliveira de Frades,2000,10574
Município,Oliveira de Frades,2001,10584
Município,Oliveira de Frades,2002,10589
Município,Oliveira de Frades,2003,10548
Município,Oliveira de Frades,2004,10504
Município,Oliveira de Frades,2005,10475
Município,Oliveira de Frades,2006,10442
Município,Oliveira de Frades,2007,10409
Município,Oliveira de Frades,2008,10380
Município,Oliveira de Frades,2009,10348
Município,Oliveira de Frades,2010,10301
Município,Oliveira de Frades,2011,10237
Município,Oliveira de Frades,2012,10151
Município,Oliveira de Frades,2013,10044
Município,Oliveira de Frades,2014,9929
Município,Oliveira de Frades,2015,9827
Município,Oliveira de Frades,2016,9727
Município,Oliveira de Frades,2017,9629
Município,Oliveira de Frades,2018,9562
Município,Oliveira de Frades,2019,9548
Município,Oliveira de Frades,2020,9563
Município,Oliveira de Frades,2022,9863
Município,Oliveira de Frades,2023,10155
Município,Oliveira de Frades,2024,10309
Município,Oliveira de Frades,2025,10418
Município,Penalva do Castelo,1982,10231
Município,Penalva do Castelo,1983,10254
Município,Penalva do Castelo,1984,10237
Município,Penalva do Castelo,1985,10180
Município,Penalva do Castelo,1986,10068
Município,Penalva do Castelo,1987,9910
Município,Penalva do Castelo,1988,9741
Município,Penalva do Castelo,1989,9571
Município,Penalva do Castelo,1990,9362
Município,Penalva do Castelo,1991,9214
Município,Penalva do Castelo,1992,9160
Município,Penalva do Castelo,1993,9110
Município,Penalva do Castelo,1994,9074
Município,Penalva do Castelo,1995,9062
Município,Penalva do Castelo,1996,9055
Município,Penalva do Castelo,1997,9046
Município,Penalva do Castelo,1998,9028
Município,Penalva do Castelo,1999,9009
Município,Penalva do Castelo,2000,9008
Município,Penalva do Castelo,2001,8969
Município,Penalva do Castelo,2002,8884
Município,Penalva do Castelo,2003,8779
Município,Penalva do Castelo,2004,8672
Município,Penalva do Castelo,2005,8575
Município,Penalva do Castelo,2006,8478
Município,Penalva do Castelo,2007,8382
Município,Penalva do Castelo,2008,8278
Município,Penalva do Castelo,2009,8162
Município,Penalva do Castelo,2010,8034
Município,Penalva do Castelo,2011,7967
Município,Penalva do Castelo,2012,7916
Município,Penalva do Castelo,2013,7808
Município,Penalva do Castelo,2014,7699
Município,Penalva do Castelo,2015,7603
Município,Penalva do Castelo,2016,7515
Município,Penalva do Castelo,2017,7439
Município,Penalva do Castelo,2018,7373
Município,Penalva do Castelo,2019,7327
Município,Penalva do Castelo,2020,7342
Município,Penalva do Castelo,2022,7149
Município,Penalva do Castelo,2023,7144
Município,Penalva do Castelo,2024,7133
Município,Penalva do Castelo,2025,7148
Município,Santa Comba Dão,1982,14183
Município,Santa Comba Dão,1983,14172
Município,Santa Comba Dão,1984,14132
Município,Santa Comba Dão,1985,14048
Município,Santa Comba Dão,1986,13837
Município,Santa Comba Dão,1987,13539
Município,Santa Comba Dão,1988,13218
Município,Santa Comba Dão,1989,12869
Município,Santa Comba Dão,1990,12502
Município,Santa Comba Dão,1991,12295
Município,Santa Comba Dão,1992,12254
Município,Santa Comba Dão,1993,12259
Município,Santa Comba Dão,1994,12289
Município,Santa Comba Dão,1995,12309
Município,Santa Comba Dão,1996,12322
Município,Santa Comba Dão,1997,12351
Município,Santa Comba Dão,1998,12384
Município,Santa Comba Dão,1999,12404
Município,Santa Comba Dão,2000,12432
Município,Santa Comba Dão,2001,12432
Município,Santa Comba Dão,2002,12378
Município,Santa Comba Dão,2003,12323
Município,Santa Comba Dão,2004,12239
Município,Santa Comba Dão,2005,12126
Município,Santa Comba Dão,2006,12040
Município,Santa Comba Dão,2007,11958
Município,Santa Comba Dão,2008,11867
Município,Santa Comba Dão,2009,11774
Município,Santa Comba Dão,2010,11669
Município,Santa Comba Dão,2011,11603
Município,Santa Comba Dão,2012,11520
Município,Santa Comba Dão,2013,11379
Município,Santa Comba Dão,2014,11232
Município,Santa Comba Dão,2015,11086
Município,Santa Comba Dão,2016,10949
Município,Santa Comba Dão,2017,10833
Município,Santa Comba Dão,2018,10738
Município,Santa Comba Dão,2019,10675
Município,Santa Comba Dão,2020,10700
Município,Santa Comba Dão,2022,10694
Município,Santa Comba Dão,2023,10867
Município,Santa Comba Dão,2024,11006
Município,Santa Comba Dão,2025,11101
Município,São Pedro do Sul,1982,21352
Município,São Pedro do Sul,1983,21347
Município,São Pedro do Sul,1984,21336
Município,São Pedro do Sul,1985,21323
Município,São Pedro do Sul,1986,21202
Município,São Pedro do Sul,1987,20992
Município,São Pedro do Sul,1988,20770
Município,São Pedro do Sul,1989,20538
Município,São Pedro do Sul,1990,20265
Município,São Pedro do Sul,1991,20036
Município,São Pedro do Sul,1992,19858
Município,São Pedro do Sul,1993,19685
Município,São Pedro do Sul,1994,19560
Município,São Pedro do Sul,1995,19477
Município,São Pedro do Sul,1996,19396
Município,São Pedro do Sul,1997,19319
Município,São Pedro do Sul,1998,19226
Município,São Pedro do Sul,1999,19144
Município,São Pedro do Sul,2000,19089
Município,São Pedro do Sul,2001,18984
Município,São Pedro do Sul,2002,18827
Município,São Pedro do Sul,2003,18623
Município,São Pedro do Sul,2004,18389
Município,São Pedro do Sul,2005,18172
Município,São Pedro do Sul,2006,17938
Município,São Pedro do Sul,2007,17675
Município,São Pedro do Sul,2008,17421
Município,São Pedro do Sul,2009,17188
Município,São Pedro do Sul,2010,16977
Município,São Pedro do Sul,2011,16714
Município,São Pedro do Sul,2012,16453
Município,São Pedro do Sul,2013,16241
Município,São Pedro do Sul,2014,16014
Município,São Pedro do Sul,2015,15812
Município,São Pedro do Sul,2016,15624
Município,São Pedro do Sul,2017,15449
Município,São Pedro do Sul,2018,15298
Município,São Pedro do Sul,2019,15202
Município,São Pedro do Sul,2020,15188
Município,São Pedro do Sul,2022,15156
Município,São Pedro do Sul,2023,15437
Município,São Pedro do Sul,2024,15674
Município,São Pedro do Sul,2025,15816
Município,Sátão,1982,13720
Município,Sátão,1983,13811
Município,Sátão,1984,13858
Município,Sátão,1985,13861
Município,Sátão,1986,13819
Município,Sátão,1987,13755
Município,Sátão,1988,13665
Município,Sátão,1989,13564
Município,Sátão,1990,13461
Município,Sátão,1991,13374
Município,Sátão,1992,13296
Município,Sátão,1993,13211
Município,Sátão,1994,13143
Município,Sátão,1995,13080
Município,Sátão,1996,13023
Município,Sátão,1997,13003
Município,Sátão,1998,13006
Município,Sátão,1999,13027
Município,Sátão,2000,13081
Município,Sátão,2001,13124
Município,Sátão,2002,13124
Município,Sátão,2003,13096
Município,Sátão,2004,13033
Município,Sátão,2005,12956
Município,Sátão,2006,12889
Município,Sátão,2007,12830
Município,Sátão,2008,12751
Município,Sátão,2009,12653
Município,Sátão,2010,12548
Município,Sátão,2011,12495
Município,Sátão,2012,12389
Município,Sátão,2013,12164
Município,Sátão,2014,11929
Município,Sátão,2015,11714
Município,Sátão,2016,11532
Município,Sátão,2017,11368
Município,Sátão,2018,11196
Município,Sátão,2019,11063
Município,Sátão,2020,11046
Município,Sátão,2022,10881
Município,Sátão,2023,11057
Município,Sátão,2024,11179
Município,Sátão,2025,11261
Município,Tondela,1982,35983
Município,Tondela,1983,35895
Município,Tondela,1984,35767
Município,Tondela,1985,35564
Município,Tondela,1986,35184
Município,Tondela,1987,34645
Município,Tondela,1988,34042
Município,Tondela,1989,33424
Município,Tondela,1990,32700
Município,Tondela,1991,32176
Município,Tondela,1992,31933
Município,Tondela,1993,31736
Município,Tondela,1994,31573
Município,Tondela,1995,31433
Município,Tondela,1996,31320
Município,Tondela,1997,31228
Município,Tondela,1998,31158
Município,Tondela,1999,31115
Município,Tondela,2000,31106
Município,Tondela,2001,31068
Município,Tondela,2002,30941
Município,Tondela,2003,30764
Município,Tondela,2004,30555
Município,Tondela,2005,30351
Município,Tondela,2006,30122
Município,Tondela,2007,29894
Município,Tondela,2008,29683
Município,Tondela,2009,29438
Município,Tondela,2010,29165
Município,Tondela,2011,28737
Município,Tondela,2012,28290
Município,Tondela,2013,27913
Município,Tondela,2014,27508
Município,Tondela,2015,27174
Município,Tondela,2016,26868
Município,Tondela,2017,26555
Município,Tondela,2018,26283
Município,Tondela,2019,26101
Município,Tondela,2020,26069
Município,Tondela,2022,25848
Município,Tondela,2023,26237
Município,Tondela,2024,26592
Município,Tondela,2025,26825
Município,Vila Nova de Paiva,1982,6502
Município,Vila Nova de Paiva,1983,6535
Município,Vila Nova de Paiva,1984,6554
Município,Vila Nova de Paiva,1985,6556
Município,Vila Nova de Paiva,1986,6518
Município,Vila Nova de Paiva,1987,6454
Município,Vila Nova de Paiva,1988,6369
Município,Vila Nova de Paiva,1989,6273
Município,Vila Nova de Paiva,1990,6175
Município,Vila Nova de Paiva,1991,6121
Município,Vila Nova de Paiva,1992,6095
Município,Vila Nova de Paiva,1993,6069
Município,Vila Nova de Paiva,1994,6071
Município,Vila Nova de Paiva,1995,6082
Município,Vila Nova de Paiva,1996,6079
Município,Vila Nova de Paiva,1997,6074
Município,Vila Nova de Paiva,1998,6084
Município,Vila Nova de Paiva,1999,6093
Município,Vila Nova de Paiva,2000,6108
Município,Vila Nova de Paiva,2001,6100
Município,Vila Nova de Paiva,2002,6042
Município,Vila Nova de Paiva,2003,5962
Município,Vila Nova de Paiva,2004,5857
Município,Vila Nova de Paiva,2005,5743
Município,Vila Nova de Paiva,2006,5642
Município,Vila Nova de Paiva,2007,5548
Município,Vila Nova de Paiva,2008,5449
Município,Vila Nova de Paiva,2009,5346
Município,Vila Nova de Paiva,2010,5238
Município,Vila Nova de Paiva,2011,5199
Município,Vila Nova de Paiva,2012,5173
Município,Vila Nova de Paiva,2013,5078
Município,Vila Nova de Paiva,2014,4984
Município,Vila Nova de Paiva,2015,4906
Município,Vila Nova de Paiva,2016,4830
Município,Vila Nova de Paiva,2017,4773
Município,Vila Nova de Paiva,2018,4728
Município,Vila Nova de Paiva,2019,4683
Município,Vila Nova de Paiva,2020,4683
Município,Vila Nova de Paiva,2022,4246
Município,Vila Nova de Paiva,2023,4285
Município,Vila Nova de Paiva,2024,4343
Município,Vila Nova de Paiva,2025,4393
Município,Viseu,1982,84270
Município,Viseu,1983,84794
Município,Viseu,1984,85211
Município,Viseu,1985,85527
Município,Viseu,1986,85516
Município,Viseu,1987,85317
Município,Viseu,1988,85007
Município,Viseu,1989,84657
Município,Viseu,1990,84241
Município,Viseu,1991,84318
Município,Viseu,1992,84882
Município,Viseu,1993,85421
Município,Viseu,1994,86194
Município,Viseu,1995,87118
Município,Viseu,1996,87993
Município,Viseu,1997,88918
Município,Viseu,1998,89989
Município,Viseu,1999,91207
Município,Viseu,2000,92501
Município,Viseu,2001,93711
Município,Viseu,2002,94718
Município,Viseu,2003,95482
Município,Viseu,2004,96081
Município,Viseu,2005,96631
Município,Viseu,2006,97134
Município,Viseu,2007,97616
Município,Viseu,2008,98112
Município,Viseu,2009,98638
Município,Viseu,2010,99114
Município,Viseu,2011,99655
Município,Viseu,2012,99854
Município,Viseu,2013,99537
Município,Viseu,2014,99220
Município,Viseu,2015,99013
Município,Viseu,2016,98879
Município,Viseu,2017,98800
Município,Viseu,2018,98859
Município,Viseu,2019,99289
Município,Viseu,2020,99824
Município,Viseu,2022,102088
Município,Viseu,2023,104896
Município,Viseu,2024,107135
Município,Viseu,2025,108619
Município,Vouzela,1982,13467
Município,Vouzela,1983,13536
Município,Vouzela,1984,13603
Município,Vouzela,1985,13565
Município,Vouzela,1986,13447
Município,Vouzela,1987,13285
Município,Vouzela,1988,13108
Município,Vouzela,1989,12912
Município,Vouzela,1990,12693
Município,Vouzela,1991,12517
Município,Vouzela,1992,12417
Município,Vouzela,1993,12342
Município,Vouzela,1994,12281
Município,Vouzela,1995,12215
Município,Vouzela,1996,12154
Município,Vouzela,1997,12094
Município,Vouzela,1998,12035
Município,Vouzela,1999,11983
Município,Vouzela,2000,11929
Município,Vouzela,2001,11864
Município,Vouzela,2002,11771
Município,Vouzela,2003,11648
Município,Vouzela,2004,11508
Município,Vouzela,2005,11373
Município,Vouzela,2006,11237
Município,Vouzela,2007,11110
Município,Vouzela,2008,10976
Município,Vouzela,2009,10819
Município,Vouzela,2010,10656
Município,Vouzela,2011,10486
Município,Vouzela,2012,10325
Município,Vouzela,2013,10187
Município,Vouzela,2014,10051
Município,Vouzela,2015,9938
Município,Vouzela,2016,9839
Município,Vouzela,2017,9718
Município,Vouzela,2018,9599
Município,Vouzela,2019,9529
Município,Vouzela,2020,9575
Município,Vouzela,2022,9443
Município,Vouzela,2023,9516
Município,Vouzela,2024,9612
Município,Vouzela,2025,9656
NUTS III,Beira Baixa,1982,134105
NUTS III,Beira Baixa,1983,133521
NUTS III,Beira Baixa,1984,132768
NUTS III,Beira Baixa,1985,131856
NUTS III,Beira Baixa,1986,130608
NUTS III,Beira Baixa,1987,129073
NUTS III,Beira Baixa,1988,127373
NUTS III,Beira Baixa,1989,125615
NUTS III,Beira Baixa,1990,123717
NUTS III,Beira Baixa,1991,122171
NUTS III,Beira Baixa,1992,121046
NUTS III,Beira Baixa,1993,119947
NUTS III,Beira Baixa,1994,118992
NUTS III,Beira Baixa,1995,118145
NUTS III,Beira Baixa,1996,117293
NUTS III,Beira Baixa,1997,116542
NUTS III,Beira Baixa,1998,115873
NUTS III,Beira Baixa,1999,115254
NUTS III,Beira Baixa,2000,114739
NUTS III,Beira Baixa,2001,114395
NUTS III,Beira Baixa,2002,114091
NUTS III,Beira Baixa,2003,113548
NUTS III,Beira Baixa,2004,112975
NUTS III,Beira Baixa,2005,112364
NUTS III,Beira Baixa,2006,111684
NUTS III,Beira Baixa,2007,111100
NUTS III,Beira Baixa,2008,110440
NUTS III,Beira Baixa,2009,109766
NUTS III,Beira Baixa,2010,109101
NUTS III,Beira Baixa,2011,108174
NUTS III,Beira Baixa,2012,106924
NUTS III,Beira Baixa,2013,105537
NUTS III,Beira Baixa,2014,104196
NUTS III,Beira Baixa,2015,103025
NUTS III,Beira Baixa,2016,101978
NUTS III,Beira Baixa,2017,101026
NUTS III,Beira Baixa,2018,100144
NUTS III,Beira Baixa,2019,99499
NUTS III,Beira Baixa,2020,99309
NUTS III,Beira Baixa,2022,99625
NUTS III,Beira Baixa,2023,101812
NUTS III,Beira Baixa,2024,103280
NUTS III,Beira Baixa,2025,103958
Município,Castelo Branco,1982,55040
Município,Castelo Branco,1983,55082
Município,Castelo Branco,1984,55048
Município,Castelo Branco,1985,54958
Município,Castelo Branco,1986,54883
Município,Castelo Branco,1987,54825
Município,Castelo Branco,1988,54763
Município,Castelo Branco,1989,54711
Município,Castelo Branco,1990,54641
Município,Castelo Branco,1991,54642
Município,Castelo Branco,1992,54656
Município,Castelo Branco,1993,54638
Município,Castelo Branco,1994,54718
Município,Castelo Branco,1995,54820
Município,Castelo Branco,1996,54892
Município,Castelo Branco,1997,55009
Município,Castelo Branco,1998,55177
Município,Castelo Branco,1999,55357
Município,Castelo Branco,2000,55560
Município,Castelo Branco,2001,55793
Município,Castelo Branco,2002,55994
Município,Castelo Branco,2003,56074
Município,Castelo Branco,2004,56124
Município,Castelo Branco,2005,56151
Município,Castelo Branco,2006,56151
Município,Castelo Branco,2007,56176
Município,Castelo Branco,2008,56182
Município,Castelo Branco,2009,56201
Município,Castelo Branco,2010,56221
Município,Castelo Branco,2011,56134
Município,Castelo Branco,2012,55793
Município,Castelo Branco,2013,55262
Município,Castelo Branco,2014,54714
Município,Castelo Branco,2015,54238
Município,Castelo Branco,2016,53846
Município,Castelo Branco,2017,53465
Município,Castelo Branco,2018,53081
Município,Castelo Branco,2019,52830
Município,Castelo Branco,2020,52684
Município,Castelo Branco,2022,54991
Município,Castelo Branco,2023,56492
Município,Castelo Branco,2024,57541
Município,Castelo Branco,2025,58066
Município,Idanha-a-Nova,1982,15950
Município,Idanha-a-Nova,1983,15778
Município,Idanha-a-Nova,1984,15587
Município,Idanha-a-Nova,1985,15386
Município,Idanha-a-Nova,1986,15135
Município,Idanha-a-Nova,1987,14857
Município,Idanha-a-Nova,1988,14562
Município,Idanha-a-Nova,1989,14246
Município,Idanha-a-Nova,1990,13919
Município,Idanha-a-Nova,1991,13640
Município,Idanha-a-Nova,1992,13400
Município,Idanha-a-Nova,1993,13157
Município,Idanha-a-Nova,1994,12942
Município,Idanha-a-Nova,1995,12739
Município,Idanha-a-Nova,1996,12526
Município,Idanha-a-Nova,1997,12332
Município,Idanha-a-Nova,1998,12151
Município,Idanha-a-Nova,1999,11973
Município,Idanha-a-Nova,2000,11791
Município,Idanha-a-Nova,2001,11610
Município,Idanha-a-Nova,2002,11432
Município,Idanha-a-Nova,2003,11246
Município,Idanha-a-Nova,2004,11055
Município,Idanha-a-Nova,2005,10853
Município,Idanha-a-Nova,2006,10660
Município,Idanha-a-Nova,2007,10481
Município,Idanha-a-Nova,2008,10285
Município,Idanha-a-Nova,2009,10094
Município,Idanha-a-Nova,2010,9883
Município,Idanha-a-Nova,2011,9645
Município,Idanha-a-Nova,2012,9448
Município,Idanha-a-Nova,2013,9293
Município,Idanha-a-Nova,2014,9141
Município,Idanha-a-Nova,2015,9002
Município,Idanha-a-Nova,2016,8877
Município,Idanha-a-Nova,2017,8755
Município,Idanha-a-Nova,2018,8635
Município,Idanha-a-Nova,2019,8548
Município,Idanha-a-Nova,2020,8476
Município,Idanha-a-Nova,2022,8232
Município,Idanha-a-Nova,2023,8422
Município,Idanha-a-Nova,2024,8488
Município,Idanha-a-Nova,2025,8400
Município,Oleiros,1982,10141
Município,Oleiros,1983,10035
Município,Oleiros,1984,9914
Município,Oleiros,1985,9785
Município,Oleiros,1986,9539
Município,Oleiros,1987,9215
Município,Oleiros,1988,8877
Município,Oleiros,1989,8511
Município,Oleiros,1990,8098
Município,Oleiros,1991,7799
Município,Oleiros,1992,7648
Município,Oleiros,1993,7521
Município,Oleiros,1994,7397
Município,Oleiros,1995,7290
Município,Oleiros,1996,7181
Município,Oleiros,1997,7061
Município,Oleiros,1998,6950
Município,Oleiros,1999,6841
Município,Oleiros,2000,6736
Município,Oleiros,2001,6648
Município,Oleiros,2002,6560
Município,Oleiros,2003,6460
Município,Oleiros,2004,6363
Município,Oleiros,2005,6261
Município,Oleiros,2006,6163
Município,Oleiros,2007,6074
Município,Oleiros,2008,5983
Município,Oleiros,2009,5885
Município,Oleiros,2010,5791
Município,Oleiros,2011,5659
Município,Oleiros,2012,5511
Município,Oleiros,2013,5388
Município,Oleiros,2014,5282
Município,Oleiros,2015,5183
Município,Oleiros,2016,5088
Município,Oleiros,2017,5005
Município,Oleiros,2018,4926
Município,Oleiros,2019,4865
Município,Oleiros,2020,4866
Município,Oleiros,2022,4446
Município,Oleiros,2023,4458
Município,Oleiros,2024,4484
Município,Oleiros,2025,4506
Município,Penamacor,1982,9458
Município,Penamacor,1983,9393
Município,Penamacor,1984,9307
Município,Penamacor,1985,9200
Município,Penamacor,1986,9063
Município,Penamacor,1987,8902
Município,Penamacor,1988,8705
Município,Penamacor,1989,8506
Município,Penamacor,1990,8309
Município,Penamacor,1991,8108
Município,Penamacor,1992,7943
Município,Penamacor,1993,7791
Município,Penamacor,1994,7620
Município,Penamacor,1995,7456
Município,Penamacor,1996,7302
Município,Penamacor,1997,7149
Município,Penamacor,1998,6984
Município,Penamacor,1999,6834
Município,Penamacor,2000,6720
Município,Penamacor,2001,6629
Município,Penamacor,2002,6539
Município,Penamacor,2003,6433
Município,Penamacor,2004,6343
Município,Penamacor,2005,6262
Município,Penamacor,2006,6168
Município,Penamacor,2007,6071
Município,Penamacor,2008,5968
Município,Penamacor,2009,5875
Município,Penamacor,2010,5786
Município,Penamacor,2011,5602
Município,Penamacor,2012,5412
Município,Penamacor,2013,5296
Município,Penamacor,2014,5188
Município,Penamacor,2015,5098
Município,Penamacor,2016,5011
Município,Penamacor,2017,4931
Município,Penamacor,2018,4864
Município,Penamacor,2019,4802
Município,Penamacor,2020,4781
Município,Penamacor,2022,4325
Município,Penamacor,2023,4333
Município,Penamacor,2024,4332
Município,Penamacor,2025,4343
Município,Proença-a-Nova,1982,11931
Município,Proença-a-Nova,1983,11888
Município,Proença-a-Nova,1984,11844
Município,Proença-a-Nova,1985,11798
Município,Proença-a-Nova,1986,11720
Município,Proença-a-Nova,1987,11596
Município,Proença-a-Nova,1988,11476
Município,Proença-a-Nova,1989,11367
Município,Proença-a-Nova,1990,11238
Município,Proença-a-Nova,1991,11076
Município,Proença-a-Nova,1992,10897
Município,Proença-a-Nova,1993,10717
Município,Proença-a-Nova,1994,10549
Município,Proença-a-Nova,1995,10395
Município,Proença-a-Nova,1996,10239
Município,Proença-a-Nova,1997,10087
Município,Proença-a-Nova,1998,9947
Município,Proença-a-Nova,1999,9814
Município,Proença-a-Nova,2000,9684
Município,Proença-a-Nova,2001,9576
Município,Proença-a-Nova,2002,9487
Município,Proença-a-Nova,2003,9376
Município,Proença-a-Nova,2004,9248
Município,Proença-a-Nova,2005,9115
Município,Proença-a-Nova,2006,8975
Município,Proença-a-Nova,2007,8852
Município,Proença-a-Nova,2008,8723
Município,Proença-a-Nova,2009,8567
Município,Proença-a-Nova,2010,8415
Município,Proença-a-Nova,2011,8272
Município,Proença-a-Nova,2012,8128
Município,Proença-a-Nova,2013,7978
Município,Proença-a-Nova,2014,7823
Município,Proença-a-Nova,2015,7679
Município,Proença-a-Nova,2016,7559
Município,Proença-a-Nova,2017,7445
Município,Proença-a-Nova,2018,7337
Município,Proença-a-Nova,2019,7244
Município,Proença-a-Nova,2020,7186
Município,Proença-a-Nova,2022,6920
Município,Proença-a-Nova,2023,6950
Município,Proença-a-Nova,2024,6950
Município,Proença-a-Nova,2025,6957
Município,Sertã,1982,21427
Município,Sertã,1983,21291
Município,Sertã,1984,21117
Município,Sertã,1985,20892
Município,Sertã,1986,20575
Município,Sertã,1987,20162
Município,Sertã,1988,19684
Município,Sertã,1989,19192
Município,Sertã,1990,18661
Município,Sertã,1991,18256
Município,Sertã,1992,18010
Município,Sertã,1993,17793
Município,Sertã,1994,17601
Município,Sertã,1995,17425
Município,Sertã,1996,17260
Município,Sertã,1997,17128
Município,Sertã,1998,16999
Município,Sertã,1999,16870
Município,Sertã,2000,16758
Município,Sertã,2001,16684
Município,Sertã,2002,16646
Município,Sertã,2003,16569
Município,Sertã,2004,16481
Município,Sertã,2005,16401
Município,Sertã,2006,16315
Município,Sertã,2007,16250
Município,Sertã,2008,16164
Município,Sertã,2009,16064
Município,Sertã,2010,15977
Município,Sertã,2011,15757
Município,Sertã,2012,15506
Município,Sertã,2013,15340
Município,Sertã,2014,15188
Município,Sertã,2015,15059
Município,Sertã,2016,14930
Município,Sertã,2017,14847
Município,Sertã,2018,14792
Município,Sertã,2019,14738
Município,Sertã,2020,14779
Município,Sertã,2022,14467
Município,Sertã,2023,14735
Município,Sertã,2024,14932
Município,Sertã,2025,15064
Município,Vila de Rei,1982,4622
Município,Vila de Rei,1983,4570
Município,Vila de Rei,1984,4517
Município,Vila de Rei,1985,4449
Município,Vila de Rei,1986,4352
Município,Vila de Rei,1987,4237
Município,Vila de Rei,1988,4106
Município,Vila de Rei,1989,3962
Município,Vila de Rei,1990,3810
Município,Vila de Rei,1991,3698
Município,Vila de Rei,1992,3635
Município,Vila de Rei,1993,3578
Município,Vila de Rei,1994,3520
Município,Vila de Rei,1995,3471
Município,Vila de Rei,1996,3431
Município,Vila de Rei,1997,3406
Município,Vila de Rei,1998,3384
Município,Vila de Rei,1999,3365
Município,Vila de Rei,2000,3359
Município,Vila de Rei,2001,3372
Município,Vila de Rei,2002,3396
Município,Vila de Rei,2003,3407
Município,Vila de Rei,2004,3426
Município,Vila de Rei,2005,3445
Município,Vila de Rei,2006,3445
Município,Vila de Rei,2007,3455
Município,Vila de Rei,2008,3464
Município,Vila de Rei,2009,3466
Município,Vila de Rei,2010,3468
Município,Vila de Rei,2011,3548
Município,Vila de Rei,2012,3593
Município,Vila de Rei,2013,3529
Município,Vila de Rei,2014,3475
Município,Vila de Rei,2015,3427
Município,Vila de Rei,2016,3376
Município,Vila de Rei,2017,3322
Município,Vila de Rei,2018,3280
Município,Vila de Rei,2019,3251
Município,Vila de Rei,2020,3269
Município,Vila de Rei,2022,3100
Município,Vila de Rei,2023,3184
Município,Vila de Rei,2024,3237
Município,Vila de Rei,2025,3238
Município,Vila Velha de Ródão,1982,5539
Município,Vila Velha de Ródão,1983,5486
Município,Vila Velha de Ródão,1984,5435
Município,Vila Velha de Ródão,1985,5390
Município,Vila Velha de Ródão,1986,5342
Município,Vila Velha de Ródão,1987,5279
Município,Vila Velha de Ródão,1988,5202
Município,Vila Velha de Ródão,1989,5123
Município,Vila Velha de Ródão,1990,5043
Município,Vila Velha de Ródão,1991,4955
Município,Vila Velha de Ródão,1992,4859
Município,Vila Velha de Ródão,1993,4756
Município,Vila Velha de Ródão,1994,4647
Município,Vila Velha de Ródão,1995,4550
Município,Vila Velha de Ródão,1996,4463
Município,Vila Velha de Ródão,1997,4372
Município,Vila Velha de Ródão,1998,4284
Município,Vila Velha de Ródão,1999,4202
Município,Vila Velha de Ródão,2000,4134
Município,Vila Velha de Ródão,2001,4085
Município,Vila Velha de Ródão,2002,4038
Município,Vila Velha de Ródão,2003,3985
Município,Vila Velha de Ródão,2004,3936
Município,Vila Velha de Ródão,2005,3878
Município,Vila Velha de Ródão,2006,3809
Município,Vila Velha de Ródão,2007,3742
Município,Vila Velha de Ródão,2008,3674
Município,Vila Velha de Ródão,2009,3615
Município,Vila Velha de Ródão,2010,3562
Município,Vila Velha de Ródão,2011,3558
Município,Vila Velha de Ródão,2012,3535
Município,Vila Velha de Ródão,2013,3452
Município,Vila Velha de Ródão,2014,3387
Município,Vila Velha de Ródão,2015,3339
Município,Vila Velha de Ródão,2016,3294
Município,Vila Velha de Ródão,2017,3258
Município,Vila Velha de Ródão,2018,3231
Município,Vila Velha de Ródão,2019,3222
Município,Vila Velha de Ródão,2020,3271
Município,Vila Velha de Ródão,2022,3146
Município,Vila Velha de Ródão,2023,3241
Município,Vila Velha de Ródão,2024,3317
Município,Vila Velha de Ródão,2025,3386
NUTS III,Beiras e Serra da Estrela,1982,287408
NUTS III,Beiras e Serra da Estrela,1983,286981
NUTS III,Beiras e Serra da Estrela,1984,286337
NUTS III,Beiras e Serra da Estrela,1985,285249
NUTS III,Beiras e Serra da Estrela,1986,283054
NUTS III,Beiras e Serra da Estrela,1987,280202
NUTS III,Beiras e Serra da Estrela,1988,276973
NUTS III,Beiras e Serra da Estrela,1989,273461
NUTS III,Beiras e Serra da Estrela,1990,269570
NUTS III,Beiras e Serra da Estrela,1991,266809
NUTS III,Beiras e Serra da Estrela,1992,265128
NUTS III,Beiras e Serra da Estrela,1993,263562
NUTS III,Beiras e Serra da Estrela,1994,262605
NUTS III,Beiras e Serra da Estrela,1995,261838
NUTS III,Beiras e Serra da Estrela,1996,261011
NUTS III,Beiras e Serra da Estrela,1997,260307
NUTS III,Beiras e Serra da Estrela,1998,259601
NUTS III,Beiras e Serra da Estrela,1999,258926
NUTS III,Beiras e Serra da Estrela,2000,258647
NUTS III,Beiras e Serra da Estrela,2001,258013
NUTS III,Beiras e Serra da Estrela,2002,256576
NUTS III,Beiras e Serra da Estrela,2003,254638
NUTS III,Beiras e Serra da Estrela,2004,252421
NUTS III,Beiras e Serra da Estrela,2005,250205
NUTS III,Beiras e Serra da Estrela,2006,247940
NUTS III,Beiras e Serra da Estrela,2007,245661
NUTS III,Beiras e Serra da Estrela,2008,243211
NUTS III,Beiras e Serra da Estrela,2009,240670
NUTS III,Beiras e Serra da Estrela,2010,238023
NUTS III,Beiras e Serra da Estrela,2011,235859
NUTS III,Beiras e Serra da Estrela,2012,233392
NUTS III,Beiras e Serra da Estrela,2013,229999
NUTS III,Beiras e Serra da Estrela,2014,226729
NUTS III,Beiras e Serra da Estrela,2015,223751
NUTS III,Beiras e Serra da Estrela,2016,220887
NUTS III,Beiras e Serra da Estrela,2017,218119
NUTS III,Beiras e Serra da Estrela,2018,215569
NUTS III,Beiras e Serra da Estrela,2019,213551
NUTS III,Beiras e Serra da Estrela,2020,212298
NUTS III,Beiras e Serra da Estrela,2022,208808
NUTS III,Beiras e Serra da Estrela,2023,210967
NUTS III,Beiras e Serra da Estrela,2024,212765
NUTS III,Beiras e Serra da Estrela,2025,213267
Município,Almeida,1982,10488
Município,Almeida,1983,10454
Município,Almeida,1984,10411
Município,Almeida,1985,10386
Município,Almeida,1986,10356
Município,Almeida,1987,10315
Município,Almeida,1988,10258
Município,Almeida,1989,10201
Município,Almeida,1990,10133
Município,Almeida,1991,10015
Município,Almeida,1992,9842
Município,Almeida,1993,9633
Município,Almeida,1994,9425
Município,Almeida,1995,9242
Município,Almeida,1996,9071
Município,Almeida,1997,8916
Município,Almeida,1998,8761
Município,Almeida,1999,8611
Município,Almeida,2000,8484
Município,Almeida,2001,8402
Município,Almeida,2002,8326
Município,Almeida,2003,8216
Município,Almeida,2004,8108
Município,Almeida,2005,7988
Município,Almeida,2006,7852
Município,Almeida,2007,7727
Município,Almeida,2008,7601
Município,Almeida,2009,7483
Município,Almeida,2010,7355
Município,Almeida,2011,7281
Município,Almeida,2012,7188
Município,Almeida,2013,7009
Município,Almeida,2014,6841
Município,Almeida,2015,6685
Município,Almeida,2016,6530
Município,Almeida,2017,6358
Município,Almeida,2018,6182
Município,Almeida,2019,6026
Município,Almeida,2020,5918
Município,Almeida,2022,5612
Município,Almeida,2023,5611
Município,Almeida,2024,5615
Município,Almeida,2025,5571
Município,Belmonte,1982,6783
Município,Belmonte,1983,6823
Município,Belmonte,1984,6860
Município,Belmonte,1985,6885
Município,Belmonte,1986,6938
Município,Belmonte,1987,7034
Município,Belmonte,1988,7149
Município,Belmonte,1989,7267
Município,Belmonte,1990,7378
Município,Belmonte,1991,7449
Município,Belmonte,1992,7467
Município,Belmonte,1993,7462
Município,Belmonte,1994,7481
Município,Belmonte,1995,7513
Município,Belmonte,1996,7539
Município,Belmonte,1997,7559
Município,Belmonte,1998,7576
Município,Belmonte,1999,7583
Município,Belmonte,2000,7590
Município,Belmonte,2001,7561
Município,Belmonte,2002,7509
Município,Belmonte,2003,7443
Município,Belmonte,2004,7364
Município,Belmonte,2005,7304
Município,Belmonte,2006,7235
Município,Belmonte,2007,7159
Município,Belmonte,2008,7079
Município,Belmonte,2009,6995
Município,Belmonte,2010,6915
Município,Belmonte,2011,6868
Município,Belmonte,2012,6799
Município,Belmonte,2013,6694
Município,Belmonte,2014,6585
Município,Belmonte,2015,6478
Município,Belmonte,2016,6402
Município,Belmonte,2017,6325
Município,Belmonte,2018,6244
Município,Belmonte,2019,6182
Município,Belmonte,2020,6169
Município,Belmonte,2022,6043
Município,Belmonte,2023,6072
Município,Belmonte,2024,6098
Município,Belmonte,2025,6146
Município,Celorico da Beira,1982,10308
Município,Celorico da Beira,1983,10298
Município,Celorico da Beira,1984,10265
Município,Celorico da Beira,1985,10181
Município,Celorico da Beira,1986,10016
Município,Celorico da Beira,1987,9811
Município,Celorico da Beira,1988,9586
Município,Celorico da Beira,1989,9339
Município,Celorico da Beira,1990,9083
Município,Celorico da Beira,1991,8921
Município,Celorico da Beira,1992,8861
Município,Celorico da Beira,1993,8822
Município,Celorico da Beira,1994,8797
Município,Celorico da Beira,1995,8791
Município,Celorico da Beira,1996,8801
Município,Celorico da Beira,1997,8816
Município,Celorico da Beira,1998,8823
Município,Celorico da Beira,1999,8832
Município,Celorico da Beira,2000,8853
Município,Celorico da Beira,2001,8818
Município,Celorico da Beira,2002,8715
Município,Celorico da Beira,2003,8618
Município,Celorico da Beira,2004,8504
Município,Celorico da Beira,2005,8377
Município,Celorico da Beira,2006,8263
Município,Celorico da Beira,2007,8156
Município,Celorico da Beira,2008,8043
Município,Celorico da Beira,2009,7925
Município,Celorico da Beira,2010,7796
Município,Celorico da Beira,2011,7638
Município,Celorico da Beira,2012,7493
Município,Celorico da Beira,2013,7367
Município,Celorico da Beira,2014,7237
Município,Celorico da Beira,2015,7114
Município,Celorico da Beira,2016,6998
Município,Celorico da Beira,2017,6882
Município,Celorico da Beira,2018,6774
Município,Celorico da Beira,2019,6695
Município,Celorico da Beira,2020,6643
Município,Celorico da Beira,2022,6472
Município,Celorico da Beira,2023,6516
Município,Celorico da Beira,2024,6555
Município,Celorico da Beira,2025,6552
Município,Covilhã,1982,61225
Município,Covilhã,1983,61127
Município,Covilhã,1984,60980
Município,Covilhã,1985,60678
Município,Covilhã,1986,59964
Município,Covilhã,1987,58929
Município,Covilhã,1988,57753
Município,Covilhã,1989,56491
Município,Covilhã,1990,55123
Município,Covilhã,1991,54397
Município,Covilhã,1992,54246
Município,Covilhã,1993,54140
Município,Covilhã,1994,54163
Município,Covilhã,1995,54185
Município,Covilhã,1996,54167
Município,Covilhã,1997,54184
Município,Covilhã,1998,54223
Município,Covilhã,1999,54265
Município,Covilhã,2000,54377
Município,Covilhã,2001,54389
Município,Covilhã,2002,54261
Município,Covilhã,2003,54086
Município,Covilhã,2004,53853
Município,Covilhã,2005,53591
Município,Covilhã,2006,53333
Município,Covilhã,2007,53084
Município,Covilhã,2008,52782
Município,Covilhã,2009,52438
Município,Covilhã,2010,52081
Município,Covilhã,2011,51600
Município,Covilhã,2012,50989
Município,Covilhã,2013,50336
Município,Covilhã,2014,49696
Município,Covilhã,2015,49116
Município,Covilhã,2016,48548
Município,Covilhã,2017,48029
Município,Covilhã,2018,47579
Município,Covilhã,2019,47239
Município,Covilhã,2020,46913
Município,Covilhã,2022,48245
Município,Covilhã,2023,49535
Município,Covilhã,2024,50533
Município,Covilhã,2025,50973
Município,Figueira de Castelo Rodrigo,1982,9134
Município,Figueira de Castelo Rodrigo,1983,9084
Município,Figueira de Castelo Rodrigo,1984,9022
Município,Figueira de Castelo Rodrigo,1985,8959
Município,Figueira de Castelo Rodrigo,1986,8863
Município,Figueira de Castelo Rodrigo,1987,8744
Município,Figueira de Castelo Rodrigo,1988,8600
Município,Figueira de Castelo Rodrigo,1989,8437
Município,Figueira de Castelo Rodrigo,1990,8264
Município,Figueira de Castelo Rodrigo,1991,8118
Município,Figueira de Castelo Rodrigo,1992,7993
Município,Figueira de Castelo Rodrigo,1993,7866
Município,Figueira de Castelo Rodrigo,1994,7746
Município,Figueira de Castelo Rodrigo,1995,7642
Município,Figueira de Castelo Rodrigo,1996,7544
Município,Figueira de Castelo Rodrigo,1997,7445
Município,Figueira de Castelo Rodrigo,1998,7361
Município,Figueira de Castelo Rodrigo,1999,7274
Município,Figueira de Castelo Rodrigo,2000,7193
Município,Figueira de Castelo Rodrigo,2001,7134
Município,Figueira de Castelo Rodrigo,2002,7070
Município,Figueira de Castelo Rodrigo,2003,6990
Município,Figueira de Castelo Rodrigo,2004,6903
Município,Figueira de Castelo Rodrigo,2005,6812
Município,Figueira de Castelo Rodrigo,2006,6714
Município,Figueira de Castelo Rodrigo,2007,6618
Município,Figueira de Castelo Rodrigo,2008,6522
Município,Figueira de Castelo Rodrigo,2009,6427
Município,Figueira de Castelo Rodrigo,2010,6333
Município,Figueira de Castelo Rodrigo,2011,6250
Município,Figueira de Castelo Rodrigo,2012,6169
Município,Figueira de Castelo Rodrigo,2013,6057
Município,Figueira de Castelo Rodrigo,2014,5935
Município,Figueira de Castelo Rodrigo,2015,5816
Município,Figueira de Castelo Rodrigo,2016,5698
Município,Figueira de Castelo Rodrigo,2017,5569
Município,Figueira de Castelo Rodrigo,2018,5442
Município,Figueira de Castelo Rodrigo,2019,5330
Município,Figueira de Castelo Rodrigo,2020,5233
Município,Figueira de Castelo Rodrigo,2022,5033
Município,Figueira de Castelo Rodrigo,2023,4986
Município,Figueira de Castelo Rodrigo,2024,4935
Município,Figueira de Castelo Rodrigo,2025,4880
Município,Fornos de Algodres,1982,6596
Município,Fornos de Algodres,1983,6583
Município,Fornos de Algodres,1984,6567
Município,Fornos de Algodres,1985,6546
Município,Fornos de Algodres,1986,6516
Município,Fornos de Algodres,1987,6482
Município,Fornos de Algodres,1988,6436
Município,Fornos de Algodres,1989,6385
Município,Fornos de Algodres,1990,6332
Município,Fornos de Algodres,1991,6268
Município,Fornos de Algodres,1992,6187
Município,Fornos de Algodres,1993,6104
Município,Fornos de Algodres,1994,6030
Município,Fornos de Algodres,1995,5948
Município,Fornos de Algodres,1996,5875
Município,Fornos de Algodres,1997,5814
Município,Fornos de Algodres,1998,5740
Município,Fornos de Algodres,1999,5678
Município,Fornos de Algodres,2000,5642
Município,Fornos de Algodres,2001,5606
Município,Fornos de Algodres,2002,5550
Município,Fornos de Algodres,2003,5477
Município,Fornos de Algodres,2004,5413
Município,Fornos de Algodres,2005,5364
Município,Fornos de Algodres,2006,5315
Município,Fornos de Algodres,2007,5266
Município,Fornos de Algodres,2008,5195
Município,Fornos de Algodres,2009,5120
Município,Fornos de Algodres,2010,5040
Município,Fornos de Algodres,2011,5055
Município,Fornos de Algodres,2012,5073
Município,Fornos de Algodres,2013,4990
Município,Fornos de Algodres,2014,4904
Município,Fornos de Algodres,2015,4826
Município,Fornos de Algodres,2016,4750
Município,Fornos de Algodres,2017,4664
Município,Fornos de Algodres,2018,4571
Município,Fornos de Algodres,2019,4491
Município,Fornos de Algodres,2020,4461
Município,Fornos de Algodres,2022,4155
Município,Fornos de Algodres,2023,4159
Município,Fornos de Algodres,2024,4159
Município,Fornos de Algodres,2025,4157
Município,Fundão,1982,32098
Município,Fundão,1983,32110
Município,Fundão,1984,32080
Município,Fundão,1985,32045
Município,Fundão,1986,32032
Município,Fundão,1987,32026
Município,Fundão,1988,32001
Município,Fundão,1989,31963
Município,Fundão,1990,31912
Município,Fundão,1991,31824
Município,Fundão,1992,31699
Município,Fundão,1993,31550
Município,Fundão,1994,31472
Município,Fundão,1995,31465
Município,Fundão,1996,31467
Município,Fundão,1997,31471
Município,Fundão,1998,31458
Município,Fundão,1999,31416
Município,Fundão,2000,31417
Município,Fundão,2001,31399
Município,Fundão,2002,31279
Município,Fundão,2003,31104
Município,Fundão,2004,30886
Município,Fundão,2005,30641
Município,Fundão,2006,30422
Município,Fundão,2007,30226
Município,Fundão,2008,29982
Município,Fundão,2009,29716
Município,Fundão,2010,29432
Município,Fundão,2011,29028
Município,Fundão,2012,28582
Município,Fundão,2013,28194
Município,Fundão,2014,27851
Município,Fundão,2015,27573
Município,Fundão,2016,27295
Município,Fundão,2017,27024
Município,Fundão,2018,26806
Município,Fundão,2019,26652
Município,Fundão,2020,26626
Município,Fundão,2022,26553
Município,Fundão,2023,27127
Município,Fundão,2024,27520
Município,Fundão,2025,27708
Município,Gouveia,1982,19072
Município,Gouveia,1983,19003
Município,Gouveia,1984,18929
Município,Gouveia,1985,18800
Município,Gouveia,1986,18619
Município,Gouveia,1987,18437
Município,Gouveia,1988,18233
Município,Gouveia,1989,17992
Município,Gouveia,1990,17699
Município,Gouveia,1991,17430
Município,Gouveia,1992,17215
Município,Gouveia,1993,17017
Município,Gouveia,1994,16840
Município,Gouveia,1995,16681
Município,Gouveia,1996,16527
Município,Gouveia,1997,16385
Município,Gouveia,1998,16262
Município,Gouveia,1999,16171
Município,Gouveia,2000,16136
Município,Gouveia,2001,16059
Município,Gouveia,2002,15897
Município,Gouveia,2003,15688
Município,Gouveia,2004,15469
Município,Gouveia,2005,15262
Município,Gouveia,2006,15069
Município,Gouveia,2007,14888
Município,Gouveia,2008,14674
Município,Gouveia,2009,14444
Município,Gouveia,2010,14212
Município,Gouveia,2011,14029
Município,Gouveia,2012,13836
Município,Gouveia,2013,13599
Município,Gouveia,2014,13384
Município,Gouveia,2015,13167
Município,Gouveia,2016,12955
Município,Gouveia,2017,12759
Município,Gouveia,2018,12563
Município,Gouveia,2019,12402
Município,Gouveia,2020,12324
Município,Gouveia,2022,11855
Município,Gouveia,2023,11877
Município,Gouveia,2024,11944
Município,Gouveia,2025,11973
Município,Guarda,1982,40541
Município,Guarda,1983,40567
Município,Guarda,1984,40608
Município,Guarda,1985,40616
Município,Guarda,1986,40458
Município,Guarda,1987,40214
Município,Guarda,1988,39896
Município,Guarda,1989,39550
Município,Guarda,1990,39187
Município,Guarda,1991,39078
Município,Guarda,1992,39338
Município,Guarda,1993,39817
Município,Guarda,1994,40411
Município,Guarda,1995,40981
Município,Guarda,1996,41527
Município,Guarda,1997,42063
Município,Guarda,1998,42584
Município,Guarda,1999,43072
Município,Guarda,2000,43545
Município,Guarda,2001,43811
Município,Guarda,2002,43810
Município,Guarda,2003,43731
Município,Guarda,2004,43636
Município,Guarda,2005,43558
Município,Guarda,2006,43446
Município,Guarda,2007,43293
Município,Guarda,2008,43137
Município,Guarda,2009,42970
Município,Guarda,2010,42748
Município,Guarda,2011,42716
Município,Guarda,2012,42621
Município,Guarda,2013,42229
Município,Guarda,2014,41854
Município,Guarda,2015,41521
Município,Guarda,2016,41194
Município,Guarda,2017,40894
Município,Guarda,2018,40640
Município,Guarda,2019,40469
Município,Guarda,2020,40362
Município,Guarda,2022,40035
Município,Guarda,2023,40385
Município,Guarda,2024,40695
Município,Guarda,2025,40754
Município,Manteigas,1982,4482
Município,Manteigas,1983,4472
Município,Manteigas,1984,4472
Município,Manteigas,1985,4462
Município,Manteigas,1986,4433
Município,Manteigas,1987,4392
Município,Manteigas,1988,4347
Município,Manteigas,1989,4306
Município,Manteigas,1990,4254
Município,Manteigas,1991,4333
Município,Manteigas,1992,4416
Município,Manteigas,1993,4368
Município,Manteigas,1994,4333
Município,Manteigas,1995,4306
Município,Manteigas,1996,4274
Município,Manteigas,1997,4240
Município,Manteigas,1998,4202
Município,Manteigas,1999,4159
Município,Manteigas,2000,4120
Município,Manteigas,2001,4071
Município,Manteigas,2002,4016
Município,Manteigas,2003,3968
Município,Manteigas,2004,3916
Município,Manteigas,2005,3850
Município,Manteigas,2006,3773
Município,Manteigas,2007,3705
Município,Manteigas,2008,3639
Município,Manteigas,2009,3563
Município,Manteigas,2010,3484
Município,Manteigas,2011,3446
Município,Manteigas,2012,3414
Município,Manteigas,2013,3350
Município,Manteigas,2014,3280
Município,Manteigas,2015,3217
Município,Manteigas,2016,3161
Município,Manteigas,2017,3109
Município,Manteigas,2018,3064
Município,Manteigas,2019,3028
Município,Manteigas,2020,2996
Município,Manteigas,2022,3008
Município,Manteigas,2023,2998
Município,Manteigas,2024,2998
Município,Manteigas,2025,2979
Município,Mêda,1982,8964
Município,Mêda,1983,8918
Município,Mêda,1984,8839
Município,Mêda,1985,8745
Município,Mêda,1986,8600
Município,Mêda,1987,8404
Município,Mêda,1988,8181
Município,Mêda,1989,7925
Município,Mêda,1990,7649
Município,Mêda,1991,7435
Município,Mêda,1992,7268
Município,Mêda,1993,7098
Município,Mêda,1994,6946
Município,Mêda,1995,6816
Município,Mêda,1996,6698
Município,Mêda,1997,6574
Município,Mêda,1998,6452
Município,Mêda,1999,6354
Município,Mêda,2000,6273
Município,Mêda,2001,6197
Município,Mêda,2002,6125
Município,Mêda,2003,6031
Município,Mêda,2004,5911
Município,Mêda,2005,5811
Município,Mêda,2006,5710
Município,Mêda,2007,5591
Município,Mêda,2008,5479
Município,Mêda,2009,5378
Município,Mêda,2010,5275
Município,Mêda,2011,5120
Município,Mêda,2012,4987
Município,Mêda,2013,4925
Município,Mêda,2014,4864
Município,Mêda,2015,4801
Município,Mêda,2016,4744
Município,Mêda,2017,4702
Município,Mêda,2018,4657
Município,Mêda,2019,4625
Município,Mêda,2020,4619
Município,Mêda,2022,4450
Município,Mêda,2023,4424
Município,Mêda,2024,4404
Município,Mêda,2025,4382
Município,Pinhel,1982,14345
Município,Pinhel,1983,14316
Município,Pinhel,1984,14251
Município,Pinhel,1985,14159
Município,Pinhel,1986,13984
Município,Pinhel,1987,13749
Município,Pinhel,1988,13503
Município,Pinhel,1989,13245
Município,Pinhel,1990,12958
Município,Pinhel,1991,12697
Município,Pinhel,1992,12482
Município,Pinhel,1993,12272
Município,Pinhel,1994,12060
Município,Pinhel,1995,11848
Município,Pinhel,1996,11645
Município,Pinhel,1997,11466
Município,Pinhel,1998,11295
Município,Pinhel,1999,11141
Município,Pinhel,2000,11017
Município,Pinhel,2001,10911
Município,Pinhel,2002,10823
Município,Pinhel,2003,10711
Município,Pinhel,2004,10576
Município,Pinhel,2005,10454
Município,Pinhel,2006,10329
Município,Pinhel,2007,10188
Município,Pinhel,2008,10036
Município,Pinhel,2009,9882
Município,Pinhel,2010,9726
Município,Pinhel,2011,9513
Município,Pinhel,2012,9289
Município,Pinhel,2013,9132
Município,Pinhel,2014,8995
Município,Pinhel,2015,8866
Município,Pinhel,2016,8736
Município,Pinhel,2017,8614
Município,Pinhel,2018,8505
Município,Pinhel,2019,8396
Município,Pinhel,2020,8255
Município,Pinhel,2022,8117
Município,Pinhel,2023,8047
Município,Pinhel,2024,8015
Município,Pinhel,2025,8030
Município,Sabugal,1982,18772
Município,Sabugal,1983,18604
Município,Sabugal,1984,18418
Município,Sabugal,1985,18226
Município,Sabugal,1986,18023
Município,Sabugal,1987,17825
Município,Sabugal,1988,17630
Município,Sabugal,1989,17426
Município,Sabugal,1990,17185
Município,Sabugal,1991,16923
Município,Sabugal,1992,16661
Município,Sabugal,1993,16395
Município,Sabugal,1994,16159
Município,Sabugal,1995,15936
Município,Sabugal,1996,15706
Município,Sabugal,1997,15496
Município,Sabugal,1998,15296
Município,Sabugal,1999,15097
Município,Sabugal,2000,14933
Município,Sabugal,2001,14799
Município,Sabugal,2002,14655
Município,Sabugal,2003,14453
Município,Sabugal,2004,14212
Município,Sabugal,2005,13963
Município,Sabugal,2006,13704
Município,Sabugal,2007,13458
Município,Sabugal,2008,13210
Município,Sabugal,2009,12958
Município,Sabugal,2010,12713
Município,Sabugal,2011,12617
Município,Sabugal,2012,12554
Município,Sabugal,2013,12360
Município,Sabugal,2014,12158
Município,Sabugal,2015,11965
Município,Sabugal,2016,11786
Município,Sabugal,2017,11618
Município,Sabugal,2018,11451
Município,Sabugal,2019,11345
Município,Sabugal,2020,11356
Município,Sabugal,2022,9572
Município,Sabugal,2023,9485
Município,Sabugal,2024,9458
Município,Sabugal,2025,9401
Município,Seia,1982,31519
Município,Seia,1983,31562
Município,Seia,1984,31609
Município,Seia,1985,31621
Município,Seia,1986,31498
Município,Seia,1987,31318
Município,Seia,1988,31122
Município,Seia,1989,30925
Município,Seia,1990,30691
Município,Seia,1991,30404
Município,Seia,1992,30089
Município,Seia,1993,29785
Município,Seia,1994,29569
Município,Seia,1995,29361
Município,Seia,1996,29105
Município,Seia,1997,28874
Município,Seia,1998,28635
Município,Seia,1999,28405
Município,Seia,2000,28217
Município,Seia,2001,28014
Município,Seia,2002,27758
Município,Seia,2003,27436
Município,Seia,2004,27090
Município,Seia,2005,26751
Município,Seia,2006,26395
Município,Seia,2007,26035
Município,Seia,2008,25662
Município,Seia,2009,25285
Município,Seia,2010,24930
Município,Seia,2011,24838
Município,Seia,2012,24701
Município,Seia,2013,24269
Município,Seia,2014,23851
Município,Seia,2015,23482
Município,Seia,2016,23121
Município,Seia,2017,22763
Município,Seia,2018,22428
Município,Seia,2019,22123
Município,Seia,2020,21938
Município,Seia,2022,21622
Município,Seia,2023,21722
Município,Seia,2024,21769
Município,Seia,2025,21695
Município,Trancoso,1982,13082
Município,Trancoso,1983,13064
Município,Trancoso,1984,13029
Município,Trancoso,1985,12943
Município,Trancoso,1986,12756
Município,Trancoso,1987,12526
Município,Trancoso,1988,12282
Município,Trancoso,1989,12012
Município,Trancoso,1990,11726
Município,Trancoso,1991,11520
Município,Trancoso,1992,11367
Município,Trancoso,1993,11237
Município,Trancoso,1994,11177
Município,Trancoso,1995,11127
Município,Trancoso,1996,11069
Município,Trancoso,1997,11007
Município,Trancoso,1998,10934
Município,Trancoso,1999,10871
Município,Trancoso,2000,10853
Município,Trancoso,2001,10846
Município,Trancoso,2002,10785
Município,Trancoso,2003,10689
Município,Trancoso,2004,10583
Município,Trancoso,2005,10484
Município,Trancoso,2006,10382
Município,Trancoso,2007,10273
Município,Trancoso,2008,10175
Município,Trancoso,2009,10090
Município,Trancoso,2010,9986
Município,Trancoso,2011,9863
Município,Trancoso,2012,9699
Município,Trancoso,2013,9493
Município,Trancoso,2014,9297
Município,Trancoso,2015,9127
Município,Trancoso,2016,8973
Município,Trancoso,2017,8814
Município,Trancoso,2018,8667
Município,Trancoso,2019,8553
Município,Trancoso,2020,8488
Município,Trancoso,2022,8042
Município,Trancoso,2023,8027
Município,Trancoso,2024,8071
Município,Trancoso,2025,8067
NUTS II,Oeste e Vale do Tejo,1982,787706
NUTS II,Oeste e Vale do Tejo,1983,789723
NUTS II,Oeste e Vale do Tejo,1984,791363
NUTS II,Oeste e Vale do Tejo,1985,792436
NUTS II,Oeste e Vale do Tejo,1986,793373
NUTS II,Oeste e Vale do Tejo,1987,794558
NUTS II,Oeste e Vale do Tejo,1988,795361
NUTS II,Oeste e Vale do Tejo,1989,795744
NUTS II,Oeste e Vale do Tejo,1990,795887
NUTS II,Oeste e Vale do Tejo,1991,790325
NUTS II,Oeste e Vale do Tejo,1992,784809
NUTS II,Oeste e Vale do Tejo,1993,785437
NUTS II,Oeste e Vale do Tejo,1994,787261
NUTS II,Oeste e Vale do Tejo,1995,789787
NUTS II,Oeste e Vale do Tejo,1996,792513
NUTS II,Oeste e Vale do Tejo,1997,795721
NUTS II,Oeste e Vale do Tejo,1998,799528
NUTS II,Oeste e Vale do Tejo,1999,803978
NUTS II,Oeste e Vale do Tejo,2000,809623
NUTS II,Oeste e Vale do Tejo,2001,815357
NUTS II,Oeste e Vale do Tejo,2002,820043
NUTS II,Oeste e Vale do Tejo,2003,823499
NUTS II,Oeste e Vale do Tejo,2004,826271
NUTS II,Oeste e Vale do Tejo,2005,828766
NUTS II,Oeste e Vale do Tejo,2006,831170
NUTS II,Oeste e Vale do Tejo,2007,833816
NUTS II,Oeste e Vale do Tejo,2008,835937
NUTS II,Oeste e Vale do Tejo,2009,837624
NUTS II,Oeste e Vale do Tejo,2010,838912
NUTS II,Oeste e Vale do Tejo,2011,839840
NUTS II,Oeste e Vale do Tejo,2012,837178
NUTS II,Oeste e Vale do Tejo,2013,830411
NUTS II,Oeste e Vale do Tejo,2014,823616
NUTS II,Oeste e Vale do Tejo,2015,818234
NUTS II,Oeste e Vale do Tejo,2016,813664
NUTS II,Oeste e Vale do Tejo,2017,809243
NUTS II,Oeste e Vale do Tejo,2018,805710
NUTS II,Oeste e Vale do Tejo,2019,805089
NUTS II,Oeste e Vale do Tejo,2020,810369
NUTS II,Oeste e Vale do Tejo,2022,839325
NUTS II,Oeste e Vale do Tejo,2023,866343
NUTS II,Oeste e Vale do Tejo,2024,888408
NUTS II,Oeste e Vale do Tejo,2025,901478
NUTS III,Oeste,1982,312480
NUTS III,Oeste,1983,313709
NUTS III,Oeste,1984,314791
NUTS III,Oeste,1985,315724
NUTS III,Oeste,1986,316716
NUTS III,Oeste,1987,318009
NUTS III,Oeste,1988,319301
NUTS III,Oeste,1989,320404
NUTS III,Oeste,1990,321420
NUTS III,Oeste,1991,319778
NUTS III,Oeste,1992,318094
NUTS III,Oeste,1993,319145
NUTS III,Oeste,1994,320664
NUTS III,Oeste,1995,322575
NUTS III,Oeste,1996,324704
NUTS III,Oeste,1997,327113
NUTS III,Oeste,1998,329788
NUTS III,Oeste,1999,332664
NUTS III,Oeste,2000,336120
NUTS III,Oeste,2001,339824
NUTS III,Oeste,2002,343225
NUTS III,Oeste,2003,346188
NUTS III,Oeste,2004,348749
NUTS III,Oeste,2005,351119
NUTS III,Oeste,2006,353525
NUTS III,Oeste,2007,355988
NUTS III,Oeste,2008,358223
NUTS III,Oeste,2009,360323
NUTS III,Oeste,2010,362223
NUTS III,Oeste,2011,364074
NUTS III,Oeste,2012,364196
NUTS III,Oeste,2013,362217
NUTS III,Oeste,2014,360317
NUTS III,Oeste,2015,359161
NUTS III,Oeste,2016,358417
NUTS III,Oeste,2017,357817
NUTS III,Oeste,2018,357606
NUTS III,Oeste,2019,358744
NUTS III,Oeste,2020,362820
NUTS III,Oeste,2022,380531
NUTS III,Oeste,2023,394529
NUTS III,Oeste,2024,405343
NUTS III,Oeste,2025,411522
Município,Alcobaça,1982,52582
Município,Alcobaça,1983,52785
Município,Alcobaça,1984,52945
Município,Alcobaça,1985,53138
Município,Alcobaça,1986,53453
Município,Alcobaça,1987,53868
Município,Alcobaça,1988,54296
Município,Alcobaça,1989,54735
Município,Alcobaça,1990,55177
Município,Alcobaça,1991,54456
Município,Alcobaça,1992,53546
Município,Alcobaça,1993,53555
Município,Alcobaça,1994,53629
Município,Alcobaça,1995,53810
Município,Alcobaça,1996,54029
Município,Alcobaça,1997,54258
Município,Alcobaça,1998,54504
Município,Alcobaça,1999,54774
Município,Alcobaça,2000,55111
Município,Alcobaça,2001,55453
Município,Alcobaça,2002,55791
Município,Alcobaça,2003,56072
Município,Alcobaça,2004,56251
Município,Alcobaça,2005,56409
Município,Alcobaça,2006,56546
Município,Alcobaça,2007,56664
Município,Alcobaça,2008,56762
Município,Alcobaça,2009,56833
Município,Alcobaça,2010,56839
Município,Alcobaça,2011,56834
Município,Alcobaça,2012,56603
Município,Alcobaça,2013,56116
Município,Alcobaça,2014,55669
Município,Alcobaça,2015,55320
Município,Alcobaça,2016,55022
Município,Alcobaça,2017,54720
Município,Alcobaça,2018,54474
Município,Alcobaça,2019,54469
Município,Alcobaça,2020,54927
Município,Alcobaça,2022,56612
Município,Alcobaça,2023,58389
Município,Alcobaça,2024,59819
Município,Alcobaça,2025,60681
Município,Alenquer,1982,34630
Município,Alenquer,1983,34677
Município,Alenquer,1984,34703
Município,Alenquer,1985,34697
Município,Alenquer,1986,34716
Município,Alenquer,1987,34755
Município,Alenquer,1988,34770
Município,Alenquer,1989,34792
Município,Alenquer,1990,34798
Município,Alenquer,1991,34708
Município,Alenquer,1992,34750
Município,Alenquer,1993,35104
Município,Alenquer,1994,35558
Município,Alenquer,1995,36034
Município,Alenquer,1996,36527
Município,Alenquer,1997,37034
Município,Alenquer,1998,37565
Município,Alenquer,1999,38114
Município,Alenquer,2000,38732
Município,Alenquer,2001,39331
Município,Alenquer,2002,39858
Município,Alenquer,2003,40337
Município,Alenquer,2004,40744
Município,Alenquer,2005,41121
Município,Alenquer,2006,41514
Município,Alenquer,2007,41937
Município,Alenquer,2008,42348
Município,Alenquer,2009,42744
Município,Alenquer,2010,43123
Município,Alenquer,2011,43377
Município,Alenquer,2012,43356
Município,Alenquer,2013,43158
Município,Alenquer,2014,43021
Município,Alenquer,2015,43004
Município,Alenquer,2016,43061
Município,Alenquer,2017,43145
Município,Alenquer,2018,43261
Município,Alenquer,2019,43537
Município,Alenquer,2020,44220
Município,Alenquer,2022,46397
Município,Alenquer,2023,48176
Município,Alenquer,2024,49607
Município,Alenquer,2025,50465
Município,Arruda dos Vinhos,1982,8917
Município,Arruda dos Vinhos,1983,8949
Município,Arruda dos Vinhos,1984,8991
Município,Arruda dos Vinhos,1985,9050
Município,Arruda dos Vinhos,1986,9113
Município,Arruda dos Vinhos,1987,9191
Município,Arruda dos Vinhos,1988,9293
Município,Arruda dos Vinhos,1989,9398
Município,Arruda dos Vinhos,1990,9493
Município,Arruda dos Vinhos,1991,9519
Município,Arruda dos Vinhos,1992,9507
Município,Arruda dos Vinhos,1993,9519
Município,Arruda dos Vinhos,1994,9549
Município,Arruda dos Vinhos,1995,9602
Município,Arruda dos Vinhos,1996,9677
Município,Arruda dos Vinhos,1997,9781
Município,Arruda dos Vinhos,1998,9901
Município,Arruda dos Vinhos,1999,10043
Município,Arruda dos Vinhos,2000,10223
Município,Arruda dos Vinhos,2001,10480
Município,Arruda dos Vinhos,2002,10788
Município,Arruda dos Vinhos,2003,11084
Município,Arruda dos Vinhos,2004,11387
Município,Arruda dos Vinhos,2005,11707
Município,Arruda dos Vinhos,2006,12026
Município,Arruda dos Vinhos,2007,12342
Município,Arruda dos Vinhos,2008,12644
Município,Arruda dos Vinhos,2009,12943
Município,Arruda dos Vinhos,2010,13246
Município,Arruda dos Vinhos,2011,13460
Município,Arruda dos Vinhos,2012,13511
Município,Arruda dos Vinhos,2013,13484
Município,Arruda dos Vinhos,2014,13467
Município,Arruda dos Vinhos,2015,13483
Município,Arruda dos Vinhos,2016,13537
Município,Arruda dos Vinhos,2017,13591
Município,Arruda dos Vinhos,2018,13624
Município,Arruda dos Vinhos,2019,13719
Município,Arruda dos Vinhos,2020,13940
Município,Arruda dos Vinhos,2022,15126
Município,Arruda dos Vinhos,2023,15546
Município,Arruda dos Vinhos,2024,15853
Município,Arruda dos Vinhos,2025,16005
Município,Bombarral,1982,13816
Município,Bombarral,1983,13802
Município,Bombarral,1984,13790
Município,Bombarral,1985,13761
Município,Bombarral,1986,13680
Município,Bombarral,1987,13559
Município,Bombarral,1988,13422
Município,Bombarral,1989,13287
Município,Bombarral,1990,13114
Município,Bombarral,1991,12914
Município,Bombarral,1992,12813
Município,Bombarral,1993,12838
Município,Bombarral,1994,12876
Município,Bombarral,1995,12925
Município,Bombarral,1996,12988
Município,Bombarral,1997,13044
Município,Bombarral,1998,13090
Município,Bombarral,1999,13151
Município,Bombarral,2000,13245
Município,Bombarral,2001,13324
Município,Bombarral,2002,13349
Município,Bombarral,2003,13357
Município,Bombarral,2004,13359
Município,Bombarral,2005,13360
Município,Bombarral,2006,13377
Município,Bombarral,2007,13375
Município,Bombarral,2008,13328
Município,Bombarral,2009,13291
Município,Bombarral,2010,13248
Município,Bombarral,2011,13203
Município,Bombarral,2012,13143
Município,Bombarral,2013,13006
Município,Bombarral,2014,12849
Município,Bombarral,2015,12724
Município,Bombarral,2016,12622
Município,Bombarral,2017,12537
Município,Bombarral,2018,12474
Município,Bombarral,2019,12450
Município,Bombarral,2020,12648
Município,Bombarral,2022,13034
Município,Bombarral,2023,13606
Município,Bombarral,2024,14049
Município,Bombarral,2025,14293
Município,Cadaval,1982,14500
Município,Cadaval,1983,14494
Município,Cadaval,1984,14467
Município,Cadaval,1985,14404
Município,Cadaval,1986,14326
Município,Cadaval,1987,14245
Município,Cadaval,1988,14149
Município,Cadaval,1989,14022
Município,Cadaval,1990,13887
Município,Cadaval,1991,13709
Município,Cadaval,1992,13568
Município,Cadaval,1993,13535
Município,Cadaval,1994,13541
Município,Cadaval,1995,13571
Município,Cadaval,1996,13602
Município,Cadaval,1997,13653
Município,Cadaval,1998,13722
Município,Cadaval,1999,13793
Município,Cadaval,2000,13883
Município,Cadaval,2001,13977
Município,Cadaval,2002,14025
Município,Cadaval,2003,14037
Município,Cadaval,2004,14066
Município,Cadaval,2005,14092
Município,Cadaval,2006,14112
Município,Cadaval,2007,14155
Município,Cadaval,2008,14191
Município,Cadaval,2009,14225
Município,Cadaval,2010,14257
Município,Cadaval,2011,14286
Município,Cadaval,2012,14214
Município,Cadaval,2013,14031
Município,Cadaval,2014,13847
Município,Cadaval,2015,13700
Município,Cadaval,2016,13577
Município,Cadaval,2017,13443
Município,Cadaval,2018,13311
Município,Cadaval,2019,13234
Município,Cadaval,2020,13360
Município,Cadaval,2022,13258
Município,Cadaval,2023,13607
Município,Cadaval,2024,13902
Município,Cadaval,2025,14159
Município,Caldas da Rainha,1982,41268
Município,Caldas da Rainha,1983,41496
Município,Caldas da Rainha,1984,41716
Município,Caldas da Rainha,1985,41968
Município,Caldas da Rainha,1986,42261
Município,Caldas da Rainha,1987,42609
Município,Caldas da Rainha,1988,43025
Município,Caldas da Rainha,1989,43452
Município,Caldas da Rainha,1990,43850
Município,Caldas da Rainha,1991,43938
Município,Caldas da Rainha,1992,44034
Município,Caldas da Rainha,1993,44413
Município,Caldas da Rainha,1994,44873
Município,Caldas da Rainha,1995,45399
Município,Caldas da Rainha,1996,45925
Município,Caldas da Rainha,1997,46476
Município,Caldas da Rainha,1998,47062
Município,Caldas da Rainha,1999,47682
Município,Caldas da Rainha,2000,48380
Município,Caldas da Rainha,2001,48992
Município,Caldas da Rainha,2002,49472
Município,Caldas da Rainha,2003,49902
Município,Caldas da Rainha,2004,50241
Município,Caldas da Rainha,2005,50529
Município,Caldas da Rainha,2006,50815
Município,Caldas da Rainha,2007,51098
Município,Caldas da Rainha,2008,51340
Município,Caldas da Rainha,2009,51535
Município,Caldas da Rainha,2010,51710
Município,Caldas da Rainha,2011,51946
Município,Caldas da Rainha,2012,51950
Município,Caldas da Rainha,2013,51628
Município,Caldas da Rainha,2014,51285
Município,Caldas da Rainha,2015,51020
Município,Caldas da Rainha,2016,50817
Município,Caldas da Rainha,2017,50655
Município,Caldas da Rainha,2018,50575
Município,Caldas da Rainha,2019,50712
Município,Caldas da Rainha,2020,51053
Município,Caldas da Rainha,2022,54027
Município,Caldas da Rainha,2023,56230
Município,Caldas da Rainha,2024,57988
Município,Caldas da Rainha,2025,58841
Município,Lourinhã,1982,21379
Município,Lourinhã,1983,21485
Município,Lourinhã,1984,21598
Município,Lourinhã,1985,21705
Município,Lourinhã,1986,21752
Município,Lourinhã,1987,21879
Município,Lourinhã,1988,21999
Município,Lourinhã,1989,21997
Município,Lourinhã,1990,22005
Município,Lourinhã,1991,21915
Município,Lourinhã,1992,21840
Município,Lourinhã,1993,21882
Município,Lourinhã,1994,21939
Município,Lourinhã,1995,22035
Município,Lourinhã,1996,22173
Município,Lourinhã,1997,22357
Município,Lourinhã,1998,22558
Município,Lourinhã,1999,22773
Município,Lourinhã,2000,23060
Município,Lourinhã,2001,23395
Município,Lourinhã,2002,23708
Município,Lourinhã,2003,23997
Município,Lourinhã,2004,24255
Município,Lourinhã,2005,24476
Município,Lourinhã,2006,24724
Município,Lourinhã,2007,24984
Município,Lourinhã,2008,25240
Município,Lourinhã,2009,25482
Município,Lourinhã,2010,25677
Município,Lourinhã,2011,25888
Município,Lourinhã,2012,25948
Município,Lourinhã,2013,25828
Município,Lourinhã,2014,25727
Município,Lourinhã,2015,25675
Município,Lourinhã,2016,25643
Município,Lourinhã,2017,25620
Município,Lourinhã,2018,25638
Município,Lourinhã,2019,25748
Município,Lourinhã,2020,26114
Município,Lourinhã,2022,27597
Município,Lourinhã,2023,28610
Município,Lourinhã,2024,29303
Município,Lourinhã,2025,29827
Município,Nazaré,1982,15583
Município,Nazaré,1983,15655
Município,Nazaré,1984,15706
Município,Nazaré,1985,15739
Município,Nazaré,1986,15750
Município,Nazaré,1987,15745
Município,Nazaré,1988,15723
Município,Nazaré,1989,15694
Município,Nazaré,1990,15656
Município,Nazaré,1991,15490
Município,Nazaré,1992,15321
Município,Nazaré,1993,15260
Município,Nazaré,1994,15201
Município,Nazaré,1995,15163
Município,Nazaré,1996,15121
Município,Nazaré,1997,15090
Município,Nazaré,1998,15061
Município,Nazaré,1999,15021
Município,Nazaré,2000,15010
Município,Nazaré,2001,15068
Município,Nazaré,2002,15125
Município,Nazaré,2003,15145
Município,Nazaré,2004,15151
Município,Nazaré,2005,15141
Município,Nazaré,2006,15135
Município,Nazaré,2007,15132
Município,Nazaré,2008,15143
Município,Nazaré,2009,15168
Município,Nazaré,2010,15183
Município,Nazaré,2011,15197
Município,Nazaré,2012,15179
Município,Nazaré,2013,15097
Município,Nazaré,2014,15013
Município,Nazaré,2015,14968
Município,Nazaré,2016,14931
Município,Nazaré,2017,14889
Município,Nazaré,2018,14863
Município,Nazaré,2019,14882
Município,Nazaré,2020,14911
Município,Nazaré,2022,16040
Município,Nazaré,2023,16656
Município,Nazaré,2024,17013
Município,Nazaré,2025,17080
Município,Óbidos,1982,10584
Município,Óbidos,1983,10630
Município,Óbidos,1984,10689
Município,Óbidos,1985,10745
Município,Óbidos,1986,10835
Município,Óbidos,1987,10955
Município,Óbidos,1988,11084
Município,Óbidos,1989,11214
Município,Óbidos,1990,11343
Município,Óbidos,1991,11305
Município,Óbidos,1992,11152
Município,Óbidos,1993,11047
Município,Óbidos,1994,10954
Município,Óbidos,1995,10884
Município,Óbidos,1996,10835
Município,Óbidos,1997,10809
Município,Óbidos,1998,10796
Município,Óbidos,1999,10800
Município,Óbidos,2000,10835
Município,Óbidos,2001,10933
Município,Óbidos,2002,11050
Município,Óbidos,2003,11149
Município,Óbidos,2004,11241
Município,Óbidos,2005,11315
Município,Óbidos,2006,11395
Município,Óbidos,2007,11478
Município,Óbidos,2008,11563
Município,Óbidos,2009,11645
Município,Óbidos,2010,11734
Município,Óbidos,2011,11805
Município,Óbidos,2012,11811
Município,Óbidos,2013,11770
Município,Óbidos,2014,11714
Município,Óbidos,2015,11683
Município,Óbidos,2016,11680
Município,Óbidos,2017,11673
Município,Óbidos,2018,11661
Município,Óbidos,2019,11685
Município,Óbidos,2020,11875
Município,Óbidos,2022,12672
Município,Óbidos,2023,13215
Município,Óbidos,2024,13595
Município,Óbidos,2025,13823
Município,Peniche,1982,25898
Município,Peniche,1983,26039
Município,Peniche,1984,26170
Município,Peniche,1985,26269
Município,Peniche,1986,26311
Município,Peniche,1987,26344
Município,Peniche,1988,26365
Município,Peniche,1989,26365
Município,Peniche,1990,26379
Município,Peniche,1991,26251
Município,Peniche,1992,26120
Município,Peniche,1993,26178
Município,Peniche,1994,26275
Município,Peniche,1995,26383
Município,Peniche,1996,26490
Município,Peniche,1997,26617
Município,Peniche,1998,26763
Município,Peniche,1999,26924
Município,Peniche,2000,27128
Município,Peniche,2001,27310
Município,Peniche,2002,27426
Município,Peniche,2003,27500
Município,Peniche,2004,27555
Município,Peniche,2005,27624
Município,Peniche,2006,27693
Município,Peniche,2007,27762
Município,Peniche,2008,27797
Município,Peniche,2009,27807
Município,Peniche,2010,27814
Município,Peniche,2011,27789
Município,Peniche,2012,27657
Município,Peniche,2013,27421
Município,Peniche,2014,27180
Município,Peniche,2015,26994
Município,Peniche,2016,26850
Município,Peniche,2017,26709
Município,Peniche,2018,26576
Município,Peniche,2019,26513
Município,Peniche,2020,26552
Município,Peniche,2022,28501
Município,Peniche,2023,29372
Município,Peniche,2024,29959
Município,Peniche,2025,30217
Município,Sobral de Monte Agraço,1982,7870
Município,Sobral de Monte Agraço,1983,7865
Município,Sobral de Monte Agraço,1984,7862
Município,Sobral de Monte Agraço,1985,7845
Município,Sobral de Monte Agraço,1986,7801
Município,Sobral de Monte Agraço,1987,7732
Município,Sobral de Monte Agraço,1988,7648
Município,Sobral de Monte Agraço,1989,7563
Município,Sobral de Monte Agraço,1990,7462
Município,Sobral de Monte Agraço,1991,7427
Município,Sobral de Monte Agraço,1992,7504
Município,Sobral de Monte Agraço,1993,7648
Município,Sobral de Monte Agraço,1994,7814
Município,Sobral de Monte Agraço,1995,7974
Município,Sobral de Monte Agraço,1996,8125
Município,Sobral de Monte Agraço,1997,8287
Município,Sobral de Monte Agraço,1998,8471
Município,Sobral de Monte Agraço,1999,8655
Município,Sobral de Monte Agraço,2000,8825
Município,Sobral de Monte Agraço,2001,8991
Município,Sobral de Monte Agraço,2002,9137
Município,Sobral de Monte Agraço,2003,9266
Município,Sobral de Monte Agraço,2004,9406
Município,Sobral de Monte Agraço,2005,9545
Município,Sobral de Monte Agraço,2006,9669
Município,Sobral de Monte Agraço,2007,9780
Município,Sobral de Monte Agraço,2008,9890
Município,Sobral de Monte Agraço,2009,10001
Município,Sobral de Monte Agraço,2010,10113
Município,Sobral de Monte Agraço,2011,10235
Município,Sobral de Monte Agraço,2012,10288
Município,Sobral de Monte Agraço,2013,10273
Município,Sobral de Monte Agraço,2014,10258
Município,Sobral de Monte Agraço,2015,10255
Município,Sobral de Monte Agraço,2016,10255
Município,Sobral de Monte Agraço,2017,10261
Município,Sobral de Monte Agraço,2018,10293
Município,Sobral de Monte Agraço,2019,10353
Município,Sobral de Monte Agraço,2020,10520
Município,Sobral de Monte Agraço,2022,10732
Município,Sobral de Monte Agraço,2023,11182
Município,Sobral de Monte Agraço,2024,11533
Município,Sobral de Monte Agraço,2025,11760
Município,Torres Vedras,1982,65455
Município,Torres Vedras,1983,65834
Município,Torres Vedras,1984,66158
Município,Torres Vedras,1985,66406
Município,Torres Vedras,1986,66721
Município,Torres Vedras,1987,67130
Município,Torres Vedras,1988,67530
Município,Torres Vedras,1989,67888
Município,Torres Vedras,1990,68258
Município,Torres Vedras,1991,68149
Município,Torres Vedras,1992,67941
Município,Torres Vedras,1993,68169
Município,Torres Vedras,1994,68457
Município,Torres Vedras,1995,68800
Município,Torres Vedras,1996,69214
Município,Torres Vedras,1997,69710
Município,Torres Vedras,1998,70297
Município,Torres Vedras,1999,70938
Município,Torres Vedras,2000,71689
Município,Torres Vedras,2001,72574
Município,Torres Vedras,2002,73499
Município,Torres Vedras,2003,74345
Município,Torres Vedras,2004,75097
Município,Torres Vedras,2005,75803
Município,Torres Vedras,2006,76520
Município,Torres Vedras,2007,77284
Município,Torres Vedras,2008,77979
Município,Torres Vedras,2009,78651
Município,Torres Vedras,2010,79281
Município,Torres Vedras,2011,80058
Município,Torres Vedras,2012,80540
Município,Torres Vedras,2013,80408
Município,Torres Vedras,2014,80291
Município,Torres Vedras,2015,80338
Município,Torres Vedras,2016,80424
Município,Torres Vedras,2017,80578
Município,Torres Vedras,2018,80859
Município,Torres Vedras,2019,81446
Município,Torres Vedras,2020,82704
Município,Torres Vedras,2022,86537
Município,Torres Vedras,2023,89943
Município,Torres Vedras,2024,92725
Município,Torres Vedras,2025,94373
NUTS III,Médio Tejo,1982,240378
NUTS III,Médio Tejo,1983,240574
NUTS III,Médio Tejo,1984,240660
NUTS III,Médio Tejo,1985,240507
NUTS III,Médio Tejo,1986,240160
NUTS III,Médio Tejo,1987,239679
NUTS III,Médio Tejo,1988,238826
NUTS III,Médio Tejo,1989,237793
NUTS III,Médio Tejo,1990,236787
NUTS III,Médio Tejo,1991,234362
NUTS III,Médio Tejo,1992,232088
NUTS III,Médio Tejo,1993,231656
NUTS III,Médio Tejo,1994,231627
NUTS III,Médio Tejo,1995,231753
NUTS III,Médio Tejo,1996,231843
NUTS III,Médio Tejo,1997,231999
NUTS III,Médio Tejo,1998,232373
NUTS III,Médio Tejo,1999,232970
NUTS III,Médio Tejo,2000,233841
NUTS III,Médio Tejo,2001,234360
NUTS III,Médio Tejo,2002,234249
NUTS III,Médio Tejo,2003,233801
NUTS III,Médio Tejo,2004,233270
NUTS III,Médio Tejo,2005,232673
NUTS III,Médio Tejo,2006,231962
NUTS III,Médio Tejo,2007,231372
NUTS III,Médio Tejo,2008,230697
NUTS III,Médio Tejo,2009,229881
NUTS III,Médio Tejo,2010,228988
NUTS III,Médio Tejo,2011,228074
NUTS III,Médio Tejo,2012,226359
NUTS III,Médio Tejo,2013,223712
NUTS III,Médio Tejo,2014,221086
NUTS III,Médio Tejo,2015,218748
NUTS III,Médio Tejo,2016,216682
NUTS III,Médio Tejo,2017,214641
NUTS III,Médio Tejo,2018,212696
NUTS III,Médio Tejo,2019,211494
NUTS III,Médio Tejo,2020,211492
NUTS III,Médio Tejo,2022,213689
NUTS III,Médio Tejo,2023,218517
NUTS III,Médio Tejo,2024,222919
NUTS III,Médio Tejo,2025,226009
Município,Abrantes,1982,48740
Município,Abrantes,1983,48744
Município,Abrantes,1984,48748
Município,Abrantes,1985,48633
Município,Abrantes,1986,48392
Município,Abrantes,1987,48120
Município,Abrantes,1988,47739
Município,Abrantes,1989,47300
Município,Abrantes,1990,46892
Município,Abrantes,1991,46166
Município,Abrantes,1992,45419
Município,Abrantes,1993,44982
Município,Abrantes,1994,44547
Município,Abrantes,1995,44155
Município,Abrantes,1996,43749
Município,Abrantes,1997,43329
Município,Abrantes,1998,42957
Município,Abrantes,1999,42647
Município,Abrantes,2000,42386
Município,Abrantes,2001,42149
Município,Abrantes,2002,41915
Município,Abrantes,2003,41632
Município,Abrantes,2004,41357
Município,Abrantes,2005,41106
Município,Abrantes,2006,40817
Município,Abrantes,2007,40534
Município,Abrantes,2008,40255
Município,Abrantes,2009,39959
Município,Abrantes,2010,39637
Município,Abrantes,2011,39160
Município,Abrantes,2012,38560
Município,Abrantes,2013,37970
Município,Abrantes,2014,37419
Município,Abrantes,2015,36910
Município,Abrantes,2016,36421
Município,Abrantes,2017,35937
Município,Abrantes,2018,35463
Município,Abrantes,2019,35083
Município,Abrantes,2020,34745
Município,Abrantes,2022,34747
Município,Abrantes,2023,35174
Município,Abrantes,2024,35759
Município,Abrantes,2025,36070
Município,Alcanena,1982,14338
Município,Alcanena,1983,14384
Município,Alcanena,1984,14451
Município,Alcanena,1985,14494
Município,Alcanena,1986,14533
Município,Alcanena,1987,14584
Município,Alcanena,1988,14638
Município,Alcanena,1989,14670
Município,Alcanena,1990,14675
Município,Alcanena,1991,14549
Município,Alcanena,1992,14397
Município,Alcanena,1993,14376
Município,Alcanena,1994,14385
Município,Alcanena,1995,14410
Município,Alcanena,1996,14440
Município,Alcanena,1997,14451
Município,Alcanena,1998,14469
Município,Alcanena,1999,14500
Município,Alcanena,2000,14547
Município,Alcanena,2001,14564
Município,Alcanena,2002,14498
Município,Alcanena,2003,14420
Município,Alcanena,2004,14373
Município,Alcanena,2005,14301
Município,Alcanena,2006,14209
Município,Alcanena,2007,14153
Município,Alcanena,2008,14102
Município,Alcanena,2009,14022
Município,Alcanena,2010,13932
Município,Alcanena,2011,13813
Município,Alcanena,2012,13653
Município,Alcanena,2013,13490
Município,Alcanena,2014,13327
Município,Alcanena,2015,13173
Município,Alcanena,2016,13009
Município,Alcanena,2017,12844
Município,Alcanena,2018,12715
Município,Alcanena,2019,12613
Município,Alcanena,2020,12569
Município,Alcanena,2022,12799
Município,Alcanena,2023,13063
Município,Alcanena,2024,13235
Município,Alcanena,2025,13297
Município,Constância,1982,3948
Município,Constância,1983,3962
Município,Constância,1984,3975
Município,Constância,1985,3999
Município,Constância,1986,4050
Município,Constância,1987,4105
Município,Constância,1988,4153
Município,Constância,1989,4197
Município,Constância,1990,4237
Município,Constância,1991,4206
Município,Constância,1992,4134
Município,Constância,1993,4082
Município,Constância,1994,4027
Município,Constância,1995,3969
Município,Constância,1996,3910
Município,Constância,1997,3872
Município,Constância,1998,3846
Município,Constância,1999,3823
Município,Constância,2000,3813
Município,Constância,2001,3827
Município,Constância,2002,3855
Município,Constância,2003,3872
Município,Constância,2004,3898
Município,Constância,2005,3932
Município,Constância,2006,3964
Município,Constância,2007,3990
Município,Constância,2008,4007
Município,Constância,2009,4019
Município,Constância,2010,4039
Município,Constância,2011,4059
Município,Constância,2012,4056
Município,Constância,2013,4024
Município,Constância,2014,3984
Município,Constância,2015,3944
Município,Constância,2016,3907
Município,Constância,2017,3875
Município,Constância,2018,3844
Município,Constância,2019,3823
Município,Constância,2020,3803
Município,Constância,2022,3847
Município,Constância,2023,3882
Município,Constância,2024,3925
Município,Constância,2025,3991
Município,Entroncamento,1982,12040
Município,Entroncamento,1983,12149
Município,Entroncamento,1984,12272
Município,Entroncamento,1985,12419
Município,Entroncamento,1986,12665
Município,Entroncamento,1987,13017
Município,Entroncamento,1988,13401
Município,Entroncamento,1989,13800
Município,Entroncamento,1990,14232
Município,Entroncamento,1991,14549
Município,Entroncamento,1992,14809
Município,Entroncamento,1993,15159
Município,Entroncamento,1994,15571
Município,Entroncamento,1995,15978
Município,Entroncamento,1996,16380
Município,Entroncamento,1997,16771
Município,Entroncamento,1998,17152
Município,Entroncamento,1999,17540
Município,Entroncamento,2000,17929
Município,Entroncamento,2001,18263
Município,Entroncamento,2002,18522
Município,Entroncamento,2003,18758
Município,Entroncamento,2004,18988
Município,Entroncamento,2005,19189
Município,Entroncamento,2006,19369
Município,Entroncamento,2007,19576
Município,Entroncamento,2008,19788
Município,Entroncamento,2009,19982
Município,Entroncamento,2010,20147
Município,Entroncamento,2011,20267
Município,Entroncamento,2012,20281
Município,Entroncamento,2013,20179
Município,Entroncamento,2014,20072
Município,Entroncamento,2015,20004
Município,Entroncamento,2016,19964
Município,Entroncamento,2017,19916
Município,Entroncamento,2018,19871
Município,Entroncamento,2019,19924
Município,Entroncamento,2020,20112
Município,Entroncamento,2022,21279
Município,Entroncamento,2023,22343
Município,Entroncamento,2024,23527
Município,Entroncamento,2025,24457
Município,Ferreira do Zêzere,1982,11018
Município,Ferreira do Zêzere,1983,10965
Município,Ferreira do Zêzere,1984,10914
Município,Ferreira do Zêzere,1985,10839
Município,Ferreira do Zêzere,1986,10749
Município,Ferreira do Zêzere,1987,10647
Município,Ferreira do Zêzere,1988,10521
Município,Ferreira do Zêzere,1989,10399
Município,Ferreira do Zêzere,1990,10267
Município,Ferreira do Zêzere,1991,10045
Município,Ferreira do Zêzere,1992,9854
Município,Ferreira do Zêzere,1993,9786
Município,Ferreira do Zêzere,1994,9729
Município,Ferreira do Zêzere,1995,9660
Município,Ferreira do Zêzere,1996,9595
Município,Ferreira do Zêzere,1997,9553
Município,Ferreira do Zêzere,1998,9516
Município,Ferreira do Zêzere,1999,9481
Município,Ferreira do Zêzere,2000,9447
Município,Ferreira do Zêzere,2001,9401
Município,Ferreira do Zêzere,2002,9350
Município,Ferreira do Zêzere,2003,9273
Município,Ferreira do Zêzere,2004,9180
Município,Ferreira do Zêzere,2005,9080
Município,Ferreira do Zêzere,2006,8989
Município,Ferreira do Zêzere,2007,8918
Município,Ferreira do Zêzere,2008,8848
Município,Ferreira do Zêzere,2009,8772
Município,Ferreira do Zêzere,2010,8679
Município,Ferreira do Zêzere,2011,8600
Município,Ferreira do Zêzere,2012,8502
Município,Ferreira do Zêzere,2013,8365
Município,Ferreira do Zêzere,2014,8239
Município,Ferreira do Zêzere,2015,8131
Município,Ferreira do Zêzere,2016,8034
Município,Ferreira do Zêzere,2017,7946
Município,Ferreira do Zêzere,2018,7875
Município,Ferreira do Zêzere,2019,7829
Município,Ferreira do Zêzere,2020,7821
Município,Ferreira do Zêzere,2022,7749
Município,Ferreira do Zêzere,2023,7898
Município,Ferreira do Zêzere,2024,7998
Município,Ferreira do Zêzere,2025,8072
Município,Mação,1982,12129
Município,Mação,1983,11986
Município,Mação,1984,11844
Município,Mação,1985,11679
Município,Mação,1986,11452
Município,Mação,1987,11196
Município,Mação,1988,10920
Município,Mação,1989,10622
Município,Mação,1990,10322
Município,Mação,1991,10067
Município,Mação,1992,9860
Município,Mação,1993,9666
Município,Mação,1994,9482
Município,Mação,1995,9309
Município,Mação,1996,9136
Município,Mação,1997,8966
Município,Mação,1998,8812
Município,Mação,1999,8670
Município,Mação,2000,8531
Município,Mação,2001,8409
Município,Mação,2002,8312
Município,Mação,2003,8202
Município,Mação,2004,8093
Município,Mação,2005,7990
Município,Mação,2006,7875
Município,Mação,2007,7775
Município,Mação,2008,7663
Município,Mação,2009,7559
Município,Mação,2010,7451
Município,Mação,2011,7348
Município,Mação,2012,7248
Município,Mação,2013,7117
Município,Mação,2014,6979
Município,Mação,2015,6861
Município,Mação,2016,6757
Município,Mação,2017,6637
Município,Mação,2018,6514
Município,Mação,2019,6427
Município,Mação,2020,6405
Município,Mação,2022,6193
Município,Mação,2023,6240
Município,Mação,2024,6276
Município,Mação,2025,6288
Município,Ourém,1982,41625
Município,Ourém,1983,41723
Município,Ourém,1984,41766
Município,Ourém,1985,41792
Município,Ourém,1986,41757
Município,Ourém,1987,41686
Município,Ourém,1988,41546
Município,Ourém,1989,41341
Município,Ourém,1990,41129
Município,Ourém,1991,40841
Município,Ourém,1992,40771
Município,Ourém,1993,41145
Município,Ourém,1994,41700
Município,Ourém,1995,42275
Município,Ourém,1996,42863
Município,Ourém,1997,43518
Município,Ourém,1998,44222
Município,Ourém,1999,44942
Município,Ourém,2000,45705
Município,Ourém,2001,46209
Município,Ourém,2002,46372
Município,Ourém,2003,46439
Município,Ourém,2004,46438
Município,Ourém,2005,46385
Município,Ourém,2006,46320
Município,Ourém,2007,46292
Município,Ourém,2008,46262
Município,Ourém,2009,46189
Município,Ourém,2010,46071
Município,Ourém,2011,46184
Município,Ourém,2012,46140
Município,Ourém,2013,45709
Município,Ourém,2014,45281
Município,Ourém,2015,44901
Município,Ourém,2016,44621
Município,Ourém,2017,44360
Município,Ourém,2018,44142
Município,Ourém,2019,44147
Município,Ourém,2020,44510
Município,Ourém,2022,44939
Município,Ourém,2023,46518
Município,Ourém,2024,47686
Município,Ourém,2025,48523
Município,Sardoal,1982,5001
Município,Sardoal,1983,4984
Município,Sardoal,1984,4951
Município,Sardoal,1985,4910
Município,Sardoal,1986,4867
Município,Sardoal,1987,4813
Município,Sardoal,1988,4737
Município,Sardoal,1989,4649
Município,Sardoal,1990,4574
Município,Sardoal,1991,4479
Município,Sardoal,1992,4395
Município,Sardoal,1993,4353
Município,Sardoal,1994,4318
Município,Sardoal,1995,4287
Município,Sardoal,1996,4252
Município,Sardoal,1997,4209
Município,Sardoal,1998,4167
Município,Sardoal,1999,4139
Município,Sardoal,2000,4121
Município,Sardoal,2001,4105
Município,Sardoal,2002,4096
Município,Sardoal,2003,4087
Município,Sardoal,2004,4075
Município,Sardoal,2005,4061
Município,Sardoal,2006,4039
Município,Sardoal,2007,4021
Município,Sardoal,2008,4005
Município,Sardoal,2009,3983
Município,Sardoal,2010,3960
Município,Sardoal,2011,3960
Município,Sardoal,2012,3940
Município,Sardoal,2013,3871
Município,Sardoal,2014,3807
Município,Sardoal,2015,3757
Município,Sardoal,2016,3707
Município,Sardoal,2017,3657
Município,Sardoal,2018,3604
Município,Sardoal,2019,3561
Município,Sardoal,2020,3537
Município,Sardoal,2022,3588
Município,Sardoal,2023,3641
Município,Sardoal,2024,3665
Município,Sardoal,2025,3683
Município,Tomar,1982,45707
Município,Tomar,1983,45694
Município,Tomar,1984,45673
Município,Tomar,1985,45636
Município,Tomar,1986,45520
Município,Tomar,1987,45285
Município,Tomar,1988,44953
Município,Tomar,1989,44617
Município,Tomar,1990,44274
Município,Tomar,1991,43699
Município,Tomar,1992,43234
Município,Tomar,1993,43118
Município,Tomar,1994,43035
Município,Tomar,1995,42981
Município,Tomar,1996,42938
Município,Tomar,1997,42908
Município,Tomar,1998,42893
Município,Tomar,1999,42901
Município,Tomar,2000,42953
Município,Tomar,2001,42915
Município,Tomar,2002,42794
Município,Tomar,2003,42636
Município,Tomar,2004,42427
Município,Tomar,2005,42191
Município,Tomar,2006,41937
Município,Tomar,2007,41688
Município,Tomar,2008,41408
Município,Tomar,2009,41146
Município,Tomar,2010,40911
Município,Tomar,2011,40586
Município,Tomar,2012,40129
Município,Tomar,2013,39585
Município,Tomar,2014,39018
Município,Tomar,2015,38487
Município,Tomar,2016,38014
Município,Tomar,2017,37553
Município,Tomar,2018,37091
Município,Tomar,2019,36773
Município,Tomar,2020,36659
Município,Tomar,2022,36646
Município,Tomar,2023,37180
Município,Tomar,2024,37659
Município,Tomar,2025,37922
Município,Torres Novas,1982,37656
Município,Torres Novas,1983,37820
Município,Torres Novas,1984,37916
Município,Torres Novas,1985,37986
Município,Torres Novas,1986,38105
Município,Torres Novas,1987,38217
Município,Torres Novas,1988,38290
Município,Torres Novas,1989,38352
Município,Torres Novas,1990,38421
Município,Torres Novas,1991,38108
Município,Torres Novas,1992,37651
Município,Torres Novas,1993,37456
Município,Torres Novas,1994,37316
Município,Torres Novas,1995,37206
Município,Torres Novas,1996,37053
Município,Torres Novas,1997,36887
Município,Torres Novas,1998,36792
Município,Torres Novas,1999,36772
Município,Torres Novas,2000,36826
Município,Torres Novas,2001,36926
Município,Torres Novas,2002,36971
Município,Torres Novas,2003,36950
Município,Torres Novas,2004,36929
Município,Torres Novas,2005,36949
Município,Torres Novas,2006,36974
Município,Torres Novas,2007,36974
Município,Torres Novas,2008,36943
Município,Torres Novas,2009,36876
Município,Torres Novas,2010,36825
Município,Torres Novas,2011,36777
Município,Torres Novas,2012,36559
Município,Torres Novas,2013,36176
Município,Torres Novas,2014,35791
Município,Torres Novas,2015,35466
Município,Torres Novas,2016,35193
Município,Torres Novas,2017,34897
Município,Torres Novas,2018,34591
Município,Torres Novas,2019,34362
Município,Torres Novas,2020,34318
Município,Torres Novas,2022,34712
Município,Torres Novas,2023,35206
Município,Torres Novas,2024,35659
Município,Torres Novas,2025,36041
Município,Vila Nova da Barquinha,1982,8178
Município,Vila Nova da Barquinha,1983,8166
Município,Vila Nova da Barquinha,1984,8151
Município,Vila Nova da Barquinha,1985,8122
Município,Vila Nova da Barquinha,1986,8072
Município,Vila Nova da Barquinha,1987,8011
Município,Vila Nova da Barquinha,1988,7932
Município,Vila Nova da Barquinha,1989,7847
Município,Vila Nova da Barquinha,1990,7766
Município,Vila Nova da Barquinha,1991,7655
Município,Vila Nova da Barquinha,1992,7567
Município,Vila Nova da Barquinha,1993,7536
Município,Vila Nova da Barquinha,1994,7520
Município,Vila Nova da Barquinha,1995,7526
Município,Vila Nova da Barquinha,1996,7530
Município,Vila Nova da Barquinha,1997,7537
Município,Vila Nova da Barquinha,1998,7549
Município,Vila Nova da Barquinha,1999,7558
Município,Vila Nova da Barquinha,2000,7585
Município,Vila Nova da Barquinha,2001,7595
Município,Vila Nova da Barquinha,2002,7566
Município,Vila Nova da Barquinha,2003,7536
Município,Vila Nova da Barquinha,2004,7515
Município,Vila Nova da Barquinha,2005,7491
Município,Vila Nova da Barquinha,2006,7472
Município,Vila Nova da Barquinha,2007,7453
Município,Vila Nova da Barquinha,2008,7419
Município,Vila Nova da Barquinha,2009,7376
Município,Vila Nova da Barquinha,2010,7338
Município,Vila Nova da Barquinha,2011,7323
Município,Vila Nova da Barquinha,2012,7292
Município,Vila Nova da Barquinha,2013,7228
Município,Vila Nova da Barquinha,2014,7171
Município,Vila Nova da Barquinha,2015,7115
Município,Vila Nova da Barquinha,2016,7058
Município,Vila Nova da Barquinha,2017,7021
Município,Vila Nova da Barquinha,2018,6988
Município,Vila Nova da Barquinha,2019,6954
Município,Vila Nova da Barquinha,2020,7015
Município,Vila Nova da Barquinha,2022,7192
Município,Vila Nova da Barquinha,2023,7373
Município,Vila Nova da Barquinha,2024,7532
Município,Vila Nova da Barquinha,2025,7668
NUTS III,Lezíria do Tejo,1982,234849
NUTS III,Lezíria do Tejo,1983,235440
NUTS III,Lezíria do Tejo,1984,235913
NUTS III,Lezíria do Tejo,1985,236205
NUTS III,Lezíria do Tejo,1986,236498
NUTS III,Lezíria do Tejo,1987,236871
NUTS III,Lezíria do Tejo,1988,237234
NUTS III,Lezíria do Tejo,1989,237547
NUTS III,Lezíria do Tejo,1990,237681
NUTS III,Lezíria do Tejo,1991,236186
NUTS III,Lezíria do Tejo,1992,234627
NUTS III,Lezíria do Tejo,1993,234636
NUTS III,Lezíria do Tejo,1994,234970
NUTS III,Lezíria do Tejo,1995,235459
NUTS III,Lezíria do Tejo,1996,235966
NUTS III,Lezíria do Tejo,1997,236610
NUTS III,Lezíria do Tejo,1998,237367
NUTS III,Lezíria do Tejo,1999,238344
NUTS III,Lezíria do Tejo,2000,239662
NUTS III,Lezíria do Tejo,2001,241174
NUTS III,Lezíria do Tejo,2002,242569
NUTS III,Lezíria do Tejo,2003,243510
NUTS III,Lezíria do Tejo,2004,244253
NUTS III,Lezíria do Tejo,2005,244974
NUTS III,Lezíria do Tejo,2006,245683
NUTS III,Lezíria do Tejo,2007,246456
NUTS III,Lezíria do Tejo,2008,247017
NUTS III,Lezíria do Tejo,2009,247420
NUTS III,Lezíria do Tejo,2010,247702
NUTS III,Lezíria do Tejo,2011,247693
NUTS III,Lezíria do Tejo,2012,246624
NUTS III,Lezíria do Tejo,2013,244483
NUTS III,Lezíria do Tejo,2014,242214
NUTS III,Lezíria do Tejo,2015,240326
NUTS III,Lezíria do Tejo,2016,238566
NUTS III,Lezíria do Tejo,2017,236786
NUTS III,Lezíria do Tejo,2018,235408
NUTS III,Lezíria do Tejo,2019,234852
NUTS III,Lezíria do Tejo,2020,236057
NUTS III,Lezíria do Tejo,2022,245105
NUTS III,Lezíria do Tejo,2023,253297
NUTS III,Lezíria do Tejo,2024,260147
NUTS III,Lezíria do Tejo,2025,263947
Município,Almeirim,1982,21318
Município,Almeirim,1983,21401
Município,Almeirim,1984,21465
Município,Almeirim,1985,21518
Município,Almeirim,1986,21584
Município,Almeirim,1987,21662
Município,Almeirim,1988,21730
Município,Almeirim,1989,21776
Município,Almeirim,1990,21801
Município,Almeirim,1991,21657
Município,Almeirim,1992,21502
Município,Almeirim,1993,21483
Município,Almeirim,1994,21489
Município,Almeirim,1995,21511
Município,Almeirim,1996,21524
Município,Almeirim,1997,21554
Município,Almeirim,1998,21620
Município,Almeirim,1999,21716
Município,Almeirim,2000,21834
Município,Almeirim,2001,22021
Município,Almeirim,2002,22239
Município,Almeirim,2003,22400
Município,Almeirim,2004,22553
Município,Almeirim,2005,22683
Município,Almeirim,2006,22792
Município,Almeirim,2007,22930
Município,Almeirim,2008,23086
Município,Almeirim,2009,23231
Município,Almeirim,2010,23335
Município,Almeirim,2011,23418
Município,Almeirim,2012,23369
Município,Almeirim,2013,23168
Município,Almeirim,2014,22937
Município,Almeirim,2015,22743
Município,Almeirim,2016,22559
Município,Almeirim,2017,22374
Município,Almeirim,2018,22207
Município,Almeirim,2019,22098
Município,Almeirim,2020,22116
Município,Almeirim,2022,22960
Município,Almeirim,2023,23546
Município,Almeirim,2024,23867
Município,Almeirim,2025,24059
Município,Alpiarça,1982,8111
Município,Alpiarça,1983,8083
Município,Alpiarça,1984,8053
Município,Alpiarça,1985,8026
Município,Alpiarça,1986,8011
Município,Alpiarça,1987,7984
Município,Alpiarça,1988,7960
Município,Alpiarça,1989,7937
Município,Alpiarça,1990,7898
Município,Alpiarça,1991,7816
Município,Alpiarça,1992,7753
Município,Alpiarça,1993,7762
Município,Alpiarça,1994,7785
Município,Alpiarça,1995,7816
Município,Alpiarça,1996,7851
Município,Alpiarça,1997,7875
Município,Alpiarça,1998,7910
Município,Alpiarça,1999,7949
Município,Alpiarça,2000,7993
Município,Alpiarça,2001,8011
Município,Alpiarça,2002,7991
Município,Alpiarça,2003,7971
Município,Alpiarça,2004,7951
Município,Alpiarça,2005,7923
Município,Alpiarça,2006,7890
Município,Alpiarça,2007,7865
Município,Alpiarça,2008,7840
Município,Alpiarça,2009,7801
Município,Alpiarça,2010,7747
Município,Alpiarça,2011,7697
Município,Alpiarça,2012,7636
Município,Alpiarça,2013,7539
Município,Alpiarça,2014,7418
Município,Alpiarça,2015,7303
Município,Alpiarça,2016,7198
Município,Alpiarça,2017,7098
Município,Alpiarça,2018,7010
Município,Alpiarça,2019,6933
Município,Alpiarça,2020,6939
Município,Alpiarça,2022,7240
Município,Alpiarça,2023,7443
Município,Alpiarça,2024,7612
Município,Alpiarça,2025,7705
Município,Azambuja,1982,19924
Município,Azambuja,1983,19974
Município,Azambuja,1984,20013
Município,Azambuja,1985,20050
Município,Azambuja,1986,20048
Município,Azambuja,1987,20031
Município,Azambuja,1988,20023
Município,Azambuja,1989,20031
Município,Azambuja,1990,20008
Município,Azambuja,1991,19845
Município,Azambuja,1992,19715
Município,Azambuja,1993,19758
Município,Azambuja,1994,19847
Município,Azambuja,1995,19932
Município,Azambuja,1996,20033
Município,Azambuja,1997,20170
Município,Azambuja,1998,20323
Município,Azambuja,1999,20502
Município,Azambuja,2000,20707
Município,Azambuja,2001,20879
Município,Azambuja,2002,21013
Município,Azambuja,2003,21118
Município,Azambuja,2004,21218
Município,Azambuja,2005,21330
Município,Azambuja,2006,21449
Município,Azambuja,2007,21563
Município,Azambuja,2008,21649
Município,Azambuja,2009,21738
Município,Azambuja,2010,21818
Município,Azambuja,2011,21835
Município,Azambuja,2012,21772
Município,Azambuja,2013,21645
Município,Azambuja,2014,21503
Município,Azambuja,2015,21397
Município,Azambuja,2016,21306
Município,Azambuja,2017,21240
Município,Azambuja,2018,21231
Município,Azambuja,2019,21292
Município,Azambuja,2020,21439
Município,Azambuja,2022,21461
Município,Azambuja,2023,22022
Município,Azambuja,2024,22425
Município,Azambuja,2025,22661
Município,Benavente,1982,16397
Município,Benavente,1983,16519
Município,Benavente,1984,16660
Município,Benavente,1985,16839
Município,Benavente,1986,17079
Município,Benavente,1987,17394
Município,Benavente,1988,17753
Município,Benavente,1989,18112
Município,Benavente,1990,18473
Município,Benavente,1991,18760
Município,Benavente,1992,19039
Município,Benavente,1993,19410
Município,Benavente,1994,19827
Município,Benavente,1995,20269
Município,Benavente,1996,20717
Município,Benavente,1997,21197
Município,Benavente,1998,21707
Município,Benavente,1999,22226
Município,Benavente,2000,22796
Município,Benavente,2001,23480
Município,Benavente,2002,24213
Município,Benavente,2003,24829
Município,Benavente,2004,25379
Município,Benavente,2005,25942
Município,Benavente,2006,26501
Município,Benavente,2007,27078
Município,Benavente,2008,27655
Município,Benavente,2009,28205
Município,Benavente,2010,28738
Município,Benavente,2011,29123
Município,Benavente,2012,29221
Município,Benavente,2013,29115
Município,Benavente,2014,29003
Município,Benavente,2015,28984
Município,Benavente,2016,28969
Município,Benavente,2017,28931
Município,Benavente,2018,28957
Município,Benavente,2019,29071
Município,Benavente,2020,29513
Município,Benavente,2022,31050
Município,Benavente,2023,32180
Município,Benavente,2024,33109
Município,Benavente,2025,33732
Município,Cartaxo,1982,22592
Município,Cartaxo,1983,22633
Município,Cartaxo,1984,22681
Município,Cartaxo,1985,22716
Município,Cartaxo,1986,22740
Município,Cartaxo,1987,22757
Município,Cartaxo,1988,22761
Município,Cartaxo,1989,22759
Município,Cartaxo,1990,22739
Município,Cartaxo,1991,22577
Município,Cartaxo,1992,22444
Município,Cartaxo,1993,22486
Município,Cartaxo,1994,22536
Município,Cartaxo,1995,22610
Município,Cartaxo,1996,22714
Município,Cartaxo,1997,22835
Município,Cartaxo,1998,22982
Município,Cartaxo,1999,23130
Município,Cartaxo,2000,23275
Município,Cartaxo,2001,23454
Município,Cartaxo,2002,23668
Município,Cartaxo,2003,23824
Município,Cartaxo,2004,23931
Município,Cartaxo,2005,24034
Município,Cartaxo,2006,24128
Município,Cartaxo,2007,24248
Município,Cartaxo,2008,24353
Município,Cartaxo,2009,24426
Município,Cartaxo,2010,24485
Município,Cartaxo,2011,24513
Município,Cartaxo,2012,24405
Município,Cartaxo,2013,24159
Município,Cartaxo,2014,23913
Município,Cartaxo,2015,23698
Município,Cartaxo,2016,23490
Município,Cartaxo,2017,23292
Município,Cartaxo,2018,23113
Município,Cartaxo,2019,23004
Município,Cartaxo,2020,23151
Município,Cartaxo,2022,24143
Município,Cartaxo,2023,24667
Município,Cartaxo,2024,25039
Município,Cartaxo,2025,25295
Município,Chamusca,1982,13151
Município,Chamusca,1983,13150
Município,Chamusca,1984,13134
Município,Chamusca,1985,13113
Município,Chamusca,1986,13072
Município,Chamusca,1987,12995
Município,Chamusca,1988,12893
Município,Chamusca,1989,12773
Município,Chamusca,1990,12630
Município,Chamusca,1991,12413
Município,Chamusca,1992,12203
Município,Chamusca,1993,12100
Município,Chamusca,1994,12039
Município,Chamusca,1995,11967
Município,Chamusca,1996,11865
Município,Chamusca,1997,11765
Município,Chamusca,1998,11664
Município,Chamusca,1999,11578
Município,Chamusca,2000,11521
Município,Chamusca,2001,11434
Município,Chamusca,2002,11314
Município,Chamusca,2003,11192
Município,Chamusca,2004,11062
Município,Chamusca,2005,10920
Município,Chamusca,2006,10780
Município,Chamusca,2007,10646
Município,Chamusca,2008,10503
Município,Chamusca,2009,10358
Município,Chamusca,2010,10215
Município,Chamusca,2011,9989
Município,Chamusca,2012,9748
Município,Chamusca,2013,9569
Município,Chamusca,2014,9407
Município,Chamusca,2015,9265
Município,Chamusca,2016,9111
Município,Chamusca,2017,8949
Município,Chamusca,2018,8797
Município,Chamusca,2019,8674
Município,Chamusca,2020,8597
Município,Chamusca,2022,8546
Município,Chamusca,2023,8628
Município,Chamusca,2024,8654
Município,Chamusca,2025,8665
Município,Coruche,1982,25320
Município,Coruche,1983,25305
Município,Coruche,1984,25288
Município,Coruche,1985,25238
Município,Coruche,1986,25096
Município,Coruche,1987,24899
Município,Coruche,1988,24696
Município,Coruche,1989,24486
Município,Coruche,1990,24257
Município,Coruche,1991,23857
Município,Coruche,1992,23423
Município,Coruche,1993,23117
Município,Coruche,1994,22828
Município,Coruche,1995,22556
Município,Coruche,1996,22284
Município,Coruche,1997,22048
Município,Coruche,1998,21822
Município,Coruche,1999,21605
Município,Coruche,2000,21422
Município,Coruche,2001,21309
Município,Coruche,2002,21207
Município,Coruche,2003,21076
Município,Coruche,2004,20958
Município,Coruche,2005,20821
Município,Coruche,2006,20702
Município,Coruche,2007,20579
Município,Coruche,2008,20413
Município,Coruche,2009,20248
Município,Coruche,2010,20085
Município,Coruche,2011,19868
Município,Coruche,2012,19599
Município,Coruche,2013,19299
Município,Coruche,2014,18981
Município,Coruche,2015,18706
Município,Coruche,2016,18441
Município,Coruche,2017,18172
Município,Coruche,2018,17905
Município,Coruche,2019,17688
Município,Coruche,2020,17557
Município,Coruche,2022,17624
Município,Coruche,2023,17714
Município,Coruche,2024,17818
Município,Coruche,2025,17924
Município,Golegã,1982,5951
Município,Golegã,1983,5953
Município,Golegã,1984,5950
Município,Golegã,1985,5946
Município,Golegã,1986,5970
Município,Golegã,1987,6022
Município,Golegã,1988,6082
Município,Golegã,1989,6131
Município,Golegã,1990,6173
Município,Golegã,1991,6139
Município,Golegã,1992,6055
Município,Golegã,1993,6007
Município,Golegã,1994,5960
Município,Golegã,1995,5912
Município,Golegã,1996,5860
Município,Golegã,1997,5813
Município,Golegã,1998,5775
Município,Golegã,1999,5739
Município,Golegã,2000,5714
Município,Golegã,2001,5697
Município,Golegã,2002,5685
Município,Golegã,2003,5667
Município,Golegã,2004,5635
Município,Golegã,2005,5617
Município,Golegã,2006,5602
Município,Golegã,2007,5585
Município,Golegã,2008,5568
Município,Golegã,2009,5531
Município,Golegã,2010,5488
Município,Golegã,2011,5715
Município,Golegã,2012,5929
Município,Golegã,2013,5860
Município,Golegã,2014,5776
Município,Golegã,2015,5699
Município,Golegã,2016,5627
Município,Golegã,2017,5551
Município,Golegã,2018,5479
Município,Golegã,2019,5418
Município,Golegã,2020,5384
Município,Golegã,2022,5491
Município,Golegã,2023,5544
Município,Golegã,2024,5626
Município,Golegã,2025,5659
Município,Rio Maior,1982,20006
Município,Rio Maior,1983,20087
Município,Rio Maior,1984,20156
Município,Rio Maior,1985,20196
Município,Rio Maior,1986,20237
Município,Rio Maior,1987,20303
Município,Rio Maior,1988,20379
Município,Rio Maior,1989,20450
Município,Rio Maior,1990,20502
Município,Rio Maior,1991,20423
Município,Rio Maior,1992,20338
Município,Rio Maior,1993,20378
Município,Rio Maior,1994,20439
Município,Rio Maior,1995,20532
Município,Rio Maior,1996,20629
Município,Rio Maior,1997,20717
Município,Rio Maior,1998,20816
Município,Rio Maior,1999,20918
Município,Rio Maior,2000,21021
Município,Rio Maior,2001,21122
Município,Rio Maior,2002,21199
Município,Rio Maior,2003,21228
Município,Rio Maior,2004,21226
Município,Rio Maior,2005,21233
Município,Rio Maior,2006,21250
Município,Rio Maior,2007,21265
Município,Rio Maior,2008,21258
Município,Rio Maior,2009,21243
Município,Rio Maior,2010,21229
Município,Rio Maior,2011,21254
Município,Rio Maior,2012,21216
Município,Rio Maior,2013,21094
Município,Rio Maior,2014,20981
Município,Rio Maior,2015,20890
Município,Rio Maior,2016,20834
Município,Rio Maior,2017,20780
Município,Rio Maior,2018,20784
Município,Rio Maior,2019,20901
Município,Rio Maior,2020,21080
Município,Rio Maior,2022,22555
Município,Rio Maior,2023,23795
Município,Rio Maior,2024,24885
Município,Rio Maior,2025,25359
Município,Salvaterra de Magos,1982,19066
Município,Salvaterra de Magos,1983,19155
Município,Salvaterra de Magos,1984,19212
Município,Salvaterra de Magos,1985,19258
Município,Salvaterra de Magos,1986,19292
Município,Salvaterra de Magos,1987,19316
Município,Salvaterra de Magos,1988,19328
Município,Salvaterra de Magos,1989,19326
Município,Salvaterra de Magos,1990,19335
Município,Salvaterra de Magos,1991,19270
Município,Salvaterra de Magos,1992,19217
Município,Salvaterra de Magos,1993,19268
Município,Salvaterra de Magos,1994,19328
Município,Salvaterra de Magos,1995,19393
Município,Salvaterra de Magos,1996,19466
Município,Salvaterra de Magos,1997,19567
Município,Salvaterra de Magos,1998,19688
Município,Salvaterra de Magos,1999,19828
Município,Salvaterra de Magos,2000,20014
Município,Salvaterra de Magos,2001,20258
Município,Salvaterra de Magos,2002,20517
Município,Salvaterra de Magos,2003,20745
Município,Salvaterra de Magos,2004,20952
Município,Salvaterra de Magos,2005,21155
Município,Salvaterra de Magos,2006,21379
Município,Salvaterra de Magos,2007,21607
Município,Salvaterra de Magos,2008,21794
Município,Salvaterra de Magos,2009,21954
Município,Salvaterra de Magos,2010,22113
Município,Salvaterra de Magos,2011,22259
Município,Salvaterra de Magos,2012,22246
Município,Salvaterra de Magos,2013,22081
Município,Salvaterra de Magos,2014,21902
Município,Salvaterra de Magos,2015,21742
Município,Salvaterra de Magos,2016,21577
Município,Salvaterra de Magos,2017,21408
Município,Salvaterra de Magos,2018,21286
Município,Salvaterra de Magos,2019,21238
Município,Salvaterra de Magos,2020,21496
Município,Salvaterra de Magos,2022,22217
Município,Salvaterra de Magos,2023,22823
Município,Salvaterra de Magos,2024,23294
Município,Salvaterra de Magos,2025,23731
Município,Santarém,1982,63016
Município,Santarém,1983,63183
Município,Santarém,1984,63304
Município,Santarém,1985,63308
Município,Santarém,1986,63371
Município,Santarém,1987,63511
Município,Santarém,1988,63632
Município,Santarém,1989,63769
Município,Santarém,1990,63868
Município,Santarém,1991,63434
Município,Santarém,1992,62940
Município,Santarém,1993,62869
Município,Santarém,1994,62894
Município,Santarém,1995,62963
Município,Santarém,1996,63026
Município,Santarém,1997,63071
Município,Santarém,1998,63065
Município,Santarém,1999,63157
Município,Santarém,2000,63368
Município,Santarém,2001,63510
Município,Santarém,2002,63526
Município,Santarém,2003,63462
Município,Santarém,2004,63390
Município,Santarém,2005,63319
Município,Santarém,2006,63214
Município,Santarém,2007,63093
Município,Santarém,2008,62901
Município,Santarém,2009,62687
Município,Santarém,2010,62453
Município,Santarém,2011,62025
Município,Santarém,2012,61485
Município,Santarém,2013,60956
Município,Santarém,2014,60394
Município,Santarém,2015,59902
Município,Santarém,2016,59456
Município,Santarém,2017,58995
Município,Santarém,2018,58642
Município,Santarém,2019,58537
Município,Santarém,2020,58788
Município,Santarém,2022,61822
Município,Santarém,2023,64938
Município,Santarém,2024,67820
Município,Santarém,2025,69160
NUTS II,Grande Lisboa,1982,1910417
NUTS II,Grande Lisboa,1983,1917554
NUTS II,Grande Lisboa,1984,1923328
NUTS II,Grande Lisboa,1985,1927139
NUTS II,Grande Lisboa,1986,1928133
NUTS II,Grande Lisboa,1987,1927153
NUTS II,Grande Lisboa,1988,1924861
NUTS II,Grande Lisboa,1989,1922540
NUTS II,Grande Lisboa,1990,1919655
NUTS II,Grande Lisboa,1991,1904109
NUTS II,Grande Lisboa,1992,1888317
NUTS II,Grande Lisboa,1993,1885537
NUTS II,Grande Lisboa,1994,1885591
NUTS II,Grande Lisboa,1995,1887937
NUTS II,Grande Lisboa,1996,1891783
NUTS II,Grande Lisboa,1997,1897961
NUTS II,Grande Lisboa,1998,1906060
NUTS II,Grande Lisboa,1999,1916470
NUTS II,Grande Lisboa,2000,1931047
NUTS II,Grande Lisboa,2001,1948429
NUTS II,Grande Lisboa,2002,1964835
NUTS II,Grande Lisboa,2003,1977445
NUTS II,Grande Lisboa,2004,1986132
NUTS II,Grande Lisboa,2005,1993496
NUTS II,Grande Lisboa,2006,2001080
NUTS II,Grande Lisboa,2007,2009712
NUTS II,Grande Lisboa,2008,2019456
NUTS II,Grande Lisboa,2009,2029368
NUTS II,Grande Lisboa,2010,2038583
NUTS II,Grande Lisboa,2011,2039430
NUTS II,Grande Lisboa,2012,2034810
NUTS II,Grande Lisboa,2013,2032101
NUTS II,Grande Lisboa,2014,2032657
NUTS II,Grande Lisboa,2015,2038304
NUTS II,Grande Lisboa,2016,2044703
NUTS II,Grande Lisboa,2017,2052125
NUTS II,Grande Lisboa,2018,2060344
NUTS II,Grande Lisboa,2019,2072984
NUTS II,Grande Lisboa,2020,2076928
NUTS II,Grande Lisboa,2022,2234299
NUTS II,Grande Lisboa,2023,2322925
NUTS II,Grande Lisboa,2024,2390518
NUTS II,Grande Lisboa,2025,2417245
NUTS III,Grande Lisboa,1982,1910417
NUTS III,Grande Lisboa,1983,1917554
NUTS III,Grande Lisboa,1984,1923328
NUTS III,Grande Lisboa,1985,1927139
NUTS III,Grande Lisboa,1986,1928133
NUTS III,Grande Lisboa,1987,1927153
NUTS III,Grande Lisboa,1988,1924861
NUTS III,Grande Lisboa,1989,1922540
NUTS III,Grande Lisboa,1990,1919655
NUTS III,Grande Lisboa,1991,1904109
NUTS III,Grande Lisboa,1992,1888317
NUTS III,Grande Lisboa,1993,1885537
NUTS III,Grande Lisboa,1994,1885591
NUTS III,Grande Lisboa,1995,1887937
NUTS III,Grande Lisboa,1996,1891783
NUTS III,Grande Lisboa,1997,1897961
NUTS III,Grande Lisboa,1998,1906060
NUTS III,Grande Lisboa,1999,1916470
NUTS III,Grande Lisboa,2000,1931047
NUTS III,Grande Lisboa,2001,1948429
NUTS III,Grande Lisboa,2002,1964835
NUTS III,Grande Lisboa,2003,1977445
NUTS III,Grande Lisboa,2004,1986132
NUTS III,Grande Lisboa,2005,1993496
NUTS III,Grande Lisboa,2006,2001080
NUTS III,Grande Lisboa,2007,2009712
NUTS III,Grande Lisboa,2008,2019456
NUTS III,Grande Lisboa,2009,2029368
NUTS III,Grande Lisboa,2010,2038583
NUTS III,Grande Lisboa,2011,2039430
NUTS III,Grande Lisboa,2012,2034810
NUTS III,Grande Lisboa,2013,2032101
NUTS III,Grande Lisboa,2014,2032657
NUTS III,Grande Lisboa,2015,2038304
NUTS III,Grande Lisboa,2016,2044703
NUTS III,Grande Lisboa,2017,2052125
NUTS III,Grande Lisboa,2018,2060344
NUTS III,Grande Lisboa,2019,2072984
NUTS III,Grande Lisboa,2020,2076928
NUTS III,Grande Lisboa,2022,2234299
NUTS III,Grande Lisboa,2023,2322925
NUTS III,Grande Lisboa,2024,2390518
NUTS III,Grande Lisboa,2025,2417245
Município,Amadora,1982,165958
Município,Amadora,1983,167786
Município,Amadora,1984,169547
Município,Amadora,1985,171308
Município,Amadora,1986,173443
Município,Amadora,1987,175894
Município,Amadora,1988,178425
Município,Amadora,1989,180981
Município,Amadora,1990,183582
Município,Amadora,1991,183434
Município,Amadora,1992,181393
Município,Amadora,1993,179958
Município,Amadora,1994,178594
Município,Amadora,1995,177495
Município,Amadora,1996,176529
Município,Amadora,1997,175802
Município,Amadora,1998,175228
Município,Amadora,1999,174863
Município,Amadora,2000,174901
Município,Amadora,2001,175533
Município,Amadora,2002,176321
Município,Amadora,2003,176630
Município,Amadora,2004,176483
Município,Amadora,2005,176129
Município,Amadora,2006,175793
Município,Amadora,2007,175557
Município,Amadora,2008,175419
Município,Amadora,2009,175324
Município,Amadora,2010,175208
Município,Amadora,2011,174194
Município,Amadora,2012,172953
Município,Amadora,2013,172308
Município,Amadora,2014,171913
Município,Amadora,2015,171884
Município,Amadora,2016,171862
Município,Amadora,2017,172076
Município,Amadora,2018,172384
Município,Amadora,2019,172929
Município,Amadora,2020,172819
Município,Amadora,2022,182532
Município,Amadora,2023,191648
Município,Amadora,2024,200822
Município,Amadora,2025,205299
Município,Cascais,1982,142785
Município,Cascais,1983,143926
Município,Cascais,1984,145087
Município,Cascais,1985,146278
Município,Cascais,1986,147698
Município,Cascais,1987,149413
Município,Cascais,1988,151223
Município,Cascais,1989,153081
Município,Cascais,1990,155018
Município,Cascais,1991,155591
Município,Cascais,1992,155644
Município,Cascais,1993,156280
Município,Cascais,1994,156914
Município,Cascais,1995,157910
Município,Cascais,1996,159250
Município,Cascais,1997,160976
Município,Cascais,1998,162966
Município,Cascais,1999,165309
Município,Cascais,2000,168184
Município,Cascais,2001,171997
Município,Cascais,2002,176354
Município,Cascais,2003,180305
Município,Cascais,2004,183826
Município,Cascais,2005,187205
Município,Cascais,2006,190581
Município,Cascais,2007,194050
Município,Cascais,2008,197635
Município,Cascais,2009,201258
Município,Cascais,2010,204767
Município,Cascais,2011,207494
Município,Cascais,2012,208470
Município,Cascais,2013,208301
Município,Cascais,2014,208456
Município,Cascais,2015,209219
Município,Cascais,2016,210172
Município,Cascais,2017,211250
Município,Cascais,2018,212337
Município,Cascais,2019,213838
Município,Cascais,2020,214965
Município,Cascais,2022,231648
Município,Cascais,2023,239221
Município,Cascais,2024,242907
Município,Cascais,2025,243448
Município,Lisboa,1982,808075
Município,Lisboa,1983,803760
Município,Lisboa,1984,798388
Município,Lisboa,1985,790781
Município,Lisboa,1986,777168
Município,Lisboa,1987,758598
Município,Lisboa,1988,737413
Município,Lisboa,1989,715451
Município,Lisboa,1990,692385
Município,Lisboa,1991,668447
Município,Lisboa,1992,649734
Município,Lisboa,1993,636414
Município,Lisboa,1994,623100
Município,Lisboa,1995,610927
Município,Lisboa,1996,599561
Município,Lisboa,1997,589331
Município,Lisboa,1998,580232
Município,Lisboa,1999,572360
Município,Lisboa,2000,566144
Município,Lisboa,2001,563312
Município,Lisboa,2002,562774
Município,Lisboa,2003,561407
Município,Lisboa,2004,559217
Município,Lisboa,2005,556867
Município,Lisboa,2006,554681
Município,Lisboa,2007,552882
Município,Lisboa,2008,551526
Município,Lisboa,2009,550466
Município,Lisboa,2010,549210
Município,Lisboa,2011,545506
Município,Lisboa,2012,542338
Município,Lisboa,2013,541974
Município,Lisboa,2014,542865
Município,Lisboa,2015,545394
Município,Lisboa,2016,548189
Município,Lisboa,2017,551090
Município,Lisboa,2018,554033
Município,Lisboa,2019,558461
Município,Lisboa,2020,555228
Município,Lisboa,2022,621924
Município,Lisboa,2023,646971
Município,Lisboa,2024,660342
Município,Lisboa,2025,661689
Município,Loures,1982,280365
Município,Loures,1983,284084
Município,Loures,1984,287734
Município,Loures,1985,291619
Município,Loures,1986,296796
Município,Loures,1987,302932
Município,Loures,1988,309586
Município,Loures,1989,316525
Município,Loures,1990,323673
Município,Loures,1991,325627
Município,Loures,1992,323819
Município,Loures,1993,323375
Município,Loures,1994,323242
Município,Loures,1995,323543
Município,Loures,1996,324115
Município,Loures,1997,325079
Município,Loures,1998,260781
Município,Loures,1999,196340
Município,Loures,2000,197497
Município,Loures,2001,198975
Município,Loures,2002,200394
Município,Loures,2003,201444
Município,Loures,2004,202041
Município,Loures,2005,202453
Município,Loures,2006,202832
Município,Loures,2007,203250
Município,Loures,2008,203761
Município,Loures,2009,204251
Município,Loures,2010,204740
Município,Loures,2011,202489
Município,Loures,2012,199812
Município,Loures,2013,199424
Município,Loures,2014,199437
Município,Loures,2015,199780
Município,Loures,2016,200021
Município,Loures,2017,200397
Município,Loures,2018,200853
Município,Loures,2019,201705
Município,Loures,2020,202487
Município,Loures,2022,212574
Município,Loures,2023,222091
Município,Loures,2024,231642
Município,Loures,2025,236485
Município,Mafra,1982,44031
Município,Mafra,1983,44152
Município,Mafra,1984,44258
Município,Mafra,1985,44347
Município,Mafra,1986,44442
Município,Mafra,1987,44518
Município,Mafra,1988,44571
Município,Mafra,1989,44650
Município,Mafra,1990,44670
Município,Mafra,1991,44672
Município,Mafra,1992,45042
Município,Mafra,1993,45664
Município,Mafra,1994,46331
Município,Mafra,1995,47149
Município,Mafra,1996,48081
Município,Mafra,1997,49143
Município,Mafra,1998,50352
Município,Mafra,1999,51726
Município,Mafra,2000,53301
Município,Mafra,2001,55259
Município,Mafra,2002,57482
Município,Mafra,2003,59675
Município,Mafra,2004,61832
Município,Mafra,2005,64001
Município,Mafra,2006,66245
Município,Mafra,2007,68560
Município,Mafra,2008,70885
Município,Mafra,2009,73184
Município,Mafra,2010,75499
Município,Mafra,2011,77228
Município,Mafra,2012,78025
Município,Mafra,2013,78501
Município,Mafra,2014,79112
Município,Mafra,2015,79959
Município,Mafra,2016,80826
Município,Mafra,2017,81732
Município,Mafra,2018,82771
Município,Mafra,2019,84059
Município,Mafra,2020,86009
Município,Mafra,2022,89744
Município,Mafra,2023,92795
Município,Mafra,2024,94734
Município,Mafra,2025,95810
Município,Odivelas,1982,0
Município,Odivelas,1983,0
Município,Odivelas,1984,0
Município,Odivelas,1985,0
Município,Odivelas,1986,0
Município,Odivelas,1987,0
Município,Odivelas,1988,0
Município,Odivelas,1989,0
Município,Odivelas,1990,0
Município,Odivelas,1991,0
Município,Odivelas,1992,0
Município,Odivelas,1993,0
Município,Odivelas,1994,0
Município,Odivelas,1995,0
Município,Odivelas,1996,0
Município,Odivelas,1997,0
Município,Odivelas,1998,0
Município,Odivelas,1999,131516
Município,Odivelas,2000,132542
Município,Odivelas,2001,134077
Município,Odivelas,2002,135687
Município,Odivelas,2003,136942
Município,Odivelas,2004,137881
Município,Odivelas,2005,138694
Município,Odivelas,2006,139512
Município,Odivelas,2007,140496
Município,Odivelas,2008,141609
Município,Odivelas,2009,142710
Município,Odivelas,2010,143851
Município,Odivelas,2011,144874
Município,Odivelas,2012,145345
Município,Odivelas,2013,145396
Município,Odivelas,2014,145657
Município,Odivelas,2015,146217
Município,Odivelas,2016,146773
Município,Odivelas,2017,147441
Município,Odivelas,2018,148107
Município,Odivelas,2019,148911
Município,Odivelas,2020,149127
Município,Odivelas,2022,165283
Município,Odivelas,2023,175056
Município,Odivelas,2024,183797
Município,Odivelas,2025,186648
Município,Oeiras,1982,150932
Município,Oeiras,1983,151933
Município,Oeiras,1984,152769
Município,Oeiras,1985,153398
Município,Oeiras,1986,153747
Município,Oeiras,1987,153951
Município,Oeiras,1988,154049
Município,Oeiras,1989,154181
Município,Oeiras,1990,154277
Município,Oeiras,1991,153606
Município,Oeiras,1992,153136
Município,Oeiras,1993,153651
Município,Oeiras,1994,154381
Município,Oeiras,1995,155223
Município,Oeiras,1996,156095
Município,Oeiras,1997,157083
Município,Oeiras,1998,158182
Município,Oeiras,1999,159342
Município,Oeiras,2000,160764
Município,Oeiras,2001,162347
Município,Oeiras,2002,163792
Município,Oeiras,2003,165020
Município,Oeiras,2004,165991
Município,Oeiras,2005,166889
Município,Oeiras,2006,167860
Município,Oeiras,2007,168884
Município,Oeiras,2008,169883
Município,Oeiras,2009,170876
Município,Oeiras,2010,171786
Município,Oeiras,2011,172142
Município,Oeiras,2012,171978
Município,Oeiras,2013,171627
Município,Oeiras,2014,171413
Município,Oeiras,2015,171565
Município,Oeiras,2016,171758
Município,Oeiras,2017,171959
Município,Oeiras,2018,172235
Município,Oeiras,2019,172896
Município,Oeiras,2020,172590
Município,Oeiras,2022,179874
Município,Oeiras,2023,184124
Município,Oeiras,2024,186824
Município,Oeiras,2025,187969
Município,Sintra,1982,228860
Município,Sintra,1983,231379
Município,Sintra,1984,233878
Município,Sintra,1985,236504
Município,Sintra,1986,240228
Município,Sintra,1987,245051
Município,Sintra,1988,250423
Município,Sintra,1989,256098
Município,Sintra,1990,262037
Município,Sintra,1991,267302
Município,Sintra,1992,273259
Município,Sintra,1993,282415
Município,Sintra,1994,293453
Município,Sintra,1995,304287
Município,Sintra,1996,314890
Município,Sintra,1997,325400
Município,Sintra,1998,335690
Município,Sintra,1999,345920
Município,Sintra,2000,356425
Município,Sintra,2001,363575
Município,Sintra,2002,366907
Município,Sintra,2003,369353
Município,Sintra,2004,370797
Município,Sintra,2005,371843
Município,Sintra,2006,372823
Município,Sintra,2007,373903
Município,Sintra,2008,375179
Município,Sintra,2009,376377
Município,Sintra,2010,377301
Município,Sintra,2011,378409
Município,Sintra,2012,378787
Município,Sintra,2013,377938
Município,Sintra,2014,377420
Município,Sintra,2015,377869
Município,Sintra,2016,378589
Município,Sintra,2017,379484
Município,Sintra,2018,380697
Município,Sintra,2019,382758
Município,Sintra,2020,385702
Município,Sintra,2022,408335
Município,Sintra,2023,424684
Município,Sintra,2024,439783
Município,Sintra,2025,448303
Município,Vila Franca de Xira,1982,89412
Município,Vila Franca de Xira,1983,90536
Município,Vila Franca de Xira,1984,91668
Município,Vila Franca de Xira,1985,92906
Município,Vila Franca de Xira,1986,94611
Município,Vila Franca de Xira,1987,96798
Município,Vila Franca de Xira,1988,99174
Município,Vila Franca de Xira,1989,101575
Município,Vila Franca de Xira,1990,104014
Município,Vila Franca de Xira,1991,105432
Município,Vila Franca de Xira,1992,106291
Município,Vila Franca de Xira,1993,107783
Município,Vila Franca de Xira,1994,109577
Município,Vila Franca de Xira,1995,111405
Município,Vila Franca de Xira,1996,113263
Município,Vila Franca de Xira,1997,115147
Município,Vila Franca de Xira,1998,117056
Município,Vila Franca de Xira,1999,119095
Município,Vila Franca de Xira,2000,121290
Município,Vila Franca de Xira,2001,123356
Município,Vila Franca de Xira,2002,125126
Município,Vila Franca de Xira,2003,126672
Município,Vila Franca de Xira,2004,128065
Município,Vila Franca de Xira,2005,129417
Município,Vila Franca de Xira,2006,130754
Município,Vila Franca de Xira,2007,132132
Município,Vila Franca de Xira,2008,133560
Município,Vila Franca de Xira,2009,134925
Município,Vila Franca de Xira,2010,136224
Município,Vila Franca de Xira,2011,137097
Município,Vila Franca de Xira,2012,137105
Município,Vila Franca de Xira,2013,136634
Município,Vila Franca de Xira,2014,136386
Município,Vila Franca de Xira,2015,136420
Município,Vila Franca de Xira,2016,136514
Município,Vila Franca de Xira,2017,136699
Município,Vila Franca de Xira,2018,136928
Município,Vila Franca de Xira,2019,137429
Município,Vila Franca de Xira,2020,138004
Município,Vila Franca de Xira,2022,142387
Município,Vila Franca de Xira,2023,146337
Município,Vila Franca de Xira,2024,149670
Município,Vila Franca de Xira,2025,151596
NUTS II,Península de Setúbal,1982,590531
NUTS II,Península de Setúbal,1983,595806
NUTS II,Península de Setúbal,1984,600982
NUTS II,Península de Setúbal,1985,606186
NUTS II,Península de Setúbal,1986,612773
NUTS II,Península de Setúbal,1987,620800
NUTS II,Península de Setúbal,1988,629517
NUTS II,Península de Setúbal,1989,638419
NUTS II,Península de Setúbal,1990,647401
NUTS II,Península de Setúbal,1991,650563
NUTS II,Península de Setúbal,1992,651352
NUTS II,Península de Setúbal,1993,656029
NUTS II,Península de Setúbal,1994,662003
NUTS II,Península de Setúbal,1995,668512
NUTS II,Península de Setúbal,1996,675059
NUTS II,Península de Setúbal,1997,682170
NUTS II,Península de Setúbal,1998,689675
NUTS II,Península de Setúbal,1999,697719
NUTS II,Península de Setúbal,2000,707074
NUTS II,Península de Setúbal,2001,716784
NUTS II,Península de Setúbal,2002,725660
NUTS II,Península de Setúbal,2003,733319
NUTS II,Península de Setúbal,2004,739705
NUTS II,Península de Setúbal,2005,745536
NUTS II,Península de Setúbal,2006,751482
NUTS II,Península de Setúbal,2007,757877
NUTS II,Península de Setúbal,2008,764435
NUTS II,Península de Setúbal,2009,770787
NUTS II,Península de Setúbal,2010,776901
NUTS II,Península de Setúbal,2011,783615
NUTS II,Península de Setúbal,2012,786901
NUTS II,Península de Setúbal,2013,785779
NUTS II,Península de Setúbal,2014,785560
NUTS II,Península de Setúbal,2015,786784
NUTS II,Península de Setúbal,2016,788454
NUTS II,Península de Setúbal,2017,790871
NUTS II,Península de Setúbal,2018,793910
NUTS II,Península de Setúbal,2019,799128
NUTS II,Península de Setúbal,2020,807820
NUTS II,Península de Setúbal,2022,848855
NUTS II,Península de Setúbal,2023,884092
NUTS II,Península de Setúbal,2024,914656
NUTS II,Península de Setúbal,2025,932702
NUTS III,Península de Setúbal,1982,590531
NUTS III,Península de Setúbal,1983,595806
NUTS III,Península de Setúbal,1984,600982
NUTS III,Península de Setúbal,1985,606186
NUTS III,Península de Setúbal,1986,612773
NUTS III,Península de Setúbal,1987,620800
NUTS III,Península de Setúbal,1988,629517
NUTS III,Península de Setúbal,1989,638419
NUTS III,Península de Setúbal,1990,647401
NUTS III,Península de Setúbal,1991,650563
NUTS III,Península de Setúbal,1992,651352
NUTS III,Península de Setúbal,1993,656029
NUTS III,Península de Setúbal,1994,662003
NUTS III,Península de Setúbal,1995,668512
NUTS III,Península de Setúbal,1996,675059
NUTS III,Península de Setúbal,1997,682170
NUTS III,Península de Setúbal,1998,689675
NUTS III,Península de Setúbal,1999,697719
NUTS III,Península de Setúbal,2000,707074
NUTS III,Península de Setúbal,2001,716784
NUTS III,Península de Setúbal,2002,725660
NUTS III,Península de Setúbal,2003,733319
NUTS III,Península de Setúbal,2004,739705
NUTS III,Península de Setúbal,2005,745536
NUTS III,Península de Setúbal,2006,751482
NUTS III,Península de Setúbal,2007,757877
NUTS III,Península de Setúbal,2008,764435
NUTS III,Península de Setúbal,2009,770787
NUTS III,Península de Setúbal,2010,776901
NUTS III,Península de Setúbal,2011,783615
NUTS III,Península de Setúbal,2012,786901
NUTS III,Península de Setúbal,2013,785779
NUTS III,Península de Setúbal,2014,785560
NUTS III,Península de Setúbal,2015,786784
NUTS III,Península de Setúbal,2016,788454
NUTS III,Península de Setúbal,2017,790871
NUTS III,Península de Setúbal,2018,793910
NUTS III,Península de Setúbal,2019,799128
NUTS III,Península de Setúbal,2020,807820
NUTS III,Península de Setúbal,2022,848855
NUTS III,Península de Setúbal,2023,884092
NUTS III,Península de Setúbal,2024,914656
NUTS III,Península de Setúbal,2025,932702
Município,Alcochete,1982,11271
Município,Alcochete,1983,11254
Município,Alcochete,1984,11229
Município,Alcochete,1985,11179
Município,Alcochete,1986,11083
Município,Alcochete,1987,10944
Município,Alcochete,1988,10812
Município,Alcochete,1989,10664
Município,Alcochete,1990,10488
Município,Alcochete,1991,10421
Município,Alcochete,1992,10532
Município,Alcochete,1993,10742
Município,Alcochete,1994,10982
Município,Alcochete,1995,11235
Município,Alcochete,1996,11491
Município,Alcochete,1997,11753
Município,Alcochete,1998,12049
Município,Alcochete,1999,12393
Município,Alcochete,2000,12771
Município,Alcochete,2001,13191
Município,Alcochete,2002,13649
Município,Alcochete,2003,14097
Município,Alcochete,2004,14541
Município,Alcochete,2005,14983
Município,Alcochete,2006,15436
Município,Alcochete,2007,15909
Município,Alcochete,2008,16385
Município,Alcochete,2009,16861
Município,Alcochete,2010,17329
Município,Alcochete,2011,17691
Município,Alcochete,2012,17860
Município,Alcochete,2013,17951
Município,Alcochete,2014,18079
Município,Alcochete,2015,18226
Município,Alcochete,2016,18352
Município,Alcochete,2017,18504
Município,Alcochete,2018,18669
Município,Alcochete,2019,18862
Município,Alcochete,2020,19133
Município,Alcochete,2022,19464
Município,Alcochete,2023,19886
Município,Alcochete,2024,20208
Município,Alcochete,2025,20378
Município,Almada,1982,149057
Município,Almada,1983,150023
Município,Almada,1984,150894
Município,Almada,1985,151546
Município,Almada,1986,152082
Município,Almada,1987,152684
Município,Almada,1988,153302
Município,Almada,1989,153921
Município,Almada,1990,154466
Município,Almada,1991,153969
Município,Almada,1992,153350
Município,Almada,1993,153620
Município,Almada,1994,154095
Município,Almada,1995,154713
Município,Almada,1996,155344
Município,Almada,1997,156142
Município,Almada,1998,157024
Município,Almada,1999,158044
Município,Almada,2000,159449
Município,Almada,2001,161294
Município,Almada,2002,163249
Município,Almada,2003,164921
Município,Almada,2004,166247
Município,Almada,2005,167370
Município,Almada,2006,168510
Município,Almada,2007,169756
Município,Almada,2008,171083
Município,Almada,2009,172394
Município,Almada,2010,173634
Município,Almada,2011,174741
Município,Almada,2012,175060
Município,Almada,2013,174689
Município,Almada,2014,174592
Município,Almada,2015,174839
Município,Almada,2016,175210
Município,Almada,2017,175679
Município,Almada,2018,176158
Município,Almada,2019,177094
Município,Almada,2020,177961
Município,Almada,2022,186939
Município,Almada,2023,193882
Município,Almada,2024,199577
Município,Almada,2025,202415
Município,Barreiro,1982,88906
Município,Barreiro,1983,89317
Município,Barreiro,1984,89615
Município,Barreiro,1985,89754
Município,Barreiro,1986,89630
Município,Barreiro,1987,89311
Município,Barreiro,1988,88894
Município,Barreiro,1989,88416
Município,Barreiro,1990,87879
Município,Barreiro,1991,86578
Município,Barreiro,1992,85110
Município,Barreiro,1993,84162
Município,Barreiro,1994,83205
Município,Barreiro,1995,82321
Município,Barreiro,1996,81487
Município,Barreiro,1997,80729
Município,Barreiro,1998,80045
Município,Barreiro,1999,79462
Município,Barreiro,2000,79047
Município,Barreiro,2001,78963
Município,Barreiro,2002,79120
Município,Barreiro,2003,79206
Município,Barreiro,2004,79192
Município,Barreiro,2005,79138
Município,Barreiro,2006,79100
Município,Barreiro,2007,79087
Município,Barreiro,2008,79059
Município,Barreiro,2009,79034
Município,Barreiro,2010,78969
Município,Barreiro,2011,78982
Município,Barreiro,2012,78878
Município,Barreiro,2013,78494
Município,Barreiro,2014,78165
Município,Barreiro,2015,78003
Município,Barreiro,2016,77936
Município,Barreiro,2017,77972
Município,Barreiro,2018,78097
Município,Barreiro,2019,78479
Município,Barreiro,2020,78806
Município,Barreiro,2022,82613
Município,Barreiro,2023,86061
Município,Barreiro,2024,89421
Município,Barreiro,2025,91335
Município,Moita,1982,53932
Município,Moita,1983,54751
Município,Moita,1984,55582
Município,Moita,1985,56491
Município,Moita,1986,57820
Município,Moita,1987,59511
Município,Moita,1988,61332
Município,Moita,1989,63183
Município,Moita,1990,65103
Município,Moita,1991,65797
Município,Moita,1992,65515
Município,Moita,1993,65523
Município,Moita,1994,65633
Município,Moita,1995,65786
Município,Moita,1996,65956
Município,Moita,1997,66143
Município,Moita,1998,66363
Município,Moita,1999,66667
Município,Moita,2000,67061
Município,Moita,2001,67332
Município,Moita,2002,67401
Município,Moita,2003,67382
Município,Moita,2004,67279
Município,Moita,2005,67077
Município,Moita,2006,66855
Município,Moita,2007,66697
Município,Moita,2008,66545
Município,Moita,2009,66376
Município,Moita,2010,66176
Município,Moita,2011,66186
Município,Moita,2012,66173
Município,Moita,2013,65839
Município,Moita,2014,65553
Município,Moita,2015,65375
Município,Moita,2016,65208
Município,Moita,2017,65108
Município,Moita,2018,65096
Município,Moita,2019,65269
Município,Moita,2020,66067
Município,Moita,2022,69678
Município,Moita,2023,72762
Município,Moita,2024,75783
Município,Moita,2025,77904
Município,Montijo,1982,37011
Município,Montijo,1983,37104
Município,Montijo,1984,37188
Município,Montijo,1985,37230
Município,Montijo,1986,37191
Município,Montijo,1987,37131
Município,Montijo,1988,37048
Município,Montijo,1989,36951
Município,Montijo,1990,36845
Município,Montijo,1991,36632
Município,Montijo,1992,36561
Município,Montijo,1993,36632
Município,Montijo,1994,36681
Município,Montijo,1995,36828
Município,Montijo,1996,37036
Município,Montijo,1997,37323
Município,Montijo,1998,37681
Município,Montijo,1999,38128
Município,Montijo,2000,38695
Município,Montijo,2001,39682
Município,Montijo,2002,41014
Município,Montijo,2003,42237
Município,Montijo,2004,43351
Município,Montijo,2005,44455
Município,Montijo,2006,45608
Município,Montijo,2007,46842
Município,Montijo,2008,48109
Município,Montijo,2009,49359
Município,Montijo,2010,50593
Município,Montijo,2011,51551
Município,Montijo,2012,51973
Município,Montijo,2013,52075
Município,Montijo,2014,52206
Município,Montijo,2015,52478
Município,Montijo,2016,52839
Município,Montijo,2017,53245
Município,Montijo,2018,53701
Município,Montijo,2019,54428
Município,Montijo,2020,55543
Município,Montijo,2022,59105
Município,Montijo,2023,62594
Município,Montijo,2024,65631
Município,Montijo,2025,67457
Município,Palmela,1982,37116
Município,Palmela,1983,37465
Município,Palmela,1984,37858
Município,Palmela,1985,38347
Município,Palmela,1986,39149
Município,Palmela,1987,40214
Município,Palmela,1988,41416
Município,Palmela,1989,42652
Município,Palmela,1990,43914
Município,Palmela,1991,44686
Município,Palmela,1992,45208
Município,Palmela,1993,45965
Município,Palmela,1994,46792
Município,Palmela,1995,47671
Município,Palmela,1996,48564
Município,Palmela,1997,49503
Município,Palmela,1998,50490
Município,Palmela,1999,51524
Município,Palmela,2000,52637
Município,Palmela,2001,53765
Município,Palmela,2002,54858
Município,Palmela,2003,55882
Município,Palmela,2004,56806
Município,Palmela,2005,57700
Município,Palmela,2006,58643
Município,Palmela,2007,59626
Município,Palmela,2008,60575
Município,Palmela,2009,61474
Município,Palmela,2010,62395
Município,Palmela,2011,63634
Município,Palmela,2012,64503
Município,Palmela,2013,64632
Município,Palmela,2014,64817
Município,Palmela,2015,65157
Município,Palmela,2016,65515
Município,Palmela,2017,65909
Município,Palmela,2018,66290
Município,Palmela,2019,66899
Município,Palmela,2020,68415
Município,Palmela,2022,69290
Município,Palmela,2023,71956
Município,Palmela,2024,74288
Município,Palmela,2025,76185
Município,Seixal,1982,90615
Município,Seixal,1983,92287
Município,Seixal,1984,94035
Município,Seixal,1985,96044
Município,Seixal,1986,99019
Município,Seixal,1987,102849
Município,Seixal,1988,107154
Município,Seixal,1989,111622
Município,Seixal,1990,116192
Município,Seixal,1991,119269
Município,Seixal,1992,121274
Município,Seixal,1993,124132
Município,Seixal,1994,127603
Município,Seixal,1995,131088
Município,Seixal,1996,134456
Município,Seixal,1997,137848
Município,Seixal,1998,141179
Município,Seixal,1999,144419
Município,Seixal,2000,147801
Município,Seixal,2001,150362
Município,Seixal,2002,151819
Município,Seixal,2003,152926
Município,Seixal,2004,153734
Município,Seixal,2005,154434
Município,Seixal,2006,155084
Município,Seixal,2007,155785
Município,Seixal,2008,156522
Município,Seixal,2009,157217
Município,Seixal,2010,157928
Município,Seixal,2011,159192
Município,Seixal,2012,160064
Município,Seixal,2013,160002
Município,Seixal,2014,160140
Município,Seixal,2015,160468
Município,Seixal,2016,160871
Município,Seixal,2017,161524
Município,Seixal,2018,162361
Município,Seixal,2019,163544
Município,Seixal,2020,165794
Município,Seixal,2022,175372
Município,Seixal,2023,184129
Município,Seixal,2024,192165
Município,Seixal,2025,196980
Município,Sesimbra,1982,23366
Município,Sesimbra,1983,23632
Município,Sesimbra,1984,23917
Município,Sesimbra,1985,24243
Município,Sesimbra,1986,24703
Município,Sesimbra,1987,25302
Município,Sesimbra,1988,25955
Município,Sesimbra,1989,26633
Município,Sesimbra,1990,27338
Município,Sesimbra,1991,27939
Município,Sesimbra,1992,28613
Município,Sesimbra,1993,29461
Município,Sesimbra,1994,30378
Município,Sesimbra,1995,31336
Município,Sesimbra,1996,32304
Município,Sesimbra,1997,33315
Município,Sesimbra,1998,34392
Município,Sesimbra,1999,35535
Município,Sesimbra,2000,36768
Município,Sesimbra,2001,38057
Município,Sesimbra,2002,39342
Município,Sesimbra,2003,40583
Município,Sesimbra,2004,41759
Município,Sesimbra,2005,42938
Município,Sesimbra,2006,44117
Município,Sesimbra,2007,45321
Município,Sesimbra,2008,46566
Município,Sesimbra,2009,47765
Município,Sesimbra,2010,48928
Município,Sesimbra,2011,49828
Município,Sesimbra,2012,50184
Município,Sesimbra,2013,50215
Município,Sesimbra,2014,50292
Município,Sesimbra,2015,50450
Município,Sesimbra,2016,50603
Município,Sesimbra,2017,50824
Município,Sesimbra,2018,51102
Município,Sesimbra,2019,51434
Município,Sesimbra,2020,52163
Município,Sesimbra,2022,55825
Município,Sesimbra,2023,57425
Município,Sesimbra,2024,58540
Município,Sesimbra,2025,59198
Município,Setúbal,1982,99260
Município,Setúbal,1983,99973
Município,Setúbal,1984,100666
Município,Setúbal,1985,101353
Município,Setúbal,1986,102098
Município,Setúbal,1987,102855
Município,Setúbal,1988,103607
Município,Setúbal,1989,104378
Município,Setúbal,1990,105178
Município,Setúbal,1991,105274
Município,Setúbal,1992,105191
Município,Setúbal,1993,105793
Município,Setúbal,1994,106635
Município,Setúbal,1995,107536
Município,Setúbal,1996,108423
Município,Setúbal,1997,109416
Município,Setúbal,1998,110453
Município,Setúbal,1999,111549
Município,Setúbal,2000,112846
Município,Setúbal,2001,114140
Município,Setúbal,2002,115210
Município,Setúbal,2003,116087
Município,Setúbal,2004,116800
Município,Setúbal,2005,117444
Município,Setúbal,2006,118132
Município,Setúbal,2007,118855
Município,Setúbal,2008,119594
Município,Setúbal,2009,120307
Município,Setúbal,2010,120950
Município,Setúbal,2011,121811
Município,Setúbal,2012,122208
Município,Setúbal,2013,121884
Município,Setúbal,2014,121717
Município,Setúbal,2015,121790
Município,Setúbal,2016,121923
Município,Setúbal,2017,122109
Município,Setúbal,2018,122439
Município,Setúbal,2019,123121
Município,Setúbal,2020,123941
Município,Setúbal,2022,130572
Município,Setúbal,2023,135399
Município,Setúbal,2024,139045
Município,Setúbal,2025,140852
NUTS II,Alentejo,1982,586321
NUTS II,Alentejo,1983,585494
NUTS II,Alentejo,1984,583933
NUTS II,Alentejo,1985,581156
NUTS II,Alentejo,1986,576226
NUTS II,Alentejo,1987,569561
NUTS II,Alentejo,1988,561805
NUTS II,Alentejo,1989,553640
NUTS II,Alentejo,1990,544745
NUTS II,Alentejo,1991,545523
NUTS II,Alentejo,1992,549469
NUTS II,Alentejo,1993,546861
NUTS II,Alentejo,1994,544806
NUTS II,Alentejo,1995,543035
NUTS II,Alentejo,1996,541082
NUTS II,Alentejo,1997,539294
NUTS II,Alentejo,1998,537855
NUTS II,Alentejo,1999,536531
NUTS II,Alentejo,2000,535733
NUTS II,Alentejo,2001,535052
NUTS II,Alentejo,2002,533745
NUTS II,Alentejo,2003,531694
NUTS II,Alentejo,2004,529453
NUTS II,Alentejo,2005,527028
NUTS II,Alentejo,2006,524418
NUTS II,Alentejo,2007,521978
NUTS II,Alentejo,2008,519077
NUTS II,Alentejo,2009,515940
NUTS II,Alentejo,2010,512686
NUTS II,Alentejo,2011,509338
NUTS II,Alentejo,2012,505020
NUTS II,Alentejo,2013,499441
NUTS II,Alentejo,2014,493832
NUTS II,Alentejo,2015,488721
NUTS II,Alentejo,2016,483921
NUTS II,Alentejo,2017,479306
NUTS II,Alentejo,2018,475372
NUTS II,Alentejo,2019,472945
NUTS II,Alentejo,2020,472060
NUTS II,Alentejo,2022,492075
NUTS II,Alentejo,2023,504959
NUTS II,Alentejo,2024,513393
NUTS II,Alentejo,2025,514879
NUTS III,Alentejo Litoral,1982,103488
NUTS III,Alentejo Litoral,1983,103560
NUTS III,Alentejo Litoral,1984,103445
NUTS III,Alentejo Litoral,1985,103114
NUTS III,Alentejo Litoral,1986,102435
NUTS III,Alentejo Litoral,1987,101454
NUTS III,Alentejo Litoral,1988,100274
NUTS III,Alentejo Litoral,1989,98951
NUTS III,Alentejo Litoral,1990,97509
NUTS III,Alentejo Litoral,1991,97972
NUTS III,Alentejo Litoral,1992,99087
NUTS III,Alentejo Litoral,1993,99056
NUTS III,Alentejo Litoral,1994,99141
NUTS III,Alentejo Litoral,1995,99236
NUTS III,Alentejo Litoral,1996,99285
NUTS III,Alentejo Litoral,1997,99315
NUTS III,Alentejo Litoral,1998,99379
NUTS III,Alentejo Litoral,1999,99484
NUTS III,Alentejo Litoral,2000,99678
NUTS III,Alentejo Litoral,2001,99896
NUTS III,Alentejo Litoral,2002,100020
NUTS III,Alentejo Litoral,2003,99956
NUTS III,Alentejo Litoral,2004,99785
NUTS III,Alentejo Litoral,2005,99539
NUTS III,Alentejo Litoral,2006,99269
NUTS III,Alentejo Litoral,2007,99076
NUTS III,Alentejo Litoral,2008,98829
NUTS III,Alentejo Litoral,2009,98551
NUTS III,Alentejo Litoral,2010,98268
NUTS III,Alentejo Litoral,2011,97774
NUTS III,Alentejo Litoral,2012,97113
NUTS III,Alentejo Litoral,2013,96464
NUTS III,Alentejo Litoral,2014,95875
NUTS III,Alentejo Litoral,2015,95473
NUTS III,Alentejo Litoral,2016,95176
NUTS III,Alentejo Litoral,2017,94946
NUTS III,Alentejo Litoral,2018,94978
NUTS III,Alentejo Litoral,2019,95631
NUTS III,Alentejo Litoral,2020,96622
NUTS III,Alentejo Litoral,2022,108437
NUTS III,Alentejo Litoral,2023,114937
NUTS III,Alentejo Litoral,2024,118621
NUTS III,Alentejo Litoral,2025,118912
Município,Alcácer do Sal,1982,16434
Município,Alcácer do Sal,1983,16451
Município,Alcácer do Sal,1984,16379
Município,Alcácer do Sal,1985,16239
Município,Alcácer do Sal,1986,16014
Município,Alcácer do Sal,1987,15700
Município,Alcácer do Sal,1988,15341
Município,Alcácer do Sal,1989,14940
Município,Alcácer do Sal,1990,14497
Município,Alcácer do Sal,1991,14418
Município,Alcácer do Sal,1992,14540
Município,Alcácer do Sal,1993,14519
Município,Alcácer do Sal,1994,14510
Município,Alcácer do Sal,1995,14499
Município,Alcácer do Sal,1996,14467
Município,Alcácer do Sal,1997,14435
Município,Alcácer do Sal,1998,14401
Município,Alcácer do Sal,1999,14349
Município,Alcácer do Sal,2000,14302
Município,Alcácer do Sal,2001,14231
Município,Alcácer do Sal,2002,14129
Município,Alcácer do Sal,2003,14013
Município,Alcácer do Sal,2004,13901
Município,Alcácer do Sal,2005,13785
Município,Alcácer do Sal,2006,13659
Município,Alcácer do Sal,2007,13541
Município,Alcácer do Sal,2008,13404
Município,Alcácer do Sal,2009,13250
Município,Alcácer do Sal,2010,13119
Município,Alcácer do Sal,2011,12959
Município,Alcácer do Sal,2012,12723
Município,Alcácer do Sal,2013,12485
Município,Alcácer do Sal,2014,12277
Município,Alcácer do Sal,2015,12082
Município,Alcácer do Sal,2016,11887
Município,Alcácer do Sal,2017,11707
Município,Alcácer do Sal,2018,11554
Município,Alcácer do Sal,2019,11435
Município,Alcácer do Sal,2020,11318
Município,Alcácer do Sal,2022,11623
Município,Alcácer do Sal,2023,11801
Município,Alcácer do Sal,2024,11972
Município,Alcácer do Sal,2025,11992
Município,Grândola,1982,16070
Município,Grândola,1983,15996
Município,Grândola,1984,15915
Município,Grândola,1985,15781
Município,Grândola,1986,15511
Município,Grândola,1987,15125
Município,Grândola,1988,14696
Município,Grândola,1989,14256
Município,Grândola,1990,13789
Município,Grândola,1991,13774
Município,Grândola,1992,14021
Município,Grândola,1993,14121
Município,Grândola,1994,14238
Município,Grândola,1995,14349
Município,Grândola,1996,14468
Município,Grândola,1997,14572
Município,Grândola,1998,14649
Município,Grândola,1999,14735
Município,Grândola,2000,14835
Município,Grândola,2001,14917
Município,Grândola,2002,14974
Município,Grândola,2003,15009
Município,Grândola,2004,15012
Município,Grândola,2005,14985
Município,Grândola,2006,14955
Município,Grândola,2007,14947
Município,Grândola,2008,14948
Município,Grândola,2009,14937
Município,Grândola,2010,14902
Município,Grândola,2011,14783
Município,Grândola,2012,14630
Município,Grândola,2013,14499
Município,Grândola,2014,14361
Município,Grândola,2015,14255
Município,Grândola,2016,14159
Município,Grândola,2017,14053
Município,Grândola,2018,13959
Município,Grândola,2019,13910
Município,Grândola,2020,13913
Município,Grândola,2022,14057
Município,Grândola,2023,14600
Município,Grândola,2024,15117
Município,Grândola,2025,15325
Município,Odemira,1982,29416
Município,Odemira,1983,29313
Município,Odemira,1984,29164
Município,Odemira,1985,28942
Município,Odemira,1986,28596
Município,Odemira,1987,28134
Município,Odemira,1988,27579
Município,Odemira,1989,26973
Município,Odemira,1990,26334
Município,Odemira,1991,26244
Município,Odemira,1992,26412
Município,Odemira,1993,26286
Município,Odemira,1994,26191
Município,Odemira,1995,26123
Município,Odemira,1996,26040
Município,Odemira,1997,25980
Município,Odemira,1998,25957
Município,Odemira,1999,25959
Município,Odemira,2000,25999
Município,Odemira,2001,26110
Município,Odemira,2002,26233
Município,Odemira,2003,26263
Município,Odemira,2004,26261
Município,Odemira,2005,26236
Município,Odemira,2006,26211
Município,Odemira,2007,26220
Município,Odemira,2008,26199
Município,Odemira,2009,26166
Município,Odemira,2010,26138
Município,Odemira,2011,25975
Município,Odemira,2012,25833
Município,Odemira,2013,25875
Município,Odemira,2014,25991
Município,Odemira,2015,26232
Município,Odemira,2016,26531
Município,Odemira,2017,26851
Município,Odemira,2018,27339
Município,Odemira,2019,28250
Município,Odemira,2020,29268
Município,Odemira,2022,38661
Município,Odemira,2023,42939
Município,Odemira,2024,44827
Município,Odemira,2025,44492
Município,Santiago do Cacém,1982,29381
Município,Santiago do Cacém,1983,29536
Município,Santiago do Cacém,1984,29661
Município,Santiago do Cacém,1985,29792
Município,Santiago do Cacém,1986,29956
Município,Santiago do Cacém,1987,30157
Município,Santiago do Cacém,1988,30351
Município,Santiago do Cacém,1989,30528
Município,Santiago do Cacém,1990,30721
Município,Santiago do Cacém,1991,31227
Município,Santiago do Cacém,1992,31572
Município,Santiago do Cacém,1993,31484
Município,Santiago do Cacém,1994,31428
Município,Santiago do Cacém,1995,31377
Município,Santiago do Cacém,1996,31319
Município,Santiago do Cacém,1997,31237
Município,Santiago do Cacém,1998,31179
Município,Santiago do Cacém,1999,31121
Município,Santiago do Cacém,2000,31079
Município,Santiago do Cacém,2001,31048
Município,Santiago do Cacém,2002,30983
Município,Santiago do Cacém,2003,30887
Município,Santiago do Cacém,2004,30755
Município,Santiago do Cacém,2005,30614
Município,Santiago do Cacém,2006,30473
Município,Santiago do Cacém,2007,30333
Município,Santiago do Cacém,2008,30179
Município,Santiago do Cacém,2009,30038
Município,Santiago do Cacém,2010,29886
Município,Santiago do Cacém,2011,29669
Município,Santiago do Cacém,2012,29439
Município,Santiago do Cacém,2013,29187
Município,Santiago do Cacém,2014,28898
Município,Santiago do Cacém,2015,28614
Município,Santiago do Cacém,2016,28358
Município,Santiago do Cacém,2017,28139
Município,Santiago do Cacém,2018,27952
Município,Santiago do Cacém,2019,27846
Município,Santiago do Cacém,2020,27880
Município,Santiago do Cacém,2022,28678
Município,Santiago do Cacém,2023,29357
Município,Santiago do Cacém,2024,29903
Município,Santiago do Cacém,2025,30167
Município,Sines,1982,12188
Município,Sines,1983,12266
Município,Sines,1984,12327
Município,Sines,1985,12361
Município,Sines,1986,12359
Município,Sines,1987,12339
Município,Sines,1988,12309
Município,Sines,1989,12255
Município,Sines,1990,12169
Município,Sines,1991,12311
Município,Sines,1992,12542
Município,Sines,1993,12648
Município,Sines,1994,12775
Município,Sines,1995,12889
Município,Sines,1996,12992
Município,Sines,1997,13092
Município,Sines,1998,13194
Município,Sines,1999,13321
Município,Sines,2000,13464
Município,Sines,2001,13592
Município,Sines,2002,13702
Município,Sines,2003,13785
Município,Sines,2004,13856
Município,Sines,2005,13919
Município,Sines,2006,13972
Município,Sines,2007,14036
Município,Sines,2008,14099
Município,Sines,2009,14160
Município,Sines,2010,14225
Município,Sines,2011,14390
Município,Sines,2012,14488
Município,Sines,2013,14419
Município,Sines,2014,14349
Município,Sines,2015,14291
Município,Sines,2016,14243
Município,Sines,2017,14197
Município,Sines,2018,14176
Município,Sines,2019,14190
Município,Sines,2020,14245
Município,Sines,2022,15418
Município,Sines,2023,16240
Município,Sines,2024,16804
Município,Sines,2025,16936
NUTS III,Baixo Alentejo,1982,159146
NUTS III,Baixo Alentejo,1983,158663
NUTS III,Baixo Alentejo,1984,158015
NUTS III,Baixo Alentejo,1985,156938
NUTS III,Baixo Alentejo,1986,154952
NUTS III,Baixo Alentejo,1987,152219
NUTS III,Baixo Alentejo,1988,149140
NUTS III,Baixo Alentejo,1989,145998
NUTS III,Baixo Alentejo,1990,142561
NUTS III,Baixo Alentejo,1991,141865
NUTS III,Baixo Alentejo,1992,142373
NUTS III,Baixo Alentejo,1993,141177
NUTS III,Baixo Alentejo,1994,140095
NUTS III,Baixo Alentejo,1995,139148
NUTS III,Baixo Alentejo,1996,138154
NUTS III,Baixo Alentejo,1997,137275
NUTS III,Baixo Alentejo,1998,136557
NUTS III,Baixo Alentejo,1999,135822
NUTS III,Baixo Alentejo,2000,135245
NUTS III,Baixo Alentejo,2001,134832
NUTS III,Baixo Alentejo,2002,134250
NUTS III,Baixo Alentejo,2003,133457
NUTS III,Baixo Alentejo,2004,132666
NUTS III,Baixo Alentejo,2005,131887
NUTS III,Baixo Alentejo,2006,131071
NUTS III,Baixo Alentejo,2007,130305
NUTS III,Baixo Alentejo,2008,129409
NUTS III,Baixo Alentejo,2009,128454
NUTS III,Baixo Alentejo,2010,127493
NUTS III,Baixo Alentejo,2011,126654
NUTS III,Baixo Alentejo,2012,125587
NUTS III,Baixo Alentejo,2013,124031
NUTS III,Baixo Alentejo,2014,122507
NUTS III,Baixo Alentejo,2015,121070
NUTS III,Baixo Alentejo,2016,119697
NUTS III,Baixo Alentejo,2017,118381
NUTS III,Baixo Alentejo,2018,117127
NUTS III,Baixo Alentejo,2019,116266
NUTS III,Baixo Alentejo,2020,115852
NUTS III,Baixo Alentejo,2022,119877
NUTS III,Baixo Alentejo,2023,122885
NUTS III,Baixo Alentejo,2024,125140
NUTS III,Baixo Alentejo,2025,125759
Município,Aljustrel,1982,12885
Município,Aljustrel,1983,12875
Município,Aljustrel,1984,12836
Município,Aljustrel,1985,12771
Município,Aljustrel,1986,12662
Município,Aljustrel,1987,12505
Município,Aljustrel,1988,12321
Município,Aljustrel,1989,12125
Município,Aljustrel,1990,11910
Município,Aljustrel,1991,11865
Município,Aljustrel,1992,11872
Município,Aljustrel,1993,11705
Município,Aljustrel,1994,11518
Município,Aljustrel,1995,11355
Município,Aljustrel,1996,11195
Município,Aljustrel,1997,11037
Município,Aljustrel,1998,10895
Município,Aljustrel,1999,10760
Município,Aljustrel,2000,10632
Município,Aljustrel,2001,10520
Município,Aljustrel,2002,10392
Município,Aljustrel,2003,10241
Município,Aljustrel,2004,10097
Município,Aljustrel,2005,9965
Município,Aljustrel,2006,9832
Município,Aljustrel,2007,9702
Município,Aljustrel,2008,9578
Município,Aljustrel,2009,9454
Município,Aljustrel,2010,9333
Município,Aljustrel,2011,9256
Município,Aljustrel,2012,9210
Município,Aljustrel,2013,9153
Município,Aljustrel,2014,9090
Município,Aljustrel,2015,9021
Município,Aljustrel,2016,8964
Município,Aljustrel,2017,8923
Município,Aljustrel,2018,8882
Município,Aljustrel,2019,8864
Município,Aljustrel,2020,8888
Município,Aljustrel,2022,8881
Município,Aljustrel,2023,8990
Município,Aljustrel,2024,9153
Município,Aljustrel,2025,9287
Município,Almodôvar,1982,10613
Município,Almodôvar,1983,10567
Município,Almodôvar,1984,10494
Município,Almodôvar,1985,10379
Município,Almodôvar,1986,10185
Município,Almodôvar,1987,9925
Município,Almodôvar,1988,9648
Município,Almodôvar,1989,9371
Município,Almodôvar,1990,9052
Município,Almodôvar,1991,8929
Município,Almodôvar,1992,8927
Município,Almodôvar,1993,8819
Município,Almodôvar,1994,8707
Município,Almodôvar,1995,8615
Município,Almodôvar,1996,8534
Município,Almodôvar,1997,8459
Município,Almodôvar,1998,8376
Município,Almodôvar,1999,8275
Município,Almodôvar,2000,8183
Município,Almodôvar,2001,8124
Município,Almodôvar,2002,8078
Município,Almodôvar,2003,8012
Município,Almodôvar,2004,7939
Município,Almodôvar,2005,7864
Município,Almodôvar,2006,7799
Município,Almodôvar,2007,7741
Município,Almodôvar,2008,7657
Município,Almodôvar,2009,7575
Município,Almodôvar,2010,7501
Município,Almodôvar,2011,7466
Município,Almodôvar,2012,7423
Município,Almodôvar,2013,7301
Município,Almodôvar,2014,7182
Município,Almodôvar,2015,7083
Município,Almodôvar,2016,6991
Município,Almodôvar,2017,6912
Município,Almodôvar,2018,6843
Município,Almodôvar,2019,6789
Município,Almodôvar,2020,6757
Município,Almodôvar,2022,6773
Município,Almodôvar,2023,6888
Município,Almodôvar,2024,7007
Município,Almodôvar,2025,7034
Município,Alvito,1982,2953
Município,Alvito,1983,2936
Município,Alvito,1984,2923
Município,Alvito,1985,2905
Município,Alvito,1986,2870
Município,Alvito,1987,2827
Município,Alvito,1988,2784
Município,Alvito,1989,2738
Município,Alvito,1990,2666
Município,Alvito,1991,2639
Município,Alvito,1992,2663
Município,Alvito,1993,2663
Município,Alvito,1994,2661
Município,Alvito,1995,2658
Município,Alvito,1996,2656
Município,Alvito,1997,2661
Município,Alvito,1998,2664
Município,Alvito,1999,2673
Município,Alvito,2000,2685
Município,Alvito,2001,2677
Município,Alvito,2002,2659
Município,Alvito,2003,2647
Município,Alvito,2004,2641
Município,Alvito,2005,2630
Município,Alvito,2006,2611
Município,Alvito,2007,2598
Município,Alvito,2008,2578
Município,Alvito,2009,2551
Município,Alvito,2010,2526
Município,Alvito,2011,2566
Município,Alvito,2012,2584
Município,Alvito,2013,2532
Município,Alvito,2014,2479
Município,Alvito,2015,2421
Município,Alvito,2016,2371
Município,Alvito,2017,2323
Município,Alvito,2018,2287
Município,Alvito,2019,2261
Município,Alvito,2020,2266
Município,Alvito,2022,2236
Município,Alvito,2023,2256
Município,Alvito,2024,2296
Município,Alvito,2025,2329
Município,Barrancos,1982,2149
Município,Barrancos,1983,2141
Município,Barrancos,1984,2136
Município,Barrancos,1985,2126
Município,Barrancos,1986,2112
Município,Barrancos,1987,2091
Município,Barrancos,1988,2062
Município,Barrancos,1989,2049
Município,Barrancos,1990,2035
Município,Barrancos,1991,2035
Município,Barrancos,1992,2046
Município,Barrancos,1993,2023
Município,Barrancos,1994,1999
Município,Barrancos,1995,1986
Município,Barrancos,1996,1972
Município,Barrancos,1997,1952
Município,Barrancos,1998,1941
Município,Barrancos,1999,1939
Município,Barrancos,2000,1927
Município,Barrancos,2001,1923
Município,Barrancos,2002,1926
Município,Barrancos,2003,1921
Município,Barrancos,2004,1917
Município,Barrancos,2005,1915
Município,Barrancos,2006,1902
Município,Barrancos,2007,1883
Município,Barrancos,2008,1868
Município,Barrancos,2009,1857
Município,Barrancos,2010,1845
Município,Barrancos,2011,1828
Município,Barrancos,2012,1800
Município,Barrancos,2013,1766
Município,Barrancos,2014,1732
Município,Barrancos,2015,1697
Município,Barrancos,2016,1661
Município,Barrancos,2017,1627
Município,Barrancos,2018,1596
Município,Barrancos,2019,1562
Município,Barrancos,2020,1541
Município,Barrancos,2022,1453
Município,Barrancos,2023,1437
Município,Barrancos,2024,1429
Município,Barrancos,2025,1421
Município,Beja,1982,38470
Município,Beja,1983,38464
Município,Beja,1984,38429
Município,Beja,1985,38284
Município,Beja,1986,37931
Município,Beja,1987,37412
Município,Beja,1988,36801
Município,Beja,1989,36175
Município,Beja,1990,35522
Município,Beja,1991,35607
Município,Beja,1992,35971
Município,Beja,1993,35893
Município,Beja,1994,35845
Município,Beja,1995,35795
Município,Beja,1996,35706
Município,Beja,1997,35644
Município,Beja,1998,35635
Município,Beja,1999,35654
Município,Beja,2000,35700
Município,Beja,2001,35766
Município,Beja,2002,35829
Município,Beja,2003,35863
Município,Beja,2004,35913
Município,Beja,2005,35960
Município,Beja,2006,35981
Município,Beja,2007,36017
Município,Beja,2008,36015
Município,Beja,2009,35982
Município,Beja,2010,35939
Município,Beja,2011,35956
Município,Beja,2012,35858
Município,Beja,2013,35536
Município,Beja,2014,35215
Município,Beja,2015,34906
Município,Beja,2016,34625
Município,Beja,2017,34356
Município,Beja,2018,34086
Município,Beja,2019,33942
Município,Beja,2020,33764
Município,Beja,2022,36181
Município,Beja,2023,37779
Município,Beja,2024,39134
Município,Beja,2025,39617
Município,Castro Verde,1982,7453
Município,Castro Verde,1983,7441
Município,Castro Verde,1984,7442
Município,Castro Verde,1985,7458
Município,Castro Verde,1986,7479
Município,Castro Verde,1987,7500
Município,Castro Verde,1988,7524
Município,Castro Verde,1989,7552
Município,Castro Verde,1990,7580
Município,Castro Verde,1991,7685
Município,Castro Verde,1992,7741
Município,Castro Verde,1993,7690
Município,Castro Verde,1994,7664
Município,Castro Verde,1995,7646
Município,Castro Verde,1996,7624
Município,Castro Verde,1997,7606
Município,Castro Verde,1998,7603
Município,Castro Verde,1999,7583
Município,Castro Verde,2000,7582
Município,Castro Verde,2001,7600
Município,Castro Verde,2002,7580
Município,Castro Verde,2003,7553
Município,Castro Verde,2004,7530
Município,Castro Verde,2005,7504
Município,Castro Verde,2006,7480
Município,Castro Verde,2007,7458
Município,Castro Verde,2008,7427
Município,Castro Verde,2009,7385
Município,Castro Verde,2010,7325
Município,Castro Verde,2011,7319
Município,Castro Verde,2012,7323
Município,Castro Verde,2013,7270
Município,Castro Verde,2014,7217
Município,Castro Verde,2015,7170
Município,Castro Verde,2016,7124
Município,Castro Verde,2017,7074
Município,Castro Verde,2018,7026
Município,Castro Verde,2019,7001
Município,Castro Verde,2020,6957
Município,Castro Verde,2022,6896
Município,Castro Verde,2023,6996
Município,Castro Verde,2024,7080
Município,Castro Verde,2025,7101
Município,Cuba,1982,5751
Município,Cuba,1983,5732
Município,Cuba,1984,5726
Município,Cuba,1985,5709
Município,Cuba,1986,5666
Município,Cuba,1987,5608
Município,Cuba,1988,5558
Município,Cuba,1989,5510
Município,Cuba,1990,5437
Município,Cuba,1991,5446
Município,Cuba,1992,5456
Município,Cuba,1993,5381
Município,Cuba,1994,5314
Município,Cuba,1995,5259
Município,Cuba,1996,5200
Município,Cuba,1997,5137
Município,Cuba,1998,5093
Município,Cuba,1999,5051
Município,Cuba,2000,5006
Município,Cuba,2001,4991
Município,Cuba,2002,4987
Município,Cuba,2003,4962
Município,Cuba,2004,4937
Município,Cuba,2005,4926
Município,Cuba,2006,4916
Município,Cuba,2007,4911
Município,Cuba,2008,4907
Município,Cuba,2009,4904
Município,Cuba,2010,4895
Município,Cuba,2011,4933
Município,Cuba,2012,4945
Município,Cuba,2013,4864
Município,Cuba,2014,4788
Município,Cuba,2015,4719
Município,Cuba,2016,4638
Município,Cuba,2017,4559
Município,Cuba,2018,4483
Município,Cuba,2019,4423
Município,Cuba,2020,4403
Município,Cuba,2022,4806
Município,Cuba,2023,4793
Município,Cuba,2024,4745
Município,Cuba,2025,4676
Município,Ferreira do Alentejo,1982,11290
Município,Ferreira do Alentejo,1983,11260
Município,Ferreira do Alentejo,1984,11216
Município,Ferreira do Alentejo,1985,11146
Município,Ferreira do Alentejo,1986,11002
Município,Ferreira do Alentejo,1987,10792
Município,Ferreira do Alentejo,1988,10559
Município,Ferreira do Alentejo,1989,10330
Município,Ferreira do Alentejo,1990,10063
Município,Ferreira do Alentejo,1991,9982
Município,Ferreira do Alentejo,1992,9987
Município,Ferreira do Alentejo,1993,9852
Município,Ferreira do Alentejo,1994,9711
Município,Ferreira do Alentejo,1995,9588
Município,Ferreira do Alentejo,1996,9475
Município,Ferreira do Alentejo,1997,9363
Município,Ferreira do Alentejo,1998,9251
Município,Ferreira do Alentejo,1999,9133
Município,Ferreira do Alentejo,2000,9037
Município,Ferreira do Alentejo,2001,8978
Município,Ferreira do Alentejo,2002,8916
Município,Ferreira do Alentejo,2003,8837
Município,Ferreira do Alentejo,2004,8754
Município,Ferreira do Alentejo,2005,8684
Município,Ferreira do Alentejo,2006,8622
Município,Ferreira do Alentejo,2007,8556
Município,Ferreira do Alentejo,2008,8475
Município,Ferreira do Alentejo,2009,8389
Município,Ferreira do Alentejo,2010,8316
Município,Ferreira do Alentejo,2011,8257
Município,Ferreira do Alentejo,2012,8181
Município,Ferreira do Alentejo,2013,8080
Município,Ferreira do Alentejo,2014,7985
Município,Ferreira do Alentejo,2015,7895
Município,Ferreira do Alentejo,2016,7815
Município,Ferreira do Alentejo,2017,7744
Município,Ferreira do Alentejo,2018,7678
Município,Ferreira do Alentejo,2019,7647
Município,Ferreira do Alentejo,2020,7695
Município,Ferreira do Alentejo,2022,8465
Município,Ferreira do Alentejo,2023,8981
Município,Ferreira do Alentejo,2024,9311
Município,Ferreira do Alentejo,2025,9501
Município,Mértola,1982,11643
Município,Mértola,1983,11562
Município,Mértola,1984,11466
Município,Mértola,1985,11327
Município,Mértola,1986,11102
Município,Mértola,1987,10816
Município,Mértola,1988,10507
Município,Mértola,1989,10201
Município,Mértola,1990,9864
Município,Mértola,1991,9707
Município,Mértola,1992,9656
Município,Mértola,1993,9526
Município,Mértola,1994,9429
Município,Mértola,1995,9333
Município,Mértola,1996,9216
Município,Mértola,1997,9101
Município,Mértola,1998,8992
Município,Mértola,1999,8874
Município,Mértola,2000,8772
Município,Mértola,2001,8669
Município,Mértola,2002,8529
Município,Mértola,2003,8377
Município,Mértola,2004,8241
Município,Mértola,2005,8097
Município,Mértola,2006,7951
Município,Mértola,2007,7816
Município,Mértola,2008,7663
Município,Mértola,2009,7512
Município,Mértola,2010,7374
Município,Mértola,2011,7134
Município,Mértola,2012,6910
Município,Mértola,2013,6806
Município,Mértola,2014,6711
Município,Mértola,2015,6622
Município,Mértola,2016,6537
Município,Mértola,2017,6457
Município,Mértola,2018,6383
Município,Mértola,2019,6328
Município,Mértola,2020,6295
Município,Mértola,2022,6109
Município,Mértola,2023,6092
Município,Mértola,2024,6051
Município,Mértola,2025,5995
Município,Moura,1982,19819
Município,Moura,1983,19766
Município,Moura,1984,19689
Município,Moura,1985,19536
Município,Moura,1986,19255
Município,Moura,1987,18878
Município,Moura,1988,18459
Município,Moura,1989,18017
Município,Moura,1990,17525
Município,Moura,1991,17402
Município,Moura,1992,17424
Município,Moura,1993,17219
Município,Moura,1994,17052
Município,Moura,1995,16916
Município,Moura,1996,16786
Município,Moura,1997,16680
Município,Moura,1998,16618
Município,Moura,1999,16590
Município,Moura,2000,16576
Município,Moura,2001,16537
Município,Moura,2002,16444
Município,Moura,2003,16322
Município,Moura,2004,16182
Município,Moura,2005,16035
Município,Moura,2006,15878
Município,Moura,2007,15730
Município,Moura,2008,15589
Município,Moura,2009,15434
Município,Moura,2010,15268
Município,Moura,2011,15073
Município,Moura,2012,14857
Município,Moura,2013,14629
Município,Moura,2014,14408
Município,Moura,2015,14203
Município,Moura,2016,13993
Município,Moura,2017,13781
Município,Moura,2018,13582
Município,Moura,2019,13427
Município,Moura,2020,13364
Município,Moura,2022,13561
Município,Moura,2023,13569
Município,Moura,2024,13604
Município,Moura,2025,13632
Município,Ourique,1982,7958
Município,Ourique,1983,7894
Município,Ourique,1984,7817
Município,Ourique,1985,7725
Município,Ourique,1986,7578
Município,Ourique,1987,7371
Município,Ourique,1988,7128
Município,Ourique,1989,6879
Município,Ourique,1990,6631
Município,Ourique,1991,6542
Município,Ourique,1992,6550
Município,Ourique,1993,6487
Município,Ourique,1994,6429
Município,Ourique,1995,6389
Município,Ourique,1996,6353
Município,Ourique,1997,6336
Município,Ourique,1998,6317
Município,Ourique,1999,6268
Município,Ourique,2000,6218
Município,Ourique,2001,6173
Município,Ourique,2002,6109
Município,Ourique,2003,6042
Município,Ourique,2004,5976
Município,Ourique,2005,5903
Município,Ourique,2006,5827
Município,Ourique,2007,5735
Município,Ourique,2008,5629
Município,Ourique,2009,5538
Município,Ourique,2010,5460
Município,Ourique,2011,5429
Município,Ourique,2012,5390
Município,Ourique,2013,5307
Município,Ourique,2014,5229
Município,Ourique,2015,5152
Município,Ourique,2016,5078
Município,Ourique,2017,5011
Município,Ourique,2018,4954
Município,Ourique,2019,4903
Município,Ourique,2020,4867
Município,Ourique,2022,4968
Município,Ourique,2023,5049
Município,Ourique,2024,5080
Município,Ourique,2025,5108
Município,Serpa,1982,20794
Município,Serpa,1983,20704
Município,Serpa,1984,20569
Município,Serpa,1985,20383
Município,Serpa,1986,20059
Município,Serpa,1987,19615
Município,Serpa,1988,19090
Município,Serpa,1989,18533
Município,Serpa,1990,17955
Município,Serpa,1991,17769
Município,Serpa,1992,17793
Município,Serpa,1993,17643
Município,Serpa,1994,17502
Município,Serpa,1995,17359
Município,Serpa,1996,17206
Município,Serpa,1997,17082
Município,Serpa,1998,16966
Município,Serpa,1999,16828
Município,Serpa,2000,16743
Município,Serpa,2001,16705
Município,Serpa,2002,16655
Município,Serpa,2003,16554
Município,Serpa,2004,16433
Município,Serpa,2005,16330
Município,Serpa,2006,16226
Município,Serpa,2007,16135
Município,Serpa,2008,16027
Município,Serpa,2009,15896
Município,Serpa,2010,15756
Município,Serpa,2011,15551
Município,Serpa,2012,15315
Município,Serpa,2013,15086
Município,Serpa,2014,14854
Município,Serpa,2015,14635
Município,Serpa,2016,14428
Município,Serpa,2017,14227
Município,Serpa,2018,14016
Município,Serpa,2019,13859
Município,Serpa,2020,13829
Município,Serpa,2022,14160
Município,Serpa,2023,14546
Município,Serpa,2024,14700
Município,Serpa,2025,14526
Município,Vidigueira,1982,7371
Município,Vidigueira,1983,7324
Município,Vidigueira,1984,7274
Município,Vidigueira,1985,7193
Município,Vidigueira,1986,7055
Município,Vidigueira,1987,6882
Município,Vidigueira,1988,6701
Município,Vidigueira,1989,6522
Município,Vidigueira,1990,6324
Município,Vidigueira,1991,6260
Município,Vidigueira,1992,6290
Município,Vidigueira,1993,6278
Município,Vidigueira,1994,6268
Município,Vidigueira,1995,6252
Município,Vidigueira,1996,6235
Município,Vidigueira,1997,6222
Município,Vidigueira,1998,6209
Município,Vidigueira,1999,6196
Município,Vidigueira,2000,6186
Município,Vidigueira,2001,6173
Município,Vidigueira,2002,6148
Município,Vidigueira,2003,6127
Município,Vidigueira,2004,6109
Município,Vidigueira,2005,6078
Município,Vidigueira,2006,6049
Município,Vidigueira,2007,6026
Município,Vidigueira,2008,5999
Município,Vidigueira,2009,5980
Município,Vidigueira,2010,5957
Município,Vidigueira,2011,5889
Município,Vidigueira,2012,5794
Município,Vidigueira,2013,5704
Município,Vidigueira,2014,5620
Município,Vidigueira,2015,5548
Município,Vidigueira,2016,5474
Município,Vidigueira,2017,5391
Município,Vidigueira,2018,5315
Município,Vidigueira,2019,5264
Município,Vidigueira,2020,5228
Município,Vidigueira,2022,5392
Município,Vidigueira,2023,5512
Município,Vidigueira,2024,5552
Município,Vidigueira,2025,5535
NUTS III,Alto Alentejo,1982,142880
NUTS III,Alto Alentejo,1983,142491
NUTS III,Alto Alentejo,1984,141899
NUTS III,Alto Alentejo,1985,141135
NUTS III,Alto Alentejo,1986,140059
NUTS III,Alto Alentejo,1987,138638
NUTS III,Alto Alentejo,1988,136937
NUTS III,Alto Alentejo,1989,135079
NUTS III,Alto Alentejo,1990,133091
NUTS III,Alto Alentejo,1991,133169
NUTS III,Alto Alentejo,1992,133741
NUTS III,Alto Alentejo,1993,132774
NUTS III,Alto Alentejo,1994,131900
NUTS III,Alto Alentejo,1995,131068
NUTS III,Alto Alentejo,1996,130188
NUTS III,Alto Alentejo,1997,129344
NUTS III,Alto Alentejo,1998,128609
NUTS III,Alto Alentejo,1999,127931
NUTS III,Alto Alentejo,2000,127355
NUTS III,Alto Alentejo,2001,126827
NUTS III,Alto Alentejo,2002,126254
NUTS III,Alto Alentejo,2003,125528
NUTS III,Alto Alentejo,2004,124734
NUTS III,Alto Alentejo,2005,123917
NUTS III,Alto Alentejo,2006,123066
NUTS III,Alto Alentejo,2007,122223
NUTS III,Alto Alentejo,2008,121308
NUTS III,Alto Alentejo,2009,120369
NUTS III,Alto Alentejo,2010,119379
NUTS III,Alto Alentejo,2011,118530
NUTS III,Alto Alentejo,2012,117359
NUTS III,Alto Alentejo,2013,115681
NUTS III,Alto Alentejo,2014,113985
NUTS III,Alto Alentejo,2015,112357
NUTS III,Alto Alentejo,2016,110766
NUTS III,Alto Alentejo,2017,109261
NUTS III,Alto Alentejo,2018,107954
NUTS III,Alto Alentejo,2019,106776
NUTS III,Alto Alentejo,2020,105950
NUTS III,Alto Alentejo,2022,106846
NUTS III,Alto Alentejo,2023,107723
NUTS III,Alto Alentejo,2024,108413
NUTS III,Alto Alentejo,2025,108523
Município,Alter do Chão,1982,4938
Município,Alter do Chão,1983,4901
Município,Alter do Chão,1984,4852
Município,Alter do Chão,1985,4800
Município,Alter do Chão,1986,4744
Município,Alter do Chão,1987,4678
Município,Alter do Chão,1988,4599
Município,Alter do Chão,1989,4514
Município,Alter do Chão,1990,4416
Município,Alter do Chão,1991,4386
Município,Alter do Chão,1992,4382
Município,Alter do Chão,1993,4324
Município,Alter do Chão,1994,4271
Município,Alter do Chão,1995,4222
Município,Alter do Chão,1996,4161
Município,Alter do Chão,1997,4094
Município,Alter do Chão,1998,4035
Município,Alter do Chão,1999,3999
Município,Alter do Chão,2000,3964
Município,Alter do Chão,2001,3933
Município,Alter do Chão,2002,3906
Município,Alter do Chão,2003,3869
Município,Alter do Chão,2004,3832
Município,Alter do Chão,2005,3794
Município,Alter do Chão,2006,3756
Município,Alter do Chão,2007,3727
Município,Alter do Chão,2008,3697
Município,Alter do Chão,2009,3653
Município,Alter do Chão,2010,3607
Município,Alter do Chão,2011,3610
Município,Alter do Chão,2012,3595
Município,Alter do Chão,2013,3522
Município,Alter do Chão,2014,3450
Município,Alter do Chão,2015,3380
Município,Alter do Chão,2016,3312
Município,Alter do Chão,2017,3252
Município,Alter do Chão,2018,3200
Município,Alter do Chão,2019,3138
Município,Alter do Chão,2020,3099
Município,Alter do Chão,2022,3103
Município,Alter do Chão,2023,3147
Município,Alter do Chão,2024,3166
Município,Alter do Chão,2025,3184
Município,Arronches,1982,4298
Município,Arronches,1983,4266
Município,Arronches,1984,4229
Município,Arronches,1985,4174
Município,Arronches,1986,4096
Município,Arronches,1987,4008
Município,Arronches,1988,3909
Município,Arronches,1989,3800
Município,Arronches,1990,3678
Município,Arronches,1991,3651
Município,Arronches,1992,3653
Município,Arronches,1993,3607
Município,Arronches,1994,3580
Município,Arronches,1995,3553
Município,Arronches,1996,3518
Município,Arronches,1997,3485
Município,Arronches,1998,3452
Município,Arronches,1999,3422
Município,Arronches,2000,3401
Município,Arronches,2001,3381
Município,Arronches,2002,3368
Município,Arronches,2003,3350
Município,Arronches,2004,3321
Município,Arronches,2005,3290
Município,Arronches,2006,3268
Município,Arronches,2007,3253
Município,Arronches,2008,3232
Município,Arronches,2009,3214
Município,Arronches,2010,3193
Município,Arronches,2011,3205
Município,Arronches,2012,3210
Município,Arronches,2013,3161
Município,Arronches,2014,3108
Município,Arronches,2015,3063
Município,Arronches,2016,3024
Município,Arronches,2017,2984
Município,Arronches,2018,2941
Município,Arronches,2019,2892
Município,Arronches,2020,2843
Município,Arronches,2022,2750
Município,Arronches,2023,2778
Município,Arronches,2024,2799
Município,Arronches,2025,2825
Município,Avis,1982,5862
Município,Avis,1983,5856
Município,Avis,1984,5844
Município,Avis,1985,5820
Município,Avis,1986,5790
Município,Avis,1987,5763
Município,Avis,1988,5731
Município,Avis,1989,5676
Município,Avis,1990,5611
Município,Avis,1991,5630
Município,Avis,1992,5642
Município,Avis,1993,5576
Município,Avis,1994,5527
Município,Avis,1995,5483
Município,Avis,1996,5429
Município,Avis,1997,5368
Município,Avis,1998,5313
Município,Avis,1999,5263
Município,Avis,2000,5222
Município,Avis,2001,5182
Município,Avis,2002,5131
Município,Avis,2003,5082
Município,Avis,2004,5024
Município,Avis,2005,4958
Município,Avis,2006,4900
Município,Avis,2007,4842
Município,Avis,2008,4782
Município,Avis,2009,4711
Município,Avis,2010,4627
Município,Avis,2011,4550
Município,Avis,2012,4461
Município,Avis,2013,4356
Município,Avis,2014,4255
Município,Avis,2015,4167
Município,Avis,2016,4085
Município,Avis,2017,3998
Município,Avis,2018,3920
Município,Avis,2019,3858
Município,Avis,2020,3827
Município,Avis,2022,3734
Município,Avis,2023,3737
Município,Avis,2024,3720
Município,Avis,2025,3677
Município,Campo Maior,1982,8553
Município,Campo Maior,1983,8567
Município,Campo Maior,1984,8572
Município,Campo Maior,1985,8568
Município,Campo Maior,1986,8571
Município,Campo Maior,1987,8561
Município,Campo Maior,1988,8518
Município,Campo Maior,1989,8457
Município,Campo Maior,1990,8396
Município,Campo Maior,1991,8463
Município,Campo Maior,1992,8535
Município,Campo Maior,1993,8496
Município,Campo Maior,1994,8455
Município,Campo Maior,1995,8416
Município,Campo Maior,1996,8394
Município,Campo Maior,1997,8382
Município,Campo Maior,1998,8381
Município,Campo Maior,1999,8383
Município,Campo Maior,2000,8376
Município,Campo Maior,2001,8405
Município,Campo Maior,2002,8455
Município,Campo Maior,2003,8469
Município,Campo Maior,2004,8480
Município,Campo Maior,2005,8494
Município,Campo Maior,2006,8487
Município,Campo Maior,2007,8467
Município,Campo Maior,2008,8464
Município,Campo Maior,2009,8484
Município,Campo Maior,2010,8481
Município,Campo Maior,2011,8454
Município,Campo Maior,2012,8424
Município,Campo Maior,2013,8398
Município,Campo Maior,2014,8357
Município,Campo Maior,2015,8311
Município,Campo Maior,2016,8271
Município,Campo Maior,2017,8231
Município,Campo Maior,2018,8199
Município,Campo Maior,2019,8175
Município,Campo Maior,2020,8142
Município,Campo Maior,2022,8287
Município,Campo Maior,2023,8272
Município,Campo Maior,2024,8240
Município,Campo Maior,2025,8245
Município,Castelo de Vide,1982,4158
Município,Castelo de Vide,1983,4121
Município,Castelo de Vide,1984,4080
Município,Castelo de Vide,1985,4050
Município,Castelo de Vide,1986,4044
Município,Castelo de Vide,1987,4060
Município,Castelo de Vide,1988,4072
Município,Castelo de Vide,1989,4068
Município,Castelo de Vide,1990,4071
Município,Castelo de Vide,1991,4099
Município,Castelo de Vide,1992,4099
Município,Castelo de Vide,1993,4064
Município,Castelo de Vide,1994,4046
Município,Castelo de Vide,1995,4029
Município,Castelo de Vide,1996,4004
Município,Castelo de Vide,1997,3977
Município,Castelo de Vide,1998,3948
Município,Castelo de Vide,1999,3917
Município,Castelo de Vide,2000,3889
Município,Castelo de Vide,2001,3855
Município,Castelo de Vide,2002,3817
Município,Castelo de Vide,2003,3779
Município,Castelo de Vide,2004,3733
Município,Castelo de Vide,2005,3683
Município,Castelo de Vide,2006,3635
Município,Castelo de Vide,2007,3601
Município,Castelo de Vide,2008,3555
Município,Castelo de Vide,2009,3500
Município,Castelo de Vide,2010,3450
Município,Castelo de Vide,2011,3470
Município,Castelo de Vide,2012,3483
Município,Castelo de Vide,2013,3424
Município,Castelo de Vide,2014,3378
Município,Castelo de Vide,2015,3333
Município,Castelo de Vide,2016,3283
Município,Castelo de Vide,2017,3236
Município,Castelo de Vide,2018,3194
Município,Castelo de Vide,2019,3156
Município,Castelo de Vide,2020,3168
Município,Castelo de Vide,2022,3010
Município,Castelo de Vide,2023,3028
Município,Castelo de Vide,2024,3038
Município,Castelo de Vide,2025,3034
Município,Crato,1982,5634
Município,Crato,1983,5607
Município,Crato,1984,5560
Município,Crato,1985,5498
Município,Crato,1986,5422
Município,Crato,1987,5330
Município,Crato,1988,5235
Município,Crato,1989,5138
Município,Crato,1990,5039
Município,Crato,1991,5015
Município,Crato,1992,4999
Município,Crato,1993,4925
Município,Crato,1994,4852
Município,Crato,1995,4770
Município,Crato,1996,4680
Município,Crato,1997,4602
Município,Crato,1998,4533
Município,Crato,1999,4462
Município,Crato,2000,4391
Município,Crato,2001,4326
Município,Crato,2002,4271
Município,Crato,2003,4206
Município,Crato,2004,4133
Município,Crato,2005,4060
Município,Crato,2006,3990
Município,Crato,2007,3932
Município,Crato,2008,3884
Município,Crato,2009,3827
Município,Crato,2010,3766
Município,Crato,2011,3769
Município,Crato,2012,3761
Município,Crato,2013,3684
Município,Crato,2014,3612
Município,Crato,2015,3548
Município,Crato,2016,3480
Município,Crato,2017,3422
Município,Crato,2018,3372
Município,Crato,2019,3308
Município,Crato,2020,3267
Município,Crato,2022,3236
Município,Crato,2023,3280
Município,Crato,2024,3299
Município,Crato,2025,3308
Município,Elvas,1982,25110
Município,Elvas,1983,25119
Município,Elvas,1984,25104
Município,Elvas,1985,25088
Município,Elvas,1986,25005
Município,Elvas,1987,24837
Município,Elvas,1988,24621
Município,Elvas,1989,24387
Município,Elvas,1990,24139
Município,Elvas,1991,24272
Município,Elvas,1992,24454
Município,Elvas,1993,24270
Município,Elvas,1994,24077
Município,Elvas,1995,23906
Município,Elvas,1996,23741
Município,Elvas,1997,23585
Município,Elvas,1998,23462
Município,Elvas,1999,23383
Município,Elvas,2000,23345
Município,Elvas,2001,23364
Município,Elvas,2002,23396
Município,Elvas,2003,23388
Município,Elvas,2004,23373
Município,Elvas,2005,23370
Município,Elvas,2006,23332
Município,Elvas,2007,23259
Município,Elvas,2008,23197
Município,Elvas,2009,23151
Município,Elvas,2010,23122
Município,Elvas,2011,23076
Município,Elvas,2012,22900
Município,Elvas,2013,22603
Município,Elvas,2014,22299
Município,Elvas,2015,21996
Município,Elvas,2016,21700
Município,Elvas,2017,21447
Município,Elvas,2018,21238
Município,Elvas,2019,21064
Município,Elvas,2020,20927
Município,Elvas,2022,21467
Município,Elvas,2023,21683
Município,Elvas,2024,21908
Município,Elvas,2025,21958
Município,Fronteira,1982,4441
Município,Fronteira,1983,4418
Município,Fronteira,1984,4392
Município,Fronteira,1985,4355
Município,Fronteira,1986,4309
Município,Fronteira,1987,4264
Município,Fronteira,1988,4212
Município,Fronteira,1989,4157
Município,Fronteira,1990,4095
Município,Fronteira,1991,4083
Município,Fronteira,1992,4089
Município,Fronteira,1993,4039
Município,Fronteira,1994,3980
Município,Fronteira,1995,3934
Município,Fronteira,1996,3891
Município,Fronteira,1997,3846
Município,Fronteira,1998,3807
Município,Fronteira,1999,3776
Município,Fronteira,2000,3750
Município,Fronteira,2001,3725
Município,Fronteira,2002,3696
Município,Fronteira,2003,3663
Município,Fronteira,2004,3633
Município,Fronteira,2005,3606
Município,Fronteira,2006,3572
Município,Fronteira,2007,3550
Município,Fronteira,2008,3527
Município,Fronteira,2009,3493
Município,Fronteira,2010,3450
Município,Fronteira,2011,3423
Município,Fronteira,2012,3386
Município,Fronteira,2013,3315
Município,Fronteira,2014,3254
Município,Fronteira,2015,3206
Município,Fronteira,2016,3154
Município,Fronteira,2017,3091
Município,Fronteira,2018,3035
Município,Fronteira,2019,2988
Município,Fronteira,2020,2953
Município,Fronteira,2022,2954
Município,Fronteira,2023,2993
Município,Fronteira,2024,3001
Município,Fronteira,2025,2972
Município,Gavião,1982,6808
Município,Gavião,1983,6765
Município,Gavião,1984,6719
Município,Gavião,1985,6677
Município,Gavião,1986,6632
Município,Gavião,1987,6584
Município,Gavião,1988,6525
Município,Gavião,1989,6461
Município,Gavião,1990,6396
Município,Gavião,1991,6117
Município,Gavião,1992,5825
Município,Gavião,1993,5720
Município,Gavião,1994,5603
Município,Gavião,1995,5484
Município,Gavião,1996,5362
Município,Gavião,1997,5246
Município,Gavião,1998,5149
Município,Gavião,1999,5061
Município,Gavião,2000,4963
Município,Gavião,2001,4869
Município,Gavião,2002,4793
Município,Gavião,2003,4718
Município,Gavião,2004,4647
Município,Gavião,2005,4566
Município,Gavião,2006,4487
Município,Gavião,2007,4415
Município,Gavião,2008,4331
Município,Gavião,2009,4251
Município,Gavião,2010,4185
Município,Gavião,2011,4149
Município,Gavião,2012,4097
Município,Gavião,2013,4003
Município,Gavião,2014,3897
Município,Gavião,2015,3803
Município,Gavião,2016,3714
Município,Gavião,2017,3627
Município,Gavião,2018,3549
Município,Gavião,2019,3465
Município,Gavião,2020,3412
Município,Gavião,2022,3349
Município,Gavião,2023,3314
Município,Gavião,2024,3282
Município,Gavião,2025,3255
Município,Marvão,1982,5408
Município,Marvão,1983,5357
Município,Marvão,1984,5295
Município,Marvão,1985,5205
Município,Marvão,1986,5100
Município,Marvão,1987,4984
Município,Marvão,1988,4819
Município,Marvão,1989,4640
Município,Marvão,1990,4457
Município,Marvão,1991,4387
Município,Marvão,1992,4393
Município,Marvão,1993,4358
Município,Marvão,1994,4321
Município,Marvão,1995,4282
Município,Marvão,1996,4238
Município,Marvão,1997,4191
Município,Marvão,1998,4148
Município,Marvão,1999,4103
Município,Marvão,2000,4058
Município,Marvão,2001,4019
Município,Marvão,2002,3977
Município,Marvão,2003,3926
Município,Marvão,2004,3873
Município,Marvão,2005,3831
Município,Marvão,2006,3782
Município,Marvão,2007,3730
Município,Marvão,2008,3684
Município,Marvão,2009,3628
Município,Marvão,2010,3564
Município,Marvão,2011,3510
Município,Marvão,2012,3465
Município,Marvão,2013,3411
Município,Marvão,2014,3354
Município,Marvão,2015,3298
Município,Marvão,2016,3243
Município,Marvão,2017,3197
Município,Marvão,2018,3145
Município,Marvão,2019,3088
Município,Marvão,2020,3055
Município,Marvão,2022,2983
Município,Marvão,2023,2966
Município,Marvão,2024,2940
Município,Marvão,2025,2921
Município,Monforte,1982,4245
Município,Monforte,1983,4213
Município,Monforte,1984,4167
Município,Monforte,1985,4127
Município,Monforte,1986,4073
Município,Monforte,1987,4002
Município,Monforte,1988,3921
Município,Monforte,1989,3833
Município,Monforte,1990,3743
Município,Monforte,1991,3727
Município,Monforte,1992,3736
Município,Monforte,1993,3696
Município,Monforte,1994,3654
Município,Monforte,1995,3613
Município,Monforte,1996,3577
Município,Monforte,1997,3534
Município,Monforte,1998,3488
Município,Monforte,1999,3450
Município,Monforte,2000,3421
Município,Monforte,2001,3407
Município,Monforte,2002,3405
Município,Monforte,2003,3404
Município,Monforte,2004,3401
Município,Monforte,2005,3397
Município,Monforte,2006,3396
Município,Monforte,2007,3385
Município,Monforte,2008,3363
Município,Monforte,2009,3353
Município,Monforte,2010,3343
Município,Monforte,2011,3336
Município,Monforte,2012,3314
Município,Monforte,2013,3267
Município,Monforte,2014,3213
Município,Monforte,2015,3160
Município,Monforte,2016,3111
Município,Monforte,2017,3065
Município,Monforte,2018,3022
Município,Monforte,2019,2990
Município,Monforte,2020,2989
Município,Monforte,2022,2921
Município,Monforte,2023,2917
Município,Monforte,2024,2924
Município,Monforte,2025,2902
Município,Nisa,1982,10646
Município,Nisa,1983,10567
Município,Nisa,1984,10459
Município,Nisa,1985,10341
Município,Nisa,1986,10217
Município,Nisa,1987,10088
Município,Nisa,1988,9966
Município,Nisa,1989,9856
Município,Nisa,1990,9759
Município,Nisa,1991,9742
Município,Nisa,1992,9682
Município,Nisa,1993,9510
Município,Nisa,1994,9361
Município,Nisa,1995,9242
Município,Nisa,1996,9113
Município,Nisa,1997,8975
Município,Nisa,1998,8855
Município,Nisa,1999,8740
Município,Nisa,2000,8649
Município,Nisa,2001,8559
Município,Nisa,2002,8464
Município,Nisa,2003,8367
Município,Nisa,2004,8245
Município,Nisa,2005,8118
Município,Nisa,2006,8018
Município,Nisa,2007,7923
Município,Nisa,2008,7789
Município,Nisa,2009,7661
Município,Nisa,2010,7549
Município,Nisa,2011,7421
Município,Nisa,2012,7264
Município,Nisa,2013,7095
Município,Nisa,2014,6929
Município,Nisa,2015,6764
Município,Nisa,2016,6583
Município,Nisa,2017,6401
Município,Nisa,2018,6256
Município,Nisa,2019,6138
Município,Nisa,2020,6033
Município,Nisa,2022,5917
Município,Nisa,2023,5914
Município,Nisa,2024,5933
Município,Nisa,2025,5975
Município,Ponte de Sor,1982,18112
Município,Ponte de Sor,1983,18110
Município,Ponte de Sor,1984,18105
Município,Ponte de Sor,1985,18097
Município,Ponte de Sor,1986,18050
Município,Ponte de Sor,1987,17933
Município,Ponte de Sor,1988,17798
Município,Ponte de Sor,1989,17669
Município,Ponte de Sor,1990,17526
Município,Ponte de Sor,1991,17699
Município,Ponte de Sor,1992,17944
Município,Ponte de Sor,1993,17967
Município,Ponte de Sor,1994,18009
Município,Ponte de Sor,1995,18051
Município,Ponte de Sor,1996,18088
Município,Ponte de Sor,1997,18125
Município,Ponte de Sor,1998,18134
Município,Ponte de Sor,1999,18113
Município,Ponte de Sor,2000,18125
Município,Ponte de Sor,2001,18087
Município,Ponte de Sor,2002,17995
Município,Ponte de Sor,2003,17896
Município,Ponte de Sor,2004,17763
Município,Ponte de Sor,2005,17609
Município,Ponte de Sor,2006,17447
Município,Ponte de Sor,2007,17305
Município,Ponte de Sor,2008,17172
Município,Ponte de Sor,2009,17017
Município,Ponte de Sor,2010,16846
Município,Ponte de Sor,2011,16686
Município,Ponte de Sor,2012,16516
Município,Ponte de Sor,2013,16322
Município,Ponte de Sor,2014,16124
Município,Ponte de Sor,2015,15943
Município,Ponte de Sor,2016,15762
Município,Ponte de Sor,2017,15589
Município,Ponte de Sor,2018,15460
Município,Ponte de Sor,2019,15363
Município,Ponte de Sor,2020,15327
Município,Ponte de Sor,2022,15496
Município,Ponte de Sor,2023,15640
Município,Ponte de Sor,2024,15710
Município,Ponte de Sor,2025,15717
Município,Portalegre,1982,27411
Município,Portalegre,1983,27411
Município,Portalegre,1984,27366
Município,Portalegre,1985,27264
Município,Portalegre,1986,27061
Município,Portalegre,1987,26764
Município,Portalegre,1988,26414
Município,Portalegre,1989,26023
Município,Portalegre,1990,25581
Município,Portalegre,1991,25795
Município,Portalegre,1992,26200
Município,Portalegre,1993,26151
Município,Portalegre,1994,26124
Município,Portalegre,1995,26093
Município,Portalegre,1996,26042
Município,Portalegre,1997,26019
Município,Portalegre,1998,26023
Município,Portalegre,1999,26013
Município,Portalegre,2000,25996
Município,Portalegre,2001,25957
Município,Portalegre,2002,25882
Município,Portalegre,2003,25780
Município,Portalegre,2004,25699
Município,Portalegre,2005,25630
Município,Portalegre,2006,25560
Município,Portalegre,2007,25472
Município,Portalegre,2008,25338
Município,Portalegre,2009,25205
Município,Portalegre,2010,25060
Município,Portalegre,2011,24813
Município,Portalegre,2012,24508
Município,Portalegre,2013,24236
Município,Portalegre,2014,23964
Município,Portalegre,2015,23688
Município,Portalegre,2016,23425
Município,Portalegre,2017,23172
Município,Portalegre,2018,22946
Município,Portalegre,2019,22743
Município,Portalegre,2020,22522
Município,Portalegre,2022,23235
Município,Portalegre,2023,23616
Município,Portalegre,2024,23980
Município,Portalegre,2025,24058
Município,Sousel,1982,7259
Município,Sousel,1983,7216
Município,Sousel,1984,7159
Município,Sousel,1985,7076
Município,Sousel,1986,6947
Município,Sousel,1987,6785
Município,Sousel,1988,6601
Município,Sousel,1989,6404
Município,Sousel,1990,6186
Município,Sousel,1991,6107
Município,Sousel,1992,6113
Município,Sousel,1993,6075
Município,Sousel,1994,6043
Município,Sousel,1995,5995
Município,Sousel,1996,5954
Município,Sousel,1997,5919
Município,Sousel,1998,5886
Município,Sousel,1999,5849
Município,Sousel,2000,5808
Município,Sousel,2001,5762
Município,Sousel,2002,5701
Município,Sousel,2003,5634
Município,Sousel,2004,5579
Município,Sousel,2005,5515
Município,Sousel,2006,5439
Município,Sousel,2007,5367
Município,Sousel,2008,5297
Município,Sousel,2009,5224
Município,Sousel,2010,5139
Município,Sousel,2011,5062
Município,Sousel,2012,4978
Município,Sousel,2013,4890
Município,Sousel,2014,4795
Município,Sousel,2015,4700
Município,Sousel,2016,4622
Município,Sousel,2017,4552
Município,Sousel,2018,4481
Município,Sousel,2019,4415
Município,Sousel,2020,4390
Município,Sousel,2022,4407
Município,Sousel,2023,4442
Município,Sousel,2024,4477
Município,Sousel,2025,4494
NUTS III,Alentejo Central,1982,180807
NUTS III,Alentejo Central,1983,180780
NUTS III,Alentejo Central,1984,180575
NUTS III,Alentejo Central,1985,179971
NUTS III,Alentejo Central,1986,178781
NUTS III,Alentejo Central,1987,177250
NUTS III,Alentejo Central,1988,175455
NUTS III,Alentejo Central,1989,173613
NUTS III,Alentejo Central,1990,171585
NUTS III,Alentejo Central,1991,172517
NUTS III,Alentejo Central,1992,174270
NUTS III,Alentejo Central,1993,173854
NUTS III,Alentejo Central,1994,173670
NUTS III,Alentejo Central,1995,173584
NUTS III,Alentejo Central,1996,173455
NUTS III,Alentejo Central,1997,173361
NUTS III,Alentejo Central,1998,173310
NUTS III,Alentejo Central,1999,173294
NUTS III,Alentejo Central,2000,173456
NUTS III,Alentejo Central,2001,173497
NUTS III,Alentejo Central,2002,173222
NUTS III,Alentejo Central,2003,172755
NUTS III,Alentejo Central,2004,172268
NUTS III,Alentejo Central,2005,171686
NUTS III,Alentejo Central,2006,171013
NUTS III,Alentejo Central,2007,170374
NUTS III,Alentejo Central,2008,169532
NUTS III,Alentejo Central,2009,168568
NUTS III,Alentejo Central,2010,167546
NUTS III,Alentejo Central,2011,166381
NUTS III,Alentejo Central,2012,164962
NUTS III,Alentejo Central,2013,163265
NUTS III,Alentejo Central,2014,161466
NUTS III,Alentejo Central,2015,159822
NUTS III,Alentejo Central,2016,158283
NUTS III,Alentejo Central,2017,156719
NUTS III,Alentejo Central,2018,155313
NUTS III,Alentejo Central,2019,154273
NUTS III,Alentejo Central,2020,153636
NUTS III,Alentejo Central,2022,156916
NUTS III,Alentejo Central,2023,159415
NUTS III,Alentejo Central,2024,161221
NUTS III,Alentejo Central,2025,161687
Município,Alandroal,1982,8130
Município,Alandroal,1983,8116
Município,Alandroal,1984,8069
Município,Alandroal,1985,8006
Município,Alandroal,1986,7907
Município,Alandroal,1987,7779
Município,Alandroal,1988,7635
Município,Alandroal,1989,7486
Município,Alandroal,1990,7324
Município,Alandroal,1991,7270
Município,Alandroal,1992,7266
Município,Alandroal,1993,7189
Município,Alandroal,1994,7100
Município,Alandroal,1995,6998
Município,Alandroal,1996,6896
Município,Alandroal,1997,6815
Município,Alandroal,1998,6740
Município,Alandroal,1999,6666
Município,Alandroal,2000,6605
Município,Alandroal,2001,6554
Município,Alandroal,2002,6504
Município,Alandroal,2003,6436
Município,Alandroal,2004,6361
Município,Alandroal,2005,6275
Município,Alandroal,2006,6207
Município,Alandroal,2007,6155
Município,Alandroal,2008,6075
Município,Alandroal,2009,5989
Município,Alandroal,2010,5909
Município,Alandroal,2011,5812
Município,Alandroal,2012,5713
Município,Alandroal,2013,5622
Município,Alandroal,2014,5520
Município,Alandroal,2015,5432
Município,Alandroal,2016,5358
Município,Alandroal,2017,5271
Município,Alandroal,2018,5184
Município,Alandroal,2019,5115
Município,Alandroal,2020,5060
Município,Alandroal,2022,5028
Município,Alandroal,2023,5072
Município,Alandroal,2024,5050
Município,Alandroal,2025,4997
Município,Arraiolos,1982,8876
Município,Arraiolos,1983,8852
Município,Arraiolos,1984,8820
Município,Arraiolos,1985,8766
Município,Arraiolos,1986,8674
Município,Arraiolos,1987,8552
Município,Arraiolos,1988,8411
Município,Arraiolos,1989,8275
Município,Arraiolos,1990,8147
Município,Arraiolos,1991,8127
Município,Arraiolos,1992,8129
Município,Arraiolos,1993,8042
Município,Arraiolos,1994,7963
Município,Arraiolos,1995,7904
Município,Arraiolos,1996,7846
Município,Arraiolos,1997,7784
Município,Arraiolos,1998,7714
Município,Arraiolos,1999,7654
Município,Arraiolos,2000,7628
Município,Arraiolos,2001,7614
Município,Arraiolos,2002,7594
Município,Arraiolos,2003,7573
Município,Arraiolos,2004,7567
Município,Arraiolos,2005,7548
Município,Arraiolos,2006,7531
Município,Arraiolos,2007,7511
Município,Arraiolos,2008,7474
Município,Arraiolos,2009,7430
Município,Arraiolos,2010,7388
Município,Arraiolos,2011,7298
Município,Arraiolos,2012,7182
Município,Arraiolos,2013,7093
Município,Arraiolos,2014,6999
Município,Arraiolos,2015,6911
Município,Arraiolos,2016,6834
Município,Arraiolos,2017,6763
Município,Arraiolos,2018,6704
Município,Arraiolos,2019,6657
Município,Arraiolos,2020,6639
Município,Arraiolos,2022,6630
Município,Arraiolos,2023,6689
Município,Arraiolos,2024,6764
Município,Arraiolos,2025,6828
Município,Borba,1982,8840
Município,Borba,1983,8832
Município,Borba,1984,8839
Município,Borba,1985,8815
Município,Borba,1986,8740
Município,Borba,1987,8647
Município,Borba,1988,8515
Município,Borba,1989,8361
Município,Borba,1990,8202
Município,Borba,1991,8186
Município,Borba,1992,8221
Município,Borba,1993,8152
Município,Borba,1994,8085
Município,Borba,1995,8035
Município,Borba,1996,7979
Município,Borba,1997,7919
Município,Borba,1998,7870
Município,Borba,1999,7820
Município,Borba,2000,7787
Município,Borba,2001,7760
Município,Borba,2002,7726
Município,Borba,2003,7690
Município,Borba,2004,7649
Município,Borba,2005,7612
Município,Borba,2006,7571
Município,Borba,2007,7537
Município,Borba,2008,7489
Município,Borba,2009,7434
Município,Borba,2010,7381
Município,Borba,2011,7306
Município,Borba,2012,7207
Município,Borba,2013,7117
Município,Borba,2014,7024
Município,Borba,2015,6920
Município,Borba,2016,6823
Município,Borba,2017,6730
Município,Borba,2018,6643
Município,Borba,2019,6550
Município,Borba,2020,6495
Município,Borba,2022,6591
Município,Borba,2023,6608
Município,Borba,2024,6614
Município,Borba,2025,6579
Município,Estremoz,1982,18024
Município,Estremoz,1983,17907
Município,Estremoz,1984,17770
Município,Estremoz,1985,17581
Município,Estremoz,1986,17273
Município,Estremoz,1987,16877
Município,Estremoz,1988,16422
Município,Estremoz,1989,15972
Município,Estremoz,1990,15493
Município,Estremoz,1991,15414
Município,Estremoz,1992,15566
Município,Estremoz,1993,15560
Município,Estremoz,1994,15617
Município,Estremoz,1995,15668
Município,Estremoz,1996,15684
Município,Estremoz,1997,15692
Município,Estremoz,1998,15690
Município,Estremoz,1999,15682
Município,Estremoz,2000,15683
Município,Estremoz,2001,15631
Município,Estremoz,2002,15517
Município,Estremoz,2003,15399
Município,Estremoz,2004,15288
Município,Estremoz,2005,15167
Município,Estremoz,2006,15028
Município,Estremoz,2007,14895
Município,Estremoz,2008,14752
Município,Estremoz,2009,14589
Município,Estremoz,2010,14415
Município,Estremoz,2011,14191
Município,Estremoz,2012,13947
Município,Estremoz,2013,13741
Município,Estremoz,2014,13564
Município,Estremoz,2015,13417
Município,Estremoz,2016,13278
Município,Estremoz,2017,13127
Município,Estremoz,2018,12988
Município,Estremoz,2019,12872
Município,Estremoz,2020,12787
Município,Estremoz,2022,12812
Município,Estremoz,2023,12851
Município,Estremoz,2024,12864
Município,Estremoz,2025,12852
Município,Évora,1982,52001
Município,Évora,1983,52199
Município,Évora,1984,52359
Município,Évora,1985,52475
Município,Évora,1986,52524
Município,Évora,1987,52586
Município,Évora,1988,52659
Município,Évora,1989,52719
Município,Évora,1990,52688
Município,Évora,1991,53495
Município,Évora,1992,54414
Município,Évora,1993,54583
Município,Évora,1994,54824
Município,Évora,1995,55089
Município,Évora,1996,55329
Município,Évora,1997,55558
Município,Évora,1998,55800
Município,Évora,1999,56036
Município,Évora,2000,56309
Município,Évora,2001,56552
Município,Évora,2002,56682
Município,Évora,2003,56757
Município,Évora,2004,56836
Município,Évora,2005,56891
Município,Évora,2006,56937
Município,Évora,2007,56969
Município,Évora,2008,56908
Município,Évora,2009,56817
Município,Évora,2010,56716
Município,Évora,2011,56618
Município,Évora,2012,56415
Município,Évora,2013,56047
Município,Évora,2014,55632
Município,Évora,2015,55270
Município,Évora,2016,54953
Município,Évora,2017,54637
Município,Évora,2018,54380
Município,Évora,2019,54245
Município,Évora,2020,54053
Município,Évora,2022,56314
Município,Évora,2023,57494
Município,Évora,2024,58366
Município,Évora,2025,58614
Município,Montemor-o-Novo,1982,20255
Município,Montemor-o-Novo,1983,20238
Município,Montemor-o-Novo,1984,20183
Município,Montemor-o-Novo,1985,20076
Município,Montemor-o-Novo,1986,19856
Município,Montemor-o-Novo,1987,19555
Município,Montemor-o-Novo,1988,19228
Município,Montemor-o-Novo,1989,18871
Município,Montemor-o-Novo,1990,18499
Município,Montemor-o-Novo,1991,18503
Município,Montemor-o-Novo,1992,18661
Município,Montemor-o-Novo,1993,18613
Município,Montemor-o-Novo,1994,18590
Município,Montemor-o-Novo,1995,18564
Município,Montemor-o-Novo,1996,18539
Município,Montemor-o-Novo,1997,18545
Município,Montemor-o-Novo,1998,18545
Município,Montemor-o-Novo,1999,18543
Município,Montemor-o-Novo,2000,18562
Município,Montemor-o-Novo,2001,18560
Município,Montemor-o-Novo,2002,18513
Município,Montemor-o-Novo,2003,18434
Município,Montemor-o-Novo,2004,18339
Município,Montemor-o-Novo,2005,18239
Município,Montemor-o-Novo,2006,18125
Município,Montemor-o-Novo,2007,18006
Município,Montemor-o-Novo,2008,17871
Município,Montemor-o-Novo,2009,17717
Município,Montemor-o-Novo,2010,17560
Município,Montemor-o-Novo,2011,17377
Município,Montemor-o-Novo,2012,17185
Município,Montemor-o-Novo,2013,16984
Município,Montemor-o-Novo,2014,16773
Município,Montemor-o-Novo,2015,16597
Município,Montemor-o-Novo,2016,16432
Município,Montemor-o-Novo,2017,16263
Município,Montemor-o-Novo,2018,16104
Município,Montemor-o-Novo,2019,15988
Município,Montemor-o-Novo,2020,15958
Município,Montemor-o-Novo,2022,15859
Município,Montemor-o-Novo,2023,16220
Município,Montemor-o-Novo,2024,16499
Município,Montemor-o-Novo,2025,16592
Município,Mora,1982,7047
Município,Mora,1983,7025
Município,Mora,1984,7009
Município,Mora,1985,6971
Município,Mora,1986,6913
Município,Mora,1987,6829
Município,Mora,1988,6721
Município,Mora,1989,6618
Município,Mora,1990,6516
Município,Mora,1991,6521
Município,Mora,1992,6533
Município,Mora,1993,6445
Município,Mora,1994,6352
Município,Mora,1995,6257
Município,Mora,1996,6170
Município,Mora,1997,6074
Município,Mora,1998,5973
Município,Mora,1999,5894
Município,Mora,2000,5830
Município,Mora,2001,5759
Município,Mora,2002,5690
Município,Mora,2003,5616
Município,Mora,2004,5534
Município,Mora,2005,5456
Município,Mora,2006,5374
Município,Mora,2007,5300
Município,Mora,2008,5231
Município,Mora,2009,5146
Município,Mora,2010,5047
Município,Mora,2011,4997
Município,Mora,2012,4949
Município,Mora,2013,4847
Município,Mora,2014,4752
Município,Mora,2015,4669
Município,Mora,2016,4573
Município,Mora,2017,4467
Município,Mora,2018,4367
Município,Mora,2019,4282
Município,Mora,2020,4224
Município,Mora,2022,4130
Município,Mora,2023,4124
Município,Mora,2024,4140
Município,Mora,2025,4151
Município,Mourão,1982,3488
Município,Mourão,1983,3476
Município,Mourão,1984,3462
Município,Mourão,1985,3439
Município,Mourão,1986,3417
Município,Mourão,1987,3372
Município,Mourão,1988,3315
Município,Mourão,1989,3274
Município,Mourão,1990,3233
Município,Mourão,1991,3236
Município,Mourão,1992,3246
Município,Mourão,1993,3214
Município,Mourão,1994,3183
Município,Mourão,1995,3171
Município,Mourão,1996,3164
Município,Mourão,1997,3166
Município,Mourão,1998,3187
Município,Mourão,1999,3203
Município,Mourão,2000,3215
Município,Mourão,2001,3204
Município,Mourão,2002,3162
Município,Mourão,2003,3116
Município,Mourão,2004,3067
Município,Mourão,2005,3001
Município,Mourão,2006,2932
Município,Mourão,2007,2872
Município,Mourão,2008,2814
Município,Mourão,2009,2755
Município,Mourão,2010,2696
Município,Mourão,2011,2657
Município,Mourão,2012,2629
Município,Mourão,2013,2590
Município,Mourão,2014,2559
Município,Mourão,2015,2523
Município,Mourão,2016,2485
Município,Mourão,2017,2451
Município,Mourão,2018,2410
Município,Mourão,2019,2378
Município,Mourão,2020,2361
Município,Mourão,2022,2495
Município,Mourão,2023,2511
Município,Mourão,2024,2510
Município,Mourão,2025,2512
Município,Portel,1982,8320
Município,Portel,1983,8304
Município,Portel,1984,8267
Município,Portel,1985,8199
Município,Portel,1986,8090
Município,Portel,1987,7946
Município,Portel,1988,7783
Município,Portel,1989,7623
Município,Portel,1990,7471
Município,Portel,1991,7456
Município,Portel,1992,7481
Município,Portel,1993,7417
Município,Portel,1994,7363
Município,Portel,1995,7317
Município,Portel,1996,7275
Município,Portel,1997,7234
Município,Portel,1998,7189
Município,Portel,1999,7141
Município,Portel,2000,7113
Município,Portel,2001,7085
Município,Portel,2002,7035
Município,Portel,2003,6978
Município,Portel,2004,6922
Município,Portel,2005,6864
Município,Portel,2006,6802
Município,Portel,2007,6736
Município,Portel,2008,6664
Município,Portel,2009,6583
Município,Portel,2010,6488
Município,Portel,2011,6356
Município,Portel,2012,6230
Município,Portel,2013,6164
Município,Portel,2014,6088
Município,Portel,2015,5993
Município,Portel,2016,5900
Município,Portel,2017,5813
Município,Portel,2018,5750
Município,Portel,2019,5703
Município,Portel,2020,5699
Município,Portel,2022,5726
Município,Portel,2023,5745
Município,Portel,2024,5745
Município,Portel,2025,5715
Município,Redondo,1982,8423
Município,Redondo,1983,8393
Município,Redondo,1984,8371
Município,Redondo,1985,8326
Município,Redondo,1986,8242
Município,Redondo,1987,8167
Município,Redondo,1988,8080
Município,Redondo,1989,7981
Município,Redondo,1990,7873
Município,Redondo,1991,7879
Município,Redondo,1992,7903
Município,Redondo,1993,7823
Município,Redondo,1994,7741
Município,Redondo,1995,7668
Município,Redondo,1996,7595
Município,Redondo,1997,7513
Município,Redondo,1998,7447
Município,Redondo,1999,7389
Município,Redondo,2000,7326
Município,Redondo,2001,7295
Município,Redondo,2002,7283
Município,Redondo,2003,7263
Município,Redondo,2004,7253
Município,Redondo,2005,7234
Município,Redondo,2006,7189
Município,Redondo,2007,7150
Município,Redondo,2008,7125
Município,Redondo,2009,7101
Município,Redondo,2010,7072
Município,Redondo,2011,7019
Município,Redondo,2012,6948
Município,Redondo,2013,6868
Município,Redondo,2014,6777
Município,Redondo,2015,6693
Município,Redondo,2016,6615
Município,Redondo,2017,6532
Município,Redondo,2018,6454
Município,Redondo,2019,6399
Município,Redondo,2020,6355
Município,Redondo,2022,6367
Município,Redondo,2023,6415
Município,Redondo,2024,6471
Município,Redondo,2025,6462
Município,Reguengos de Monsaraz,1982,11625
Município,Reguengos de Monsaraz,1983,11612
Município,Reguengos de Monsaraz,1984,11602
Município,Reguengos de Monsaraz,1985,11562
Município,Reguengos de Monsaraz,1986,11493
Município,Reguengos de Monsaraz,1987,11428
Município,Reguengos de Monsaraz,1988,11371
Município,Reguengos de Monsaraz,1989,11319
Município,Reguengos de Monsaraz,1990,11237
Município,Reguengos de Monsaraz,1991,11321
Município,Reguengos de Monsaraz,1992,11442
Município,Reguengos de Monsaraz,1993,11424
Município,Reguengos de Monsaraz,1994,11422
Município,Reguengos de Monsaraz,1995,11404
Município,Reguengos de Monsaraz,1996,11384
Município,Reguengos de Monsaraz,1997,11371
Município,Reguengos de Monsaraz,1998,11374
Município,Reguengos de Monsaraz,1999,11384
Município,Reguengos de Monsaraz,2000,11383
Município,Reguengos de Monsaraz,2001,11366
Município,Reguengos de Monsaraz,2002,11330
Município,Reguengos de Monsaraz,2003,11276
Município,Reguengos de Monsaraz,2004,11232
Município,Reguengos de Monsaraz,2005,11185
Município,Reguengos de Monsaraz,2006,11127
Município,Reguengos de Monsaraz,2007,11067
Município,Reguengos de Monsaraz,2008,10992
Município,Reguengos de Monsaraz,2009,10935
Município,Reguengos de Monsaraz,2010,10880
Município,Reguengos de Monsaraz,2011,10800
Município,Reguengos de Monsaraz,2012,10708
Município,Reguengos de Monsaraz,2013,10593
Município,Reguengos de Monsaraz,2014,10459
Município,Reguengos de Monsaraz,2015,10345
Município,Reguengos de Monsaraz,2016,10242
Município,Reguengos de Monsaraz,2017,10126
Município,Reguengos de Monsaraz,2018,10033
Município,Reguengos de Monsaraz,2019,9974
Município,Reguengos de Monsaraz,2020,9932
Município,Reguengos de Monsaraz,2022,10273
Município,Reguengos de Monsaraz,2023,10451
Município,Reguengos de Monsaraz,2024,10567
Município,Reguengos de Monsaraz,2025,10598
Município,Vendas Novas,1982,10949
Município,Vendas Novas,1983,10949
Município,Vendas Novas,1984,10938
Município,Vendas Novas,1985,10900
Município,Vendas Novas,1986,10831
Município,Vendas Novas,1987,10740
Município,Vendas Novas,1988,10619
Município,Vendas Novas,1989,10502
Município,Vendas Novas,1990,10374
Município,Vendas Novas,1991,10453
Município,Vendas Novas,1992,10619
Município,Vendas Novas,1993,10678
Município,Vendas Novas,1994,10770
Município,Vendas Novas,1995,10883
Município,Vendas Novas,1996,11008
Município,Vendas Novas,1997,11128
Município,Vendas Novas,1998,11240
Município,Vendas Novas,1999,11368
Município,Vendas Novas,2000,11523
Município,Vendas Novas,2001,11638
Município,Vendas Novas,2002,11700
Município,Vendas Novas,2003,11749
Município,Vendas Novas,2004,11791
Município,Vendas Novas,2005,11832
Município,Vendas Novas,2006,11853
Município,Vendas Novas,2007,11861
Município,Vendas Novas,2008,11866
Município,Vendas Novas,2009,11871
Município,Vendas Novas,2010,11864
Município,Vendas Novas,2011,11857
Município,Vendas Novas,2012,11821
Município,Vendas Novas,2013,11738
Município,Vendas Novas,2014,11644
Município,Vendas Novas,2015,11548
Município,Vendas Novas,2016,11457
Município,Vendas Novas,2017,11370
Município,Vendas Novas,2018,11271
Município,Vendas Novas,2019,11214
Município,Vendas Novas,2020,11248
Município,Vendas Novas,2022,11899
Município,Vendas Novas,2023,12355
Município,Vendas Novas,2024,12686
Município,Vendas Novas,2025,12830
Município,Viana do Alentejo,1982,6215
Município,Viana do Alentejo,1983,6214
Município,Viana do Alentejo,1984,6188
Município,Viana do Alentejo,1985,6137
Município,Viana do Alentejo,1986,6078
Município,Viana do Alentejo,1987,5998
Município,Viana do Alentejo,1988,5889
Município,Viana do Alentejo,1989,5781
Município,Viana do Alentejo,1990,5671
Município,Viana do Alentejo,1991,5684
Município,Viana do Alentejo,1992,5741
Município,Viana do Alentejo,1993,5707
Município,Viana do Alentejo,1994,5675
Município,Viana do Alentejo,1995,5655
Município,Viana do Alentejo,1996,5634
Município,Viana do Alentejo,1997,5624
Município,Viana do Alentejo,1998,5614
Município,Viana do Alentejo,1999,5608
Município,Viana do Alentejo,2000,5611
Município,Viana do Alentejo,2001,5626
Município,Viana do Alentejo,2002,5658
Município,Viana do Alentejo,2003,5675
Município,Viana do Alentejo,2004,5687
Município,Viana do Alentejo,2005,5705
Município,Viana do Alentejo,2006,5723
Município,Viana do Alentejo,2007,5749
Município,Viana do Alentejo,2008,5762
Município,Viana do Alentejo,2009,5762
Município,Viana do Alentejo,2010,5760
Município,Viana do Alentejo,2011,5815
Município,Viana do Alentejo,2012,5841
Município,Viana do Alentejo,2013,5755
Município,Viana do Alentejo,2014,5667
Município,Viana do Alentejo,2015,5603
Município,Viana do Alentejo,2016,5543
Município,Viana do Alentejo,2017,5480
Município,Viana do Alentejo,2018,5422
Município,Viana do Alentejo,2019,5385
Município,Viana do Alentejo,2020,5392
Município,Viana do Alentejo,2022,5374
Município,Viana do Alentejo,2023,5459
Município,Viana do Alentejo,2024,5526
Município,Viana do Alentejo,2025,5573
Município,Vila Viçosa,1982,8618
Município,Vila Viçosa,1983,8668
Município,Vila Viçosa,1984,8701
Município,Vila Viçosa,1985,8721
Município,Vila Viçosa,1986,8747
Município,Vila Viçosa,1987,8777
Município,Vila Viçosa,1988,8810
Município,Vila Viçosa,1989,8834
Município,Vila Viçosa,1990,8861
Município,Vila Viçosa,1991,8975
Município,Vila Viçosa,1992,9052
Município,Vila Viçosa,1993,9012
Município,Vila Viçosa,1994,8989
Município,Vila Viçosa,1995,8976
Município,Vila Viçosa,1996,8955
Município,Vila Viçosa,1997,8942
Município,Vila Viçosa,1998,8931
Município,Vila Viçosa,1999,8910
Município,Vila Viçosa,2000,8884
Município,Vila Viçosa,2001,8857
Município,Vila Viçosa,2002,8832
Município,Vila Viçosa,2003,8798
Município,Vila Viçosa,2004,8747
Município,Vila Viçosa,2005,8682
Município,Vila Viçosa,2006,8617
Município,Vila Viçosa,2007,8568
Município,Vila Viçosa,2008,8512
Município,Vila Viçosa,2009,8443
Município,Vila Viçosa,2010,8375
Município,Vila Viçosa,2011,8281
Município,Vila Viçosa,2012,8189
Município,Vila Viçosa,2013,8109
Município,Vila Viçosa,2014,8011
Município,Vila Viçosa,2015,7905
Município,Vila Viçosa,2016,7794
Município,Vila Viçosa,2017,7692
Município,Vila Viçosa,2018,7606
Município,Vila Viçosa,2019,7514
Município,Vila Viçosa,2020,7436
Município,Vila Viçosa,2022,7421
Município,Vila Viçosa,2023,7424
Município,Vila Viçosa,2024,7423
Município,Vila Viçosa,2025,7385
NUTS II,Algarve,1982,324447
NUTS II,Algarve,1983,325448
NUTS II,Algarve,1984,326514
NUTS II,Algarve,1985,327675
NUTS II,Algarve,1986,329342
NUTS II,Algarve,1987,331626
NUTS II,Algarve,1988,334080
NUTS II,Algarve,1989,336645
NUTS II,Algarve,1990,339210
NUTS II,Algarve,1991,343458
NUTS II,Algarve,1992,348054
NUTS II,Algarve,1993,351347
NUTS II,Algarve,1994,355339
NUTS II,Algarve,1995,359711
NUTS II,Algarve,1996,364462
NUTS II,Algarve,1997,369897
NUTS II,Algarve,1998,375735
NUTS II,Algarve,1999,381985
NUTS II,Algarve,2000,389220
NUTS II,Algarve,2001,397040
NUTS II,Algarve,2002,404483
NUTS II,Algarve,2003,410820
NUTS II,Algarve,2004,416071
NUTS II,Algarve,2005,421035
NUTS II,Algarve,2006,426169
NUTS II,Algarve,2007,431677
NUTS II,Algarve,2008,437322
NUTS II,Algarve,2009,442956
NUTS II,Algarve,2010,448564
NUTS II,Algarve,2011,451813
NUTS II,Algarve,2012,451700
NUTS II,Algarve,2013,450515
NUTS II,Algarve,2014,449959
NUTS II,Algarve,2015,450822
NUTS II,Algarve,2016,452490
NUTS II,Algarve,2017,454707
NUTS II,Algarve,2018,457855
NUTS II,Algarve,2019,462604
NUTS II,Algarve,2020,467751
NUTS II,Algarve,2022,525365
NUTS II,Algarve,2023,553361
NUTS II,Algarve,2024,570509
NUTS II,Algarve,2025,577564
NUTS III,Algarve,1982,324447
NUTS III,Algarve,1983,325448
NUTS III,Algarve,1984,326514
NUTS III,Algarve,1985,327675
NUTS III,Algarve,1986,329342
NUTS III,Algarve,1987,331626
NUTS III,Algarve,1988,334080
NUTS III,Algarve,1989,336645
NUTS III,Algarve,1990,339210
NUTS III,Algarve,1991,343458
NUTS III,Algarve,1992,348054
NUTS III,Algarve,1993,351347
NUTS III,Algarve,1994,355339
NUTS III,Algarve,1995,359711
NUTS III,Algarve,1996,364462
NUTS III,Algarve,1997,369897
NUTS III,Algarve,1998,375735
NUTS III,Algarve,1999,381985
NUTS III,Algarve,2000,389220
NUTS III,Algarve,2001,397040
NUTS III,Algarve,2002,404483
NUTS III,Algarve,2003,410820
NUTS III,Algarve,2004,416071
NUTS III,Algarve,2005,421035
NUTS III,Algarve,2006,426169
NUTS III,Algarve,2007,431677
NUTS III,Algarve,2008,437322
NUTS III,Algarve,2009,442956
NUTS III,Algarve,2010,448564
NUTS III,Algarve,2011,451813
NUTS III,Algarve,2012,451700
NUTS III,Algarve,2013,450515
NUTS III,Algarve,2014,449959
NUTS III,Algarve,2015,450822
NUTS III,Algarve,2016,452490
NUTS III,Algarve,2017,454707
NUTS III,Algarve,2018,457855
NUTS III,Algarve,2019,462604
NUTS III,Algarve,2020,467751
NUTS III,Algarve,2022,525365
NUTS III,Algarve,2023,553361
NUTS III,Algarve,2024,570509
NUTS III,Algarve,2025,577564
Município,Albufeira,1982,17305
Município,Albufeira,1983,17474
Município,Albufeira,1984,17677
Município,Albufeira,1985,17914
Município,Albufeira,1986,18276
Município,Albufeira,1987,18771
Município,Albufeira,1988,19331
Município,Albufeira,1989,19915
Município,Albufeira,1990,20516
Município,Albufeira,1991,21303
Município,Albufeira,1992,22191
Município,Albufeira,1993,23035
Município,Albufeira,1994,23970
Município,Albufeira,1995,24943
Município,Albufeira,1996,25970
Município,Albufeira,1997,27083
Município,Albufeira,1998,28185
Município,Albufeira,1999,29315
Município,Albufeira,2000,30559
Município,Albufeira,2001,31802
Município,Albufeira,2002,32967
Município,Albufeira,2003,33995
Município,Albufeira,2004,34866
Município,Albufeira,2005,35723
Município,Albufeira,2006,36614
Município,Albufeira,2007,37515
Município,Albufeira,2008,38437
Município,Albufeira,2009,39377
Município,Albufeira,2010,40328
Município,Albufeira,2011,40984
Município,Albufeira,2012,41212
Município,Albufeira,2013,41322
Município,Albufeira,2014,41527
Município,Albufeira,2015,41904
Município,Albufeira,2016,42336
Município,Albufeira,2017,42808
Município,Albufeira,2018,43364
Município,Albufeira,2019,44053
Município,Albufeira,2020,44425
Município,Albufeira,2022,54702
Município,Albufeira,2023,59368
Município,Albufeira,2024,62389
Município,Albufeira,2025,63430
Município,Alcoutim,1982,5216
Município,Alcoutim,1983,5160
Município,Alcoutim,1984,5101
Município,Alcoutim,1985,5045
Município,Alcoutim,1986,4963
Município,Alcoutim,1987,4875
Município,Alcoutim,1988,4798
Município,Alcoutim,1989,4717
Município,Alcoutim,1990,4626
Município,Alcoutim,1991,4543
Município,Alcoutim,1992,4463
Município,Alcoutim,1993,4376
Município,Alcoutim,1994,4284
Município,Alcoutim,1995,4199
Município,Alcoutim,1996,4114
Município,Alcoutim,1997,4020
Município,Alcoutim,1998,3943
Município,Alcoutim,1999,3881
Município,Alcoutim,2000,3816
Município,Alcoutim,2001,3743
Município,Alcoutim,2002,3661
Município,Alcoutim,2003,3571
Município,Alcoutim,2004,3479
Município,Alcoutim,2005,3395
Município,Alcoutim,2006,3314
Município,Alcoutim,2007,3223
Município,Alcoutim,2008,3130
Município,Alcoutim,2009,3045
Município,Alcoutim,2010,2968
Município,Alcoutim,2011,2914
Município,Alcoutim,2012,2875
Município,Alcoutim,2013,2827
Município,Alcoutim,2014,2780
Município,Alcoutim,2015,2741
Município,Alcoutim,2016,2703
Município,Alcoutim,2017,2661
Município,Alcoutim,2018,2628
Município,Alcoutim,2019,2601
Município,Alcoutim,2020,2566
Município,Alcoutim,2022,2516
Município,Alcoutim,2023,2497
Município,Alcoutim,2024,2478
Município,Alcoutim,2025,2472
Município,Aljezur,1982,5047
Município,Aljezur,1983,5028
Município,Aljezur,1984,5004
Município,Aljezur,1985,4979
Município,Aljezur,1986,4973
Município,Aljezur,1987,4987
Município,Aljezur,1988,4991
Município,Aljezur,1989,4996
Município,Aljezur,1990,5006
Município,Aljezur,1991,5011
Município,Aljezur,1992,5019
Município,Aljezur,1993,5012
Município,Aljezur,1994,5007
Município,Aljezur,1995,5015
Município,Aljezur,1996,5032
Município,Aljezur,1997,5063
Município,Aljezur,1998,5103
Município,Aljezur,1999,5151
Município,Aljezur,2000,5216
Município,Aljezur,2001,5304
Município,Aljezur,2002,5406
Município,Aljezur,2003,5489
Município,Aljezur,2004,5550
Município,Aljezur,2005,5597
Município,Aljezur,2006,5645
Município,Aljezur,2007,5692
Município,Aljezur,2008,5736
Município,Aljezur,2009,5798
Município,Aljezur,2010,5865
Município,Aljezur,2011,5824
Município,Aljezur,2012,5725
Município,Aljezur,2013,5686
Município,Aljezur,2014,5664
Município,Aljezur,2015,5662
Município,Aljezur,2016,5686
Município,Aljezur,2017,5722
Município,Aljezur,2018,5772
Município,Aljezur,2019,5856
Município,Aljezur,2020,6012
Município,Aljezur,2022,6639
Município,Aljezur,2023,7128
Município,Aljezur,2024,7413
Município,Aljezur,2025,7489
Município,Castro Marim,1982,7288
Município,Castro Marim,1983,7280
Município,Castro Marim,1984,7245
Município,Castro Marim,1985,7197
Município,Castro Marim,1986,7143
Município,Castro Marim,1987,7078
Município,Castro Marim,1988,7003
Município,Castro Marim,1989,6923
Município,Castro Marim,1990,6845
Município,Castro Marim,1991,6807
Município,Castro Marim,1992,6778
Município,Castro Marim,1993,6734
Município,Castro Marim,1994,6708
Município,Castro Marim,1995,6679
Município,Castro Marim,1996,6646
Município,Castro Marim,1997,6626
Município,Castro Marim,1998,6610
Município,Castro Marim,1999,6591
Município,Castro Marim,2000,6584
Município,Castro Marim,2001,6610
Município,Castro Marim,2002,6647
Município,Castro Marim,2003,6677
Município,Castro Marim,2004,6687
Município,Castro Marim,2005,6678
Município,Castro Marim,2006,6685
Município,Castro Marim,2007,6710
Município,Castro Marim,2008,6724
Município,Castro Marim,2009,6734
Município,Castro Marim,2010,6749
Município,Castro Marim,2011,6707
Município,Castro Marim,2012,6638
Município,Castro Marim,2013,6595
Município,Castro Marim,2014,6550
Município,Castro Marim,2015,6505
Município,Castro Marim,2016,6473
Município,Castro Marim,2017,6453
Município,Castro Marim,2018,6431
Município,Castro Marim,2019,6425
Município,Castro Marim,2020,6463
Município,Castro Marim,2022,6946
Município,Castro Marim,2023,7212
Município,Castro Marim,2024,7433
Município,Castro Marim,2025,7552
Município,Faro,1982,45592
Município,Faro,1983,45902
Município,Faro,1984,46252
Município,Faro,1985,46660
Município,Faro,1986,47220
Município,Faro,1987,47933
Município,Faro,1988,48682
Município,Faro,1989,49444
Município,Faro,1990,50190
Município,Faro,1991,51081
Município,Faro,1992,51884
Município,Faro,1993,52434
Município,Faro,1994,53056
Município,Faro,1995,53682
Município,Faro,1996,54309
Município,Faro,1997,54996
Município,Faro,1998,55699
Município,Faro,1999,56450
Município,Faro,2000,57338
Município,Faro,2001,58266
Município,Faro,2002,59154
Município,Faro,2003,59938
Município,Faro,2004,60597
Município,Faro,2005,61229
Município,Faro,2006,61862
Município,Faro,2007,62489
Município,Faro,2008,63108
Município,Faro,2009,63721
Município,Faro,2010,64316
Município,Faro,2011,65211
Município,Faro,2012,65801
Município,Faro,2013,65738
Município,Faro,2014,65724
Município,Faro,2015,65883
Município,Faro,2016,66153
Município,Faro,2017,66498
Município,Faro,2018,66968
Município,Faro,2019,67633
Município,Faro,2020,68011
Município,Faro,2022,74981
Município,Faro,2023,77871
Município,Faro,2024,79548
Município,Faro,2025,80286
Município,Lagoa,1982,15696
Município,Lagoa,1983,15768
Município,Lagoa,1984,15859
Município,Lagoa,1985,15929
Município,Lagoa,1986,16022
Município,Lagoa,1987,16169
Município,Lagoa,1988,16319
Município,Lagoa,1989,16467
Município,Lagoa,1990,16627
Município,Lagoa,1991,16900
Município,Lagoa,1992,17200
Município,Lagoa,1993,17452
Município,Lagoa,1994,17759
Município,Lagoa,1995,18095
Município,Lagoa,1996,18449
Município,Lagoa,1997,18857
Município,Lagoa,1998,19304
Município,Lagoa,1999,19758
Município,Lagoa,2000,20271
Município,Lagoa,2001,20733
Município,Lagoa,2002,21075
Município,Lagoa,2003,21349
Município,Lagoa,2004,21570
Município,Lagoa,2005,21784
Município,Lagoa,2006,22009
Município,Lagoa,2007,22235
Município,Lagoa,2008,22448
Município,Lagoa,2009,22661
Município,Lagoa,2010,22878
Município,Lagoa,2011,22988
Município,Lagoa,2012,22938
Município,Lagoa,2013,22838
Município,Lagoa,2014,22766
Município,Lagoa,2015,22778
Município,Lagoa,2016,22855
Município,Lagoa,2017,22970
Município,Lagoa,2018,23107
Município,Lagoa,2019,23300
Município,Lagoa,2020,23629
Município,Lagoa,2022,26524
Município,Lagoa,2023,27549
Município,Lagoa,2024,28194
Município,Lagoa,2025,28509
Município,Lagos,1982,19766
Município,Lagos,1983,19845
Município,Lagos,1984,19922
Município,Lagos,1985,20024
Município,Lagos,1986,20216
Município,Lagos,1987,20468
Município,Lagos,1988,20744
Município,Lagos,1989,21025
Município,Lagos,1990,21289
Município,Lagos,1991,21637
Município,Lagos,1992,21948
Município,Lagos,1993,22131
Município,Lagos,1994,22351
Município,Lagos,1995,22632
Município,Lagos,1996,22973
Município,Lagos,1997,23375
Município,Lagos,1998,23821
Município,Lagos,1999,24312
Município,Lagos,2000,24889
Município,Lagos,2001,25586
Município,Lagos,2002,26315
Município,Lagos,2003,26948
Município,Lagos,2004,27477
Município,Lagos,2005,27966
Município,Lagos,2006,28488
Município,Lagos,2007,29048
Município,Lagos,2008,29614
Município,Lagos,2009,30184
Município,Lagos,2010,30767
Município,Lagos,2011,31113
Município,Lagos,2012,31159
Município,Lagos,2013,31146
Município,Lagos,2014,31166
Município,Lagos,2015,31313
Município,Lagos,2016,31554
Município,Lagos,2017,31842
Município,Lagos,2018,32195
Município,Lagos,2019,32701
Município,Lagos,2020,33350
Município,Lagos,2022,37280
Município,Lagos,2023,39537
Município,Lagos,2024,40583
Município,Lagos,2025,40805
Município,Loulé,1982,44098
Município,Loulé,1983,44213
Município,Loulé,1984,44331
Município,Loulé,1985,44471
Município,Loulé,1986,44678
Município,Loulé,1987,44978
Município,Loulé,1988,45370
Município,Loulé,1989,45816
Município,Loulé,1990,46259
Município,Loulé,1991,47070
Município,Loulé,1992,48126
Município,Loulé,1993,49072
Município,Loulé,1994,50148
Município,Loulé,1995,51255
Município,Loulé,1996,52421
Município,Loulé,1997,53712
Município,Loulé,1998,55061
Município,Loulé,1999,56456
Município,Loulé,2000,57974
Município,Loulé,2001,59559
Município,Loulé,2002,61022
Município,Loulé,2003,62275
Município,Loulé,2004,63357
Município,Loulé,2005,64356
Município,Loulé,2006,65378
Município,Loulé,2007,66539
Município,Loulé,2008,67760
Município,Loulé,2009,68946
Município,Loulé,2010,70099
Município,Loulé,2011,70463
Município,Loulé,2012,70135
Município,Loulé,2013,69885
Município,Loulé,2014,69757
Município,Loulé,2015,69891
Município,Loulé,2016,70124
Município,Loulé,2017,70446
Município,Loulé,2018,70952
Município,Loulé,2019,71643
Município,Loulé,2020,72396
Município,Loulé,2022,84305
Município,Loulé,2023,89394
Município,Loulé,2024,92732
Município,Loulé,2025,94274
Município,Monchique,1982,9573
Município,Monchique,1983,9465
Município,Monchique,1984,9343
Município,Monchique,1985,9202
Município,Monchique,1986,8961
Município,Monchique,1987,8644
Município,Monchique,1988,8296
Município,Monchique,1989,7937
Município,Monchique,1990,7565
Município,Monchique,1991,7331
Município,Monchique,1992,7243
Município,Monchique,1993,7191
Município,Monchique,1994,7152
Município,Monchique,1995,7119
Município,Monchique,1996,7100
Município,Monchique,1997,7072
Município,Monchique,1998,7046
Município,Monchique,1999,7011
Município,Monchique,2000,6975
Município,Monchique,2001,6942
Município,Monchique,2002,6880
Município,Monchique,2003,6786
Município,Monchique,2004,6672
Município,Monchique,2005,6567
Município,Monchique,2006,6479
Município,Monchique,2007,6394
Município,Monchique,2008,6303
Município,Monchique,2009,6213
Município,Monchique,2010,6124
Município,Monchique,2011,5996
Município,Monchique,2012,5864
Município,Monchique,2013,5767
Município,Monchique,2014,5690
Município,Monchique,2015,5633
Município,Monchique,2016,5574
Município,Monchique,2017,5522
Município,Monchique,2018,5483
Município,Monchique,2019,5452
Município,Monchique,2020,5465
Município,Monchique,2022,5429
Município,Monchique,2023,5536
Município,Monchique,2024,5586
Município,Monchique,2025,5609
Município,Olhão,1982,34737
Município,Olhão,1983,34939
Município,Olhão,1984,35145
Município,Olhão,1985,35355
Município,Olhão,1986,35573
Município,Olhão,1987,35814
Município,Olhão,1988,36073
Município,Olhão,1989,36325
Município,Olhão,1990,36563
Município,Olhão,1991,36986
Município,Olhão,1992,37410
Município,Olhão,1993,37628
Município,Olhão,1994,37906
Município,Olhão,1995,38230
Município,Olhão,1996,38558
Município,Olhão,1997,38919
Município,Olhão,1998,39319
Município,Olhão,1999,39787
Município,Olhão,2000,40357
Município,Olhão,2001,40961
Município,Olhão,2002,41520
Município,Olhão,2003,41979
Município,Olhão,2004,42413
Município,Olhão,2005,42852
Município,Olhão,2006,43276
Município,Olhão,2007,43720
Município,Olhão,2008,44191
Município,Olhão,2009,44682
Município,Olhão,2010,45162
Município,Olhão,2011,45342
Município,Olhão,2012,45137
Município,Olhão,2013,44834
Município,Olhão,2014,44535
Município,Olhão,2015,44352
Município,Olhão,2016,44260
Município,Olhão,2017,44185
Município,Olhão,2018,44161
Município,Olhão,2019,44291
Município,Olhão,2020,44647
Município,Olhão,2022,46461
Município,Olhão,2023,47538
Município,Olhão,2024,48214
Município,Olhão,2025,48687
Município,Portimão,1982,34676
Município,Portimão,1983,34912
Município,Portimão,1984,35162
Município,Portimão,1985,35460
Município,Portimão,1986,35913
Município,Portimão,1987,36481
Município,Portimão,1988,37078
Município,Portimão,1989,37707
Município,Portimão,1990,38348
Município,Portimão,1991,39036
Município,Portimão,1992,39592
Município,Portimão,1993,39886
Município,Portimão,1994,40203
Município,Portimão,1995,40619
Município,Portimão,1996,41093
Município,Portimão,1997,41668
Município,Portimão,1998,42343
Município,Portimão,1999,43112
Município,Portimão,2000,44035
Município,Portimão,2001,45212
Município,Portimão,2002,46541
Município,Portimão,2003,47739
Município,Portimão,2004,48782
Município,Portimão,2005,49772
Município,Portimão,2006,50791
Município,Portimão,2007,51878
Município,Portimão,2008,52977
Município,Portimão,2009,54058
Município,Portimão,2010,55128
Município,Portimão,2011,56007
Município,Portimão,2012,56345
Município,Portimão,2013,56342
Município,Portimão,2014,56451
Município,Portimão,2015,56734
Município,Portimão,2016,57080
Município,Portimão,2017,57511
Município,Portimão,2018,58155
Município,Portimão,2019,59046
Município,Portimão,2020,59837
Município,Portimão,2022,68708
Município,Portimão,2023,73426
Município,Portimão,2024,76546
Município,Portimão,2025,77948
Município,São Brás de Alportel,1982,7469
Município,São Brás de Alportel,1983,7457
Município,São Brás de Alportel,1984,7464
Município,São Brás de Alportel,1985,7457
Município,São Brás de Alportel,1986,7448
Município,São Brás de Alportel,1987,7452
Município,São Brás de Alportel,1988,7460
Município,São Brás de Alportel,1989,7473
Município,São Brás de Alportel,1990,7495
Município,São Brás de Alportel,1991,7616
Município,São Brás de Alportel,1992,7795
Município,São Brás de Alportel,1993,7995
Município,São Brás de Alportel,1994,8261
Município,São Brás de Alportel,1995,8525
Município,São Brás de Alportel,1996,8781
Município,São Brás de Alportel,1997,9044
Município,São Brás de Alportel,1998,9302
Município,São Brás de Alportel,1999,9551
Município,São Brás de Alportel,2000,9832
Município,São Brás de Alportel,2001,10050
Município,São Brás de Alportel,2002,10150
Município,São Brás de Alportel,2003,10218
Município,São Brás de Alportel,2004,10266
Município,São Brás de Alportel,2005,10307
Município,São Brás de Alportel,2006,10352
Município,São Brás de Alportel,2007,10412
Município,São Brás de Alportel,2008,10491
Município,São Brás de Alportel,2009,10569
Município,São Brás de Alportel,2010,10638
Município,São Brás de Alportel,2011,10719
Município,São Brás de Alportel,2012,10752
Município,São Brás de Alportel,2013,10725
Município,São Brás de Alportel,2014,10721
Município,São Brás de Alportel,2015,10760
Município,São Brás de Alportel,2016,10804
Município,São Brás de Alportel,2017,10842
Município,São Brás de Alportel,2018,10899
Município,São Brás de Alportel,2019,11019
Município,São Brás de Alportel,2020,11203
Município,São Brás de Alportel,2022,11647
Município,São Brás de Alportel,2023,12044
Município,São Brás de Alportel,2024,12210
Município,São Brás de Alportel,2025,12278
Município,Silves,1982,31293
Município,Silves,1983,31320
Município,Silves,1984,31363
Município,Silves,1985,31442
Município,Silves,1986,31599
Município,Silves,1987,31845
Município,Silves,1988,32133
Município,Silves,1989,32410
Município,Silves,1990,32702
Município,Silves,1991,32921
Município,Silves,1992,32946
Município,Silves,1993,32833
Município,Silves,1994,32752
Município,Silves,1995,32677
Município,Silves,1996,32673
Município,Silves,1997,32794
Município,Silves,1998,32972
Município,Silves,1999,33199
Município,Silves,2000,33516
Município,Silves,2001,33948
Município,Silves,2002,34402
Município,Silves,2003,34782
Município,Silves,2004,35098
Município,Silves,2005,35400
Município,Silves,2006,35689
Município,Silves,2007,35980
Município,Silves,2008,36296
Município,Silves,2009,36642
Município,Silves,2010,36993
Município,Silves,2011,36975
Município,Silves,2012,36716
Município,Silves,2013,36559
Município,Silves,2014,36448
Município,Silves,2015,36430
Município,Silves,2016,36466
Município,Silves,2017,36545
Município,Silves,2018,36702
Município,Silves,2019,37046
Município,Silves,2020,37609
Município,Silves,2022,41133
Município,Silves,2023,43487
Município,Silves,2024,45021
Município,Silves,2025,45728
Município,Tavira,1982,24579
Município,Tavira,1983,24576
Município,Tavira,1984,24555
Município,Tavira,1985,24517
Município,Tavira,1986,24535
Município,Tavira,1987,24605
Município,Tavira,1988,24632
Município,Tavira,1989,24690
Município,Tavira,1990,24778
Município,Tavira,1991,24850
Município,Tavira,1992,24810
Município,Tavira,1993,24656
Município,Tavira,1994,24536
Município,Tavira,1995,24466
Município,Tavira,1996,24450
Município,Tavira,1997,24474
Município,Tavira,1998,24525
Município,Tavira,1999,24625
Município,Tavira,2000,24806
Município,Tavira,2001,25017
Município,Tavira,2002,25212
Município,Tavira,2003,25383
Município,Tavira,2004,25482
Município,Tavira,2005,25573
Município,Tavira,2006,25670
Município,Tavira,2007,25799
Município,Tavira,2008,25941
Município,Tavira,2009,26055
Município,Tavira,2010,26168
Município,Tavira,2011,26164
Município,Tavira,2012,26106
Município,Tavira,2013,26097
Município,Tavira,2014,26129
Município,Tavira,2015,26226
Município,Tavira,2016,26395
Município,Tavira,2017,26608
Município,Tavira,2018,26828
Município,Tavira,2019,27156
Município,Tavira,2020,27532
Município,Tavira,2022,30835
Município,Tavira,2023,32291
Município,Tavira,2024,32992
Município,Tavira,2025,33082
Município,Vila do Bispo,1982,5690
Município,Vila do Bispo,1983,5704
Município,Vila do Bispo,1984,5707
Município,Vila do Bispo,1985,5699
Município,Vila do Bispo,1986,5706
Município,Vila do Bispo,1987,5727
Município,Vila do Bispo,1988,5742
Município,Vila do Bispo,1989,5751
Município,Vila do Bispo,1990,5758
Município,Vila do Bispo,1991,5738
Município,Vila do Bispo,1992,5674
Município,Vila do Bispo,1993,5589
Município,Vila do Bispo,1994,5520
Município,Vila do Bispo,1995,5464
Município,Vila do Bispo,1996,5424
Município,Vila do Bispo,1997,5393
Município,Vila do Bispo,1998,5372
Município,Vila do Bispo,1999,5349
Município,Vila do Bispo,2000,5326
Município,Vila do Bispo,2001,5330
Município,Vila do Bispo,2002,5347
Município,Vila do Bispo,2003,5360
Município,Vila do Bispo,2004,5357
Município,Vila do Bispo,2005,5337
Município,Vila do Bispo,2006,5319
Município,Vila do Bispo,2007,5312
Município,Vila do Bispo,2008,5290
Município,Vila do Bispo,2009,5269
Município,Vila do Bispo,2010,5269
Município,Vila do Bispo,2011,5267
Município,Vila do Bispo,2012,5258
Município,Vila do Bispo,2013,5252
Município,Vila do Bispo,2014,5260
Município,Vila do Bispo,2015,5278
Município,Vila do Bispo,2016,5317
Município,Vila do Bispo,2017,5363
Município,Vila do Bispo,2018,5419
Município,Vila do Bispo,2019,5520
Município,Vila do Bispo,2020,5671
Município,Vila do Bispo,2022,6295
Município,Vila do Bispo,2023,6723
Município,Vila do Bispo,2024,6917
Município,Vila do Bispo,2025,7043
Município,Vila Real de Santo António,1982,16427
Município,Vila Real de Santo António,1983,16409
Município,Vila Real de Santo António,1984,16388
Município,Vila Real de Santo António,1985,16327
Município,Vila Real de Santo António,1986,16121
Município,Vila Real de Santo António,1987,15802
Município,Vila Real de Santo António,1988,15431
Município,Vila Real de Santo António,1989,15054
Município,Vila Real de Santo António,1990,14645
Município,Vila Real de Santo António,1991,14633
Município,Vila Real de Santo António,1992,14977
Município,Vila Real de Santo António,1993,15327
Município,Vila Real de Santo António,1994,15728
Município,Vila Real de Santo António,1995,16115
Município,Vila Real de Santo António,1996,16471
Município,Vila Real de Santo António,1997,16804
Município,Vila Real de Santo António,1998,17132
Município,Vila Real de Santo António,1999,17439
Município,Vila Real de Santo António,2000,17729
Município,Vila Real de Santo António,2001,17981
Município,Vila Real de Santo António,2002,18187
Município,Vila Real de Santo António,2003,18334
Município,Vila Real de Santo António,2004,18425
Município,Vila Real de Santo António,2005,18503
Município,Vila Real de Santo António,2006,18601
Município,Vila Real de Santo António,2007,18735
Município,Vila Real de Santo António,2008,18881
Município,Vila Real de Santo António,2009,19007
Município,Vila Real de Santo António,2010,19118
Município,Vila Real de Santo António,2011,19143
Município,Vila Real de Santo António,2012,19043
Município,Vila Real de Santo António,2013,18907
Município,Vila Real de Santo António,2014,18795
Município,Vila Real de Santo António,2015,18735
Município,Vila Real de Santo António,2016,18714
Município,Vila Real de Santo António,2017,18735
Município,Vila Real de Santo António,2018,18794
Município,Vila Real de Santo António,2019,18868
Município,Vila Real de Santo António,2020,18940
Município,Vila Real de Santo António,2022,20967
Município,Vila Real de Santo António,2023,21765
Município,Vila Real de Santo António,2024,22258
Município,Vila Real de Santo António,2025,22375
NUTS I,Região Autónoma dos Açores,1982,246185
NUTS I,Região Autónoma dos Açores,1983,247596
NUTS I,Região Autónoma dos Açores,1984,248728
NUTS I,Região Autónoma dos Açores,1985,249444
NUTS I,Região Autónoma dos Açores,1986,249047
NUTS I,Região Autónoma dos Açores,1987,247693
NUTS I,Região Autónoma dos Açores,1988,245744
NUTS I,Região Autónoma dos Açores,1989,243478
NUTS I,Região Autónoma dos Açores,1990,240843
NUTS I,Região Autónoma dos Açores,1991,239736
NUTS I,Região Autónoma dos Açores,1992,239951
NUTS I,Região Autónoma dos Açores,1993,239803
NUTS I,Região Autónoma dos Açores,1994,239723
NUTS I,Região Autónoma dos Açores,1995,239772
NUTS I,Região Autónoma dos Açores,1996,239861
NUTS I,Região Autónoma dos Açores,1997,239964
NUTS I,Região Autónoma dos Açores,1998,240141
NUTS I,Região Autónoma dos Açores,1999,240524
NUTS I,Região Autónoma dos Açores,2000,241073
NUTS I,Região Autónoma dos Açores,2001,241966
NUTS I,Região Autónoma dos Açores,2002,242924
NUTS I,Região Autónoma dos Açores,2003,243610
NUTS I,Região Autónoma dos Açores,2004,244204
NUTS I,Região Autónoma dos Açores,2005,244805
NUTS I,Região Autónoma dos Açores,2006,245395
NUTS I,Região Autónoma dos Açores,2007,246022
NUTS I,Região Autónoma dos Açores,2008,246522
NUTS I,Região Autónoma dos Açores,2009,246785
NUTS I,Região Autónoma dos Açores,2010,246829
NUTS I,Região Autónoma dos Açores,2011,246926
NUTS I,Região Autónoma dos Açores,2012,246760
NUTS I,Região Autónoma dos Açores,2013,245880
NUTS I,Região Autónoma dos Açores,2014,244304
NUTS I,Região Autónoma dos Açores,2015,242462
NUTS I,Região Autónoma dos Açores,2016,240881
NUTS I,Região Autónoma dos Açores,2017,239536
NUTS I,Região Autónoma dos Açores,2018,238396
NUTS I,Região Autónoma dos Açores,2019,237471
NUTS I,Região Autónoma dos Açores,2020,237365
NUTS I,Região Autónoma dos Açores,2022,241502
NUTS I,Região Autónoma dos Açores,2023,242643
NUTS I,Região Autónoma dos Açores,2024,243829
NUTS I,Região Autónoma dos Açores,2025,244839
NUTS II,Região Autónoma dos Açores,1982,246185
NUTS II,Região Autónoma dos Açores,1983,247596
NUTS II,Região Autónoma dos Açores,1984,248728
NUTS II,Região Autónoma dos Açores,1985,249444
NUTS II,Região Autónoma dos Açores,1986,249047
NUTS II,Região Autónoma dos Açores,1987,247693
NUTS II,Região Autónoma dos Açores,1988,245744
NUTS II,Região Autónoma dos Açores,1989,243478
NUTS II,Região Autónoma dos Açores,1990,240843
NUTS II,Região Autónoma dos Açores,1991,239736
NUTS II,Região Autónoma dos Açores,1992,239951
NUTS II,Região Autónoma dos Açores,1993,239803
NUTS II,Região Autónoma dos Açores,1994,239723
NUTS II,Região Autónoma dos Açores,1995,239772
NUTS II,Região Autónoma dos Açores,1996,239861
NUTS II,Região Autónoma dos Açores,1997,239964
NUTS II,Região Autónoma dos Açores,1998,240141
NUTS II,Região Autónoma dos Açores,1999,240524
NUTS II,Região Autónoma dos Açores,2000,241073
NUTS II,Região Autónoma dos Açores,2001,241966
NUTS II,Região Autónoma dos Açores,2002,242924
NUTS II,Região Autónoma dos Açores,2003,243610
NUTS II,Região Autónoma dos Açores,2004,244204
NUTS II,Região Autónoma dos Açores,2005,244805
NUTS II,Região Autónoma dos Açores,2006,245395
NUTS II,Região Autónoma dos Açores,2007,246022
NUTS II,Região Autónoma dos Açores,2008,246522
NUTS II,Região Autónoma dos Açores,2009,246785
NUTS II,Região Autónoma dos Açores,2010,246829
NUTS II,Região Autónoma dos Açores,2011,246926
NUTS II,Região Autónoma dos Açores,2012,246760
NUTS II,Região Autónoma dos Açores,2013,245880
NUTS II,Região Autónoma dos Açores,2014,244304
NUTS II,Região Autónoma dos Açores,2015,242462
NUTS II,Região Autónoma dos Açores,2016,240881
NUTS II,Região Autónoma dos Açores,2017,239536
NUTS II,Região Autónoma dos Açores,2018,238396
NUTS II,Região Autónoma dos Açores,2019,237471
NUTS II,Região Autónoma dos Açores,2020,237365
NUTS II,Região Autónoma dos Açores,2022,241502
NUTS II,Região Autónoma dos Açores,2023,242643
NUTS II,Região Autónoma dos Açores,2024,243829
NUTS II,Região Autónoma dos Açores,2025,244839
NUTS III,Ilha de Santa Maria,1982,6572
NUTS III,Ilha de Santa Maria,1983,6615
NUTS III,Ilha de Santa Maria,1984,6633
NUTS III,Ilha de Santa Maria,1985,6616
NUTS III,Ilha de Santa Maria,1986,6565
NUTS III,Ilha de Santa Maria,1987,6460
NUTS III,Ilha de Santa Maria,1988,6327
NUTS III,Ilha de Santa Maria,1989,6203
NUTS III,Ilha de Santa Maria,1990,6062
NUTS III,Ilha de Santa Maria,1991,5946
NUTS III,Ilha de Santa Maria,1992,5882
NUTS III,Ilha de Santa Maria,1993,5831
NUTS III,Ilha de Santa Maria,1994,5784
NUTS III,Ilha de Santa Maria,1995,5730
NUTS III,Ilha de Santa Maria,1996,5682
NUTS III,Ilha de Santa Maria,1997,5648
NUTS III,Ilha de Santa Maria,1998,5611
NUTS III,Ilha de Santa Maria,1999,5578
NUTS III,Ilha de Santa Maria,2000,5571
NUTS III,Ilha de Santa Maria,2001,5577
NUTS III,Ilha de Santa Maria,2002,5584
NUTS III,Ilha de Santa Maria,2003,5582
NUTS III,Ilha de Santa Maria,2004,5572
NUTS III,Ilha de Santa Maria,2005,5570
NUTS III,Ilha de Santa Maria,2006,5579
NUTS III,Ilha de Santa Maria,2007,5592
NUTS III,Ilha de Santa Maria,2008,5594
NUTS III,Ilha de Santa Maria,2009,5586
NUTS III,Ilha de Santa Maria,2010,5567
NUTS III,Ilha de Santa Maria,2011,5560
NUTS III,Ilha de Santa Maria,2012,5554
NUTS III,Ilha de Santa Maria,2013,5528
NUTS III,Ilha de Santa Maria,2014,5494
NUTS III,Ilha de Santa Maria,2015,5458
NUTS III,Ilha de Santa Maria,2016,5428
NUTS III,Ilha de Santa Maria,2017,5418
NUTS III,Ilha de Santa Maria,2018,5408
NUTS III,Ilha de Santa Maria,2019,5384
NUTS III,Ilha de Santa Maria,2020,5399
NUTS III,Ilha de Santa Maria,2022,5489
NUTS III,Ilha de Santa Maria,2023,5537
NUTS III,Ilha de Santa Maria,2024,5559
NUTS III,Ilha de Santa Maria,2025,5556
Município,Vila do Porto,1982,6572
Município,Vila do Porto,1983,6615
Município,Vila do Porto,1984,6633
Município,Vila do Porto,1985,6616
Município,Vila do Porto,1986,6565
Município,Vila do Porto,1987,6460
Município,Vila do Porto,1988,6327
Município,Vila do Porto,1989,6203
Município,Vila do Porto,1990,6062
Município,Vila do Porto,1991,5946
Município,Vila do Porto,1992,5882
Município,Vila do Porto,1993,5831
Município,Vila do Porto,1994,5784
Município,Vila do Porto,1995,5730
Município,Vila do Porto,1996,5682
Município,Vila do Porto,1997,5648
Município,Vila do Porto,1998,5611
Município,Vila do Porto,1999,5578
Município,Vila do Porto,2000,5571
Município,Vila do Porto,2001,5577
Município,Vila do Porto,2002,5584
Município,Vila do Porto,2003,5582
Município,Vila do Porto,2004,5572
Município,Vila do Porto,2005,5570
Município,Vila do Porto,2006,5579
Município,Vila do Porto,2007,5592
Município,Vila do Porto,2008,5594
Município,Vila do Porto,2009,5586
Município,Vila do Porto,2010,5567
Município,Vila do Porto,2011,5560
Município,Vila do Porto,2012,5554
Município,Vila do Porto,2013,5528
Município,Vila do Porto,2014,5494
Município,Vila do Porto,2015,5458
Município,Vila do Porto,2016,5428
Município,Vila do Porto,2017,5418
Município,Vila do Porto,2018,5408
Município,Vila do Porto,2019,5384
Município,Vila do Porto,2020,5399
Município,Vila do Porto,2022,5489
Município,Vila do Porto,2023,5537
Município,Vila do Porto,2024,5559
Município,Vila do Porto,2025,5556
NUTS III,Ilha de São Miguel,1982,134022
NUTS III,Ilha de São Miguel,1983,135013
NUTS III,Ilha de São Miguel,1984,135817
NUTS III,Ilha de São Miguel,1985,136266
NUTS III,Ilha de São Miguel,1986,135744
NUTS III,Ilha de São Miguel,1987,134411
NUTS III,Ilha de São Miguel,1988,132581
NUTS III,Ilha de São Miguel,1989,130475
NUTS III,Ilha de São Miguel,1990,128101
NUTS III,Ilha de São Miguel,1991,127177
NUTS III,Ilha de São Miguel,1992,127629
NUTS III,Ilha de São Miguel,1993,127875
NUTS III,Ilha de São Miguel,1994,128114
NUTS III,Ilha de São Miguel,1995,128494
NUTS III,Ilha de São Miguel,1996,128908
NUTS III,Ilha de São Miguel,1997,129300
NUTS III,Ilha de São Miguel,1998,129762
NUTS III,Ilha de São Miguel,1999,130307
NUTS III,Ilha de São Miguel,2000,130936
NUTS III,Ilha de São Miguel,2001,131808
NUTS III,Ilha de São Miguel,2002,132707
NUTS III,Ilha de São Miguel,2003,133427
NUTS III,Ilha de São Miguel,2004,134078
NUTS III,Ilha de São Miguel,2005,134771
NUTS III,Ilha de São Miguel,2006,135440
NUTS III,Ilha de São Miguel,2007,136101
NUTS III,Ilha de São Miguel,2008,136714
NUTS III,Ilha de São Miguel,2009,137222
NUTS III,Ilha de São Miguel,2010,137622
NUTS III,Ilha de São Miguel,2011,137968
NUTS III,Ilha de São Miguel,2012,138070
NUTS III,Ilha de São Miguel,2013,137740
NUTS III,Ilha de São Miguel,2014,136989
NUTS III,Ilha de São Miguel,2015,136125
NUTS III,Ilha de São Miguel,2016,135420
NUTS III,Ilha de São Miguel,2017,134784
NUTS III,Ilha de São Miguel,2018,134251
NUTS III,Ilha de São Miguel,2019,133843
NUTS III,Ilha de São Miguel,2020,133845
NUTS III,Ilha de São Miguel,2022,136247
NUTS III,Ilha de São Miguel,2023,136865
NUTS III,Ilha de São Miguel,2024,137618
NUTS III,Ilha de São Miguel,2025,138270
Município,Lagoa [R.A.A.],1982,13059
Município,Lagoa [R.A.A.],1983,13199
Município,Lagoa [R.A.A.],1984,13322
Município,Lagoa [R.A.A.],1985,13393
Município,Lagoa [R.A.A.],1986,13404
Município,Lagoa [R.A.A.],1987,13376
Município,Lagoa [R.A.A.],1988,13304
Município,Lagoa [R.A.A.],1989,13191
Município,Lagoa [R.A.A.],1990,13050
Município,Lagoa [R.A.A.],1991,13022
Município,Lagoa [R.A.A.],1992,13110
Município,Lagoa [R.A.A.],1993,13204
Município,Lagoa [R.A.A.],1994,13325
Município,Lagoa [R.A.A.],1995,13455
Município,Lagoa [R.A.A.],1996,13575
Município,Lagoa [R.A.A.],1997,13696
Município,Lagoa [R.A.A.],1998,13795
Município,Lagoa [R.A.A.],1999,13885
Município,Lagoa [R.A.A.],2000,14016
Município,Lagoa [R.A.A.],2001,14130
Município,Lagoa [R.A.A.],2002,14190
Município,Lagoa [R.A.A.],2003,14236
Município,Lagoa [R.A.A.],2004,14276
Município,Lagoa [R.A.A.],2005,14315
Município,Lagoa [R.A.A.],2006,14350
Município,Lagoa [R.A.A.],2007,14387
Município,Lagoa [R.A.A.],2008,14414
Município,Lagoa [R.A.A.],2009,14421
Município,Lagoa [R.A.A.],2010,14428
Município,Lagoa [R.A.A.],2011,14418
Município,Lagoa [R.A.A.],2012,14401
Município,Lagoa [R.A.A.],2013,14382
Município,Lagoa [R.A.A.],2014,14325
Município,Lagoa [R.A.A.],2015,14255
Município,Lagoa [R.A.A.],2016,14211
Município,Lagoa [R.A.A.],2017,14177
Município,Lagoa [R.A.A.],2018,14145
Município,Lagoa [R.A.A.],2019,14121
Município,Lagoa [R.A.A.],2020,14187
Município,Lagoa [R.A.A.],2022,14277
Município,Lagoa [R.A.A.],2023,14338
Município,Lagoa [R.A.A.],2024,14390
Município,Lagoa [R.A.A.],2025,14494
Município,Nordeste,1982,6847
Município,Nordeste,1983,6799
Município,Nordeste,1984,6753
Município,Nordeste,1985,6709
Município,Nordeste,1986,6590
Município,Nordeste,1987,6396
Município,Nordeste,1988,6165
Município,Nordeste,1989,5925
Município,Nordeste,1990,5677
Município,Nordeste,1991,5538
Município,Nordeste,1992,5510
Município,Nordeste,1993,5487
Município,Nordeste,1994,5452
Município,Nordeste,1995,5418
Município,Nordeste,1996,5385
Município,Nordeste,1997,5348
Município,Nordeste,1998,5329
Município,Nordeste,1999,5314
Município,Nordeste,2000,5293
Município,Nordeste,2001,5276
Município,Nordeste,2002,5259
Município,Nordeste,2003,5227
Município,Nordeste,2004,5195
Município,Nordeste,2005,5167
Município,Nordeste,2006,5130
Município,Nordeste,2007,5095
Município,Nordeste,2008,5062
Município,Nordeste,2009,5032
Município,Nordeste,2010,4988
Município,Nordeste,2011,4941
Município,Nordeste,2012,4904
Município,Nordeste,2013,4858
Município,Nordeste,2014,4799
Município,Nordeste,2015,4736
Município,Nordeste,2016,4676
Município,Nordeste,2017,4613
Município,Nordeste,2018,4555
Município,Nordeste,2019,4498
Município,Nordeste,2020,4452
Município,Nordeste,2022,4401
Município,Nordeste,2023,4399
Município,Nordeste,2024,4398
Município,Nordeste,2025,4399
Município,Ponta Delgada,1982,64789
Município,Ponta Delgada,1983,65292
Município,Ponta Delgada,1984,65696
Município,Ponta Delgada,1985,65960
Município,Ponta Delgada,1986,65847
Município,Ponta Delgada,1987,65369
Município,Ponta Delgada,1988,64683
Município,Ponta Delgada,1989,63876
Município,Ponta Delgada,1990,62929
Município,Ponta Delgada,1991,62665
Município,Ponta Delgada,1992,63008
Município,Ponta Delgada,1993,63203
Município,Ponta Delgada,1994,63419
Município,Ponta Delgada,1995,63712
Município,Ponta Delgada,1996,64001
Município,Ponta Delgada,1997,64305
Município,Ponta Delgada,1998,64668
Município,Ponta Delgada,1999,65051
Município,Ponta Delgada,2000,65483
Município,Ponta Delgada,2001,65962
Município,Ponta Delgada,2002,66379
Município,Ponta Delgada,2003,66746
Município,Ponta Delgada,2004,67068
Município,Ponta Delgada,2005,67408
Município,Ponta Delgada,2006,67770
Município,Ponta Delgada,2007,68085
Município,Ponta Delgada,2008,68339
Município,Ponta Delgada,2009,68562
Município,Ponta Delgada,2010,68737
Município,Ponta Delgada,2011,68928
Município,Ponta Delgada,2012,69056
Município,Ponta Delgada,2013,68981
Município,Ponta Delgada,2014,68710
Município,Ponta Delgada,2015,68366
Município,Ponta Delgada,2016,68080
Município,Ponta Delgada,2017,67855
Município,Ponta Delgada,2018,67682
Município,Ponta Delgada,2019,67544
Município,Ponta Delgada,2020,67509
Município,Ponta Delgada,2022,70232
Município,Ponta Delgada,2023,70696
Município,Ponta Delgada,2024,71240
Município,Ponta Delgada,2025,71614
Município,Povoação,1982,8554
Município,Povoação,1983,8565
Município,Povoação,1984,8569
Município,Povoação,1985,8541
Município,Povoação,1986,8427
Município,Povoação,1987,8241
Município,Povoação,1988,8015
Município,Povoação,1989,7779
Município,Povoação,1990,7530
Município,Povoação,1991,7382
Município,Povoação,1992,7350
Município,Povoação,1993,7329
Município,Povoação,1994,7272
Município,Povoação,1995,7201
Município,Povoação,1996,7133
Município,Povoação,1997,7035
Município,Povoação,1998,6948
Município,Povoação,1999,6877
Município,Povoação,2000,6774
Município,Povoação,2001,6707
Município,Povoação,2002,6692
Município,Povoação,2003,6660
Município,Povoação,2004,6616
Município,Povoação,2005,6581
Município,Povoação,2006,6548
Município,Povoação,2007,6507
Município,Povoação,2008,6462
Município,Povoação,2009,6419
Município,Povoação,2010,6361
Município,Povoação,2011,6298
Município,Povoação,2012,6253
Município,Povoação,2013,6199
Município,Povoação,2014,6130
Município,Povoação,2015,6075
Município,Povoação,2016,6018
Município,Povoação,2017,5940
Município,Povoação,2018,5879
Município,Povoação,2019,5848
Município,Povoação,2020,5843
Município,Povoação,2022,5746
Município,Povoação,2023,5679
Município,Povoação,2024,5644
Município,Povoação,2025,5643
Município,Ribeira Grande,1982,28710
Município,Ribeira Grande,1983,29022
Município,Ribeira Grande,1984,29277
Município,Ribeira Grande,1985,29433
Município,Ribeira Grande,1986,29332
Município,Ribeira Grande,1987,29044
Município,Ribeira Grande,1988,28646
Município,Ribeira Grande,1989,28179
Município,Ribeira Grande,1990,27649
Município,Ribeira Grande,1991,27420
Município,Ribeira Grande,1992,27491
Município,Ribeira Grande,1993,27487
Município,Ribeira Grande,1994,27469
Município,Ribeira Grande,1995,27538
Município,Ribeira Grande,1996,27646
Município,Ribeira Grande,1997,27758
Município,Ribeira Grande,1998,27899
Município,Ribeira Grande,1999,28064
Município,Ribeira Grande,2000,28264
Município,Ribeira Grande,2001,28605
Município,Ribeira Grande,2002,29010
Município,Ribeira Grande,2003,29367
Município,Ribeira Grande,2004,29734
Município,Ribeira Grande,2005,30109
Município,Ribeira Grande,2006,30445
Município,Ribeira Grande,2007,30813
Município,Ribeira Grande,2008,31205
Município,Ribeira Grande,2009,31558
Município,Ribeira Grande,2010,31893
Município,Ribeira Grande,2011,32184
Município,Ribeira Grande,2012,32298
Município,Ribeira Grande,2013,32246
Município,Ribeira Grande,2014,32073
Município,Ribeira Grande,2015,31858
Município,Ribeira Grande,2016,31706
Município,Ribeira Grande,2017,31591
Município,Ribeira Grande,2018,31494
Município,Ribeira Grande,2019,31423
Município,Ribeira Grande,2020,31479
Município,Ribeira Grande,2022,31432
Município,Ribeira Grande,2023,31565
Município,Ribeira Grande,2024,31758
Município,Ribeira Grande,2025,31941
Município,Vila Franca do Campo,1982,12065
Município,Vila Franca do Campo,1983,12137
Município,Vila Franca do Campo,1984,12202
Município,Vila Franca do Campo,1985,12231
Município,Vila Franca do Campo,1986,12145
Município,Vila Franca do Campo,1987,11986
Município,Vila Franca do Campo,1988,11769
Município,Vila Franca do Campo,1989,11526
Município,Vila Franca do Campo,1990,11268
Município,Vila Franca do Campo,1991,11151
Município,Vila Franca do Campo,1992,11161
Município,Vila Franca do Campo,1993,11166
Município,Vila Franca do Campo,1994,11178
Município,Vila Franca do Campo,1995,11172
Município,Vila Franca do Campo,1996,11170
Município,Vila Franca do Campo,1997,11159
Município,Vila Franca do Campo,1998,11125
Município,Vila Franca do Campo,1999,11117
Município,Vila Franca do Campo,2000,11108
Município,Vila Franca do Campo,2001,11129
Município,Vila Franca do Campo,2002,11178
Município,Vila Franca do Campo,2003,11192
Município,Vila Franca do Campo,2004,11191
Município,Vila Franca do Campo,2005,11192
Município,Vila Franca do Campo,2006,11198
Município,Vila Franca do Campo,2007,11215
Município,Vila Franca do Campo,2008,11233
Município,Vila Franca do Campo,2009,11231
Município,Vila Franca do Campo,2010,11216
Município,Vila Franca do Campo,2011,11200
Município,Vila Franca do Campo,2012,11159
Município,Vila Franca do Campo,2013,11074
Município,Vila Franca do Campo,2014,10953
Município,Vila Franca do Campo,2015,10836
Município,Vila Franca do Campo,2016,10731
Município,Vila Franca do Campo,2017,10608
Município,Vila Franca do Campo,2018,10498
Município,Vila Franca do Campo,2019,10411
Município,Vila Franca do Campo,2020,10376
Município,Vila Franca do Campo,2022,10160
Município,Vila Franca do Campo,2023,10190
Município,Vila Franca do Campo,2024,10190
Município,Vila Franca do Campo,2025,10180
NUTS III,Ilha Terceira,1982,54023
NUTS III,Ilha Terceira,1983,54372
NUTS III,Ilha Terceira,1984,54710
NUTS III,Ilha Terceira,1985,55033
NUTS III,Ilha Terceira,1986,55310
NUTS III,Ilha Terceira,1987,55539
NUTS III,Ilha Terceira,1988,55733
NUTS III,Ilha Terceira,1989,55876
NUTS III,Ilha Terceira,1990,55979
NUTS III,Ilha Terceira,1991,56031
NUTS III,Ilha Terceira,1992,55964
NUTS III,Ilha Terceira,1993,55794
NUTS III,Ilha Terceira,1994,55663
NUTS III,Ilha Terceira,1995,55597
NUTS III,Ilha Terceira,1996,55574
NUTS III,Ilha Terceira,1997,55579
NUTS III,Ilha Terceira,1998,55575
NUTS III,Ilha Terceira,1999,55611
NUTS III,Ilha Terceira,2000,55707
NUTS III,Ilha Terceira,2001,55877
NUTS III,Ilha Terceira,2002,56031
NUTS III,Ilha Terceira,2003,56151
NUTS III,Ilha Terceira,2004,56271
NUTS III,Ilha Terceira,2005,56369
NUTS III,Ilha Terceira,2006,56465
NUTS III,Ilha Terceira,2007,56571
NUTS III,Ilha Terceira,2008,56639
NUTS III,Ilha Terceira,2009,56619
NUTS III,Ilha Terceira,2010,56522
NUTS III,Ilha Terceira,2011,56483
NUTS III,Ilha Terceira,2012,56378
NUTS III,Ilha Terceira,2013,56087
NUTS III,Ilha Terceira,2014,55661
NUTS III,Ilha Terceira,2015,55144
NUTS III,Ilha Terceira,2016,54672
NUTS III,Ilha Terceira,2017,54260
NUTS III,Ilha Terceira,2018,53910
NUTS III,Ilha Terceira,2019,53600
NUTS III,Ilha Terceira,2020,53456
NUTS III,Ilha Terceira,2022,54391
NUTS III,Ilha Terceira,2023,54476
NUTS III,Ilha Terceira,2024,54533
NUTS III,Ilha Terceira,2025,54583
Município,Angra do Heroísmo,1982,33094
Município,Angra do Heroísmo,1983,33334
Município,Angra do Heroísmo,1984,33590
Município,Angra do Heroísmo,1985,33876
Município,Angra do Heroísmo,1986,34196
Município,Angra do Heroísmo,1987,34524
Município,Angra do Heroísmo,1988,34831
Município,Angra do Heroísmo,1989,35105
Município,Angra do Heroísmo,1990,35347
Município,Angra do Heroísmo,1991,35457
Município,Angra do Heroísmo,1992,35410
Município,Angra do Heroísmo,1993,35328
Município,Angra do Heroísmo,1994,35287
Município,Angra do Heroísmo,1995,35301
Município,Angra do Heroísmo,1996,35325
Município,Angra do Heroísmo,1997,35339
Município,Angra do Heroísmo,1998,35362
Município,Angra do Heroísmo,1999,35421
Município,Angra do Heroísmo,2000,35509
Município,Angra do Heroísmo,2001,35596
Município,Angra do Heroísmo,2002,35625
Município,Angra do Heroísmo,2003,35635
Município,Angra do Heroísmo,2004,35673
Município,Angra do Heroísmo,2005,35695
Município,Angra do Heroísmo,2006,35705
Município,Angra do Heroísmo,2007,35713
Município,Angra do Heroísmo,2008,35683
Município,Angra do Heroísmo,2009,35610
Município,Angra do Heroísmo,2010,35489
Município,Angra do Heroísmo,2011,35478
Município,Angra do Heroísmo,2012,35491
Município,Angra do Heroísmo,2013,35354
Município,Angra do Heroísmo,2014,35123
Município,Angra do Heroísmo,2015,34843
Município,Angra do Heroísmo,2016,34592
Município,Angra do Heroísmo,2017,34359
Município,Angra do Heroísmo,2018,34166
Município,Angra do Heroísmo,2019,34005
Município,Angra do Heroísmo,2020,33933
Município,Angra do Heroísmo,2022,34691
Município,Angra do Heroísmo,2023,34769
Município,Angra do Heroísmo,2024,34773
Município,Angra do Heroísmo,2025,34769
Município,Vila da Praia da Vitória,1982,20929
Município,Vila da Praia da Vitória,1983,21038
Município,Vila da Praia da Vitória,1984,21121
Município,Vila da Praia da Vitória,1985,21157
Município,Vila da Praia da Vitória,1986,21114
Município,Vila da Praia da Vitória,1987,21015
Município,Vila da Praia da Vitória,1988,20903
Município,Vila da Praia da Vitória,1989,20772
Município,Vila da Praia da Vitória,1990,20632
Município,Vila da Praia da Vitória,1991,20575
Município,Vila da Praia da Vitória,1992,20555
Município,Vila da Praia da Vitória,1993,20466
Município,Vila da Praia da Vitória,1994,20377
Município,Vila da Praia da Vitória,1995,20296
Município,Vila da Praia da Vitória,1996,20249
Município,Vila da Praia da Vitória,1997,20240
Município,Vila da Praia da Vitória,1998,20213
Município,Vila da Praia da Vitória,1999,20190
Município,Vila da Praia da Vitória,2000,20199
Município,Vila da Praia da Vitória,2001,20281
Município,Vila da Praia da Vitória,2002,20407
Município,Vila da Praia da Vitória,2003,20516
Município,Vila da Praia da Vitória,2004,20598
Município,Vila da Praia da Vitória,2005,20674
Município,Vila da Praia da Vitória,2006,20760
Município,Vila da Praia da Vitória,2007,20859
Município,Vila da Praia da Vitória,2008,20956
Município,Vila da Praia da Vitória,2009,21009
Município,Vila da Praia da Vitória,2010,21033
Município,Vila da Praia da Vitória,2011,21005
Município,Vila da Praia da Vitória,2012,20888
Município,Vila da Praia da Vitória,2013,20733
Município,Vila da Praia da Vitória,2014,20539
Município,Vila da Praia da Vitória,2015,20301
Município,Vila da Praia da Vitória,2016,20080
Município,Vila da Praia da Vitória,2017,19901
Município,Vila da Praia da Vitória,2018,19744
Município,Vila da Praia da Vitória,2019,19595
Município,Vila da Praia da Vitória,2020,19523
Município,Vila da Praia da Vitória,2022,19700
Município,Vila da Praia da Vitória,2023,19707
Município,Vila da Praia da Vitória,2024,19761
Município,Vila da Praia da Vitória,2025,19815
NUTS III,Ilha Graciosa,1982,5388
NUTS III,Ilha Graciosa,1983,5378
NUTS III,Ilha Graciosa,1984,5352
NUTS III,Ilha Graciosa,1985,5333
NUTS III,Ilha Graciosa,1986,5315
NUTS III,Ilha Graciosa,1987,5294
NUTS III,Ilha Graciosa,1988,5278
NUTS III,Ilha Graciosa,1989,5265
NUTS III,Ilha Graciosa,1990,5234
NUTS III,Ilha Graciosa,1991,5211
NUTS III,Ilha Graciosa,1992,5189
NUTS III,Ilha Graciosa,1993,5138
NUTS III,Ilha Graciosa,1994,5084
NUTS III,Ilha Graciosa,1995,5036
NUTS III,Ilha Graciosa,1996,4984
NUTS III,Ilha Graciosa,1997,4928
NUTS III,Ilha Graciosa,1998,4878
NUTS III,Ilha Graciosa,1999,4844
NUTS III,Ilha Graciosa,2000,4809
NUTS III,Ilha Graciosa,2001,4779
NUTS III,Ilha Graciosa,2002,4747
NUTS III,Ilha Graciosa,2003,4707
NUTS III,Ilha Graciosa,2004,4662
NUTS III,Ilha Graciosa,2005,4619
NUTS III,Ilha Graciosa,2006,4582
NUTS III,Ilha Graciosa,2007,4548
NUTS III,Ilha Graciosa,2008,4516
NUTS III,Ilha Graciosa,2009,4478
NUTS III,Ilha Graciosa,2010,4431
NUTS III,Ilha Graciosa,2011,4385
NUTS III,Ilha Graciosa,2012,4348
NUTS III,Ilha Graciosa,2013,4308
NUTS III,Ilha Graciosa,2014,4262
NUTS III,Ilha Graciosa,2015,4220
NUTS III,Ilha Graciosa,2016,4182
NUTS III,Ilha Graciosa,2017,4156
NUTS III,Ilha Graciosa,2018,4135
NUTS III,Ilha Graciosa,2019,4115
NUTS III,Ilha Graciosa,2020,4102
NUTS III,Ilha Graciosa,2022,4132
NUTS III,Ilha Graciosa,2023,4128
NUTS III,Ilha Graciosa,2024,4099
NUTS III,Ilha Graciosa,2025,4074
Município,Santa Cruz da Graciosa,1982,5388
Município,Santa Cruz da Graciosa,1983,5378
Município,Santa Cruz da Graciosa,1984,5352
Município,Santa Cruz da Graciosa,1985,5333
Município,Santa Cruz da Graciosa,1986,5315
Município,Santa Cruz da Graciosa,1987,5294
Município,Santa Cruz da Graciosa,1988,5278
Município,Santa Cruz da Graciosa,1989,5265
Município,Santa Cruz da Graciosa,1990,5234
Município,Santa Cruz da Graciosa,1991,5211
Município,Santa Cruz da Graciosa,1992,5189
Município,Santa Cruz da Graciosa,1993,5138
Município,Santa Cruz da Graciosa,1994,5084
Município,Santa Cruz da Graciosa,1995,5036
Município,Santa Cruz da Graciosa,1996,4984
Município,Santa Cruz da Graciosa,1997,4928
Município,Santa Cruz da Graciosa,1998,4878
Município,Santa Cruz da Graciosa,1999,4844
Município,Santa Cruz da Graciosa,2000,4809
Município,Santa Cruz da Graciosa,2001,4779
Município,Santa Cruz da Graciosa,2002,4747
Município,Santa Cruz da Graciosa,2003,4707
Município,Santa Cruz da Graciosa,2004,4662
Município,Santa Cruz da Graciosa,2005,4619
Município,Santa Cruz da Graciosa,2006,4582
Município,Santa Cruz da Graciosa,2007,4548
Município,Santa Cruz da Graciosa,2008,4516
Município,Santa Cruz da Graciosa,2009,4478
Município,Santa Cruz da Graciosa,2010,4431
Município,Santa Cruz da Graciosa,2011,4385
Município,Santa Cruz da Graciosa,2012,4348
Município,Santa Cruz da Graciosa,2013,4308
Município,Santa Cruz da Graciosa,2014,4262
Município,Santa Cruz da Graciosa,2015,4220
Município,Santa Cruz da Graciosa,2016,4182
Município,Santa Cruz da Graciosa,2017,4156
Município,Santa Cruz da Graciosa,2018,4135
Município,Santa Cruz da Graciosa,2019,4115
Município,Santa Cruz da Graciosa,2020,4102
Município,Santa Cruz da Graciosa,2022,4132
Município,Santa Cruz da Graciosa,2023,4128
Município,Santa Cruz da Graciosa,2024,4099
Município,Santa Cruz da Graciosa,2025,4074
NUTS III,Ilha de São Jorge,1982,10395
NUTS III,Ilha de São Jorge,1983,10449
NUTS III,Ilha de São Jorge,1984,10478
NUTS III,Ilha de São Jorge,1985,10479
NUTS III,Ilha de São Jorge,1986,10480
NUTS III,Ilha de São Jorge,1987,10463
NUTS III,Ilha de São Jorge,1988,10424
NUTS III,Ilha de São Jorge,1989,10373
NUTS III,Ilha de São Jorge,1990,10305
NUTS III,Ilha de São Jorge,1991,10313
NUTS III,Ilha de São Jorge,1992,10360
NUTS III,Ilha de São Jorge,1993,10400
NUTS III,Ilha de São Jorge,1994,10397
NUTS III,Ilha de São Jorge,1995,10317
NUTS III,Ilha de São Jorge,1996,10232
NUTS III,Ilha de São Jorge,1997,10122
NUTS III,Ilha de São Jorge,1998,10008
NUTS III,Ilha de São Jorge,1999,9926
NUTS III,Ilha de São Jorge,2000,9776
NUTS III,Ilha de São Jorge,2001,9655
NUTS III,Ilha de São Jorge,2002,9648
NUTS III,Ilha de São Jorge,2003,9626
NUTS III,Ilha de São Jorge,2004,9591
NUTS III,Ilha de São Jorge,2005,9537
NUTS III,Ilha de São Jorge,2006,9475
NUTS III,Ilha de São Jorge,2007,9428
NUTS III,Ilha de São Jorge,2008,9378
NUTS III,Ilha de São Jorge,2009,9322
NUTS III,Ilha de São Jorge,2010,9245
NUTS III,Ilha de São Jorge,2011,9167
NUTS III,Ilha de São Jorge,2012,9109
NUTS III,Ilha de São Jorge,2013,9036
NUTS III,Ilha de São Jorge,2014,8942
NUTS III,Ilha de São Jorge,2015,8836
NUTS III,Ilha de São Jorge,2016,8729
NUTS III,Ilha de São Jorge,2017,8642
NUTS III,Ilha de São Jorge,2018,8571
NUTS III,Ilha de São Jorge,2019,8497
NUTS III,Ilha de São Jorge,2020,8445
NUTS III,Ilha de São Jorge,2022,8457
NUTS III,Ilha de São Jorge,2023,8450
NUTS III,Ilha de São Jorge,2024,8467
NUTS III,Ilha de São Jorge,2025,8511
Município,Calheta [R.A.A.],1982,4474
Município,Calheta [R.A.A.],1983,4517
Município,Calheta [R.A.A.],1984,4536
Município,Calheta [R.A.A.],1985,4541
Município,Calheta [R.A.A.],1986,4560
Município,Calheta [R.A.A.],1987,4573
Município,Calheta [R.A.A.],1988,4570
Município,Calheta [R.A.A.],1989,4562
Município,Calheta [R.A.A.],1990,4546
Município,Calheta [R.A.A.],1991,4566
Município,Calheta [R.A.A.],1992,4622
Município,Calheta [R.A.A.],1993,4686
Município,Calheta [R.A.A.],1994,4700
Município,Calheta [R.A.A.],1995,4641
Município,Calheta [R.A.A.],1996,4576
Município,Calheta [R.A.A.],1997,4494
Município,Calheta [R.A.A.],1998,4408
Município,Calheta [R.A.A.],1999,4327
Município,Calheta [R.A.A.],2000,4176
Município,Calheta [R.A.A.],2001,4058
Município,Calheta [R.A.A.],2002,4041
Município,Calheta [R.A.A.],2003,4029
Município,Calheta [R.A.A.],2004,4015
Município,Calheta [R.A.A.],2005,3981
Município,Calheta [R.A.A.],2006,3942
Município,Calheta [R.A.A.],2007,3910
Município,Calheta [R.A.A.],2008,3880
Município,Calheta [R.A.A.],2009,3851
Município,Calheta [R.A.A.],2010,3809
Município,Calheta [R.A.A.],2011,3757
Município,Calheta [R.A.A.],2012,3728
Município,Calheta [R.A.A.],2013,3701
Município,Calheta [R.A.A.],2014,3664
Município,Calheta [R.A.A.],2015,3626
Município,Calheta [R.A.A.],2016,3579
Município,Calheta [R.A.A.],2017,3538
Município,Calheta [R.A.A.],2018,3505
Município,Calheta [R.A.A.],2019,3483
Município,Calheta [R.A.A.],2020,3479
Município,Calheta [R.A.A.],2022,3462
Município,Calheta [R.A.A.],2023,3451
Município,Calheta [R.A.A.],2024,3458
Município,Calheta [R.A.A.],2025,3455
Município,Velas,1982,5922
Município,Velas,1983,5932
Município,Velas,1984,5942
Município,Velas,1985,5938
Município,Velas,1986,5920
Município,Velas,1987,5890
Município,Velas,1988,5854
Município,Velas,1989,5811
Município,Velas,1990,5760
Município,Velas,1991,5747
Município,Velas,1992,5738
Município,Velas,1993,5714
Município,Velas,1994,5697
Município,Velas,1995,5676
Município,Velas,1996,5657
Município,Velas,1997,5629
Município,Velas,1998,5600
Município,Velas,1999,5599
Município,Velas,2000,5601
Município,Velas,2001,5597
Município,Velas,2002,5607
Município,Velas,2003,5597
Município,Velas,2004,5576
Município,Velas,2005,5556
Município,Velas,2006,5534
Município,Velas,2007,5518
Município,Velas,2008,5498
Município,Velas,2009,5471
Município,Velas,2010,5436
Município,Velas,2011,5410
Município,Velas,2012,5382
Município,Velas,2013,5335
Município,Velas,2014,5278
Município,Velas,2015,5210
Município,Velas,2016,5150
Município,Velas,2017,5104
Município,Velas,2018,5066
Município,Velas,2019,5015
Município,Velas,2020,4967
Município,Velas,2022,4995
Município,Velas,2023,4999
Município,Velas,2024,5010
Município,Velas,2025,5056
NUTS III,Ilha do Pico,1982,15498
NUTS III,Ilha do Pico,1983,15477
NUTS III,Ilha do Pico,1984,15464
NUTS III,Ilha do Pico,1985,15457
NUTS III,Ilha do Pico,1986,15423
NUTS III,Ilha do Pico,1987,15391
NUTS III,Ilha do Pico,1988,15374
NUTS III,Ilha do Pico,1989,15357
NUTS III,Ilha do Pico,1990,15328
NUTS III,Ilha do Pico,1991,15284
NUTS III,Ilha do Pico,1992,15215
NUTS III,Ilha do Pico,1993,15129
NUTS III,Ilha do Pico,1994,15075
NUTS III,Ilha do Pico,1995,15043
NUTS III,Ilha do Pico,1996,14997
NUTS III,Ilha do Pico,1997,14950
NUTS III,Ilha do Pico,1998,14902
NUTS III,Ilha do Pico,1999,14852
NUTS III,Ilha do Pico,2000,14829
NUTS III,Ilha do Pico,2001,14787
NUTS III,Ilha do Pico,2002,14721
NUTS III,Ilha do Pico,2003,14669
NUTS III,Ilha do Pico,2004,14611
NUTS III,Ilha do Pico,2005,14532
NUTS III,Ilha do Pico,2006,14468
NUTS III,Ilha do Pico,2007,14415
NUTS III,Ilha do Pico,2008,14337
NUTS III,Ilha do Pico,2009,14262
NUTS III,Ilha do Pico,2010,14198
NUTS III,Ilha do Pico,2011,14161
NUTS III,Ilha do Pico,2012,14166
NUTS III,Ilha do Pico,2013,14153
NUTS III,Ilha do Pico,2014,14075
NUTS III,Ilha do Pico,2015,13981
NUTS III,Ilha do Pico,2016,13913
NUTS III,Ilha do Pico,2017,13873
NUTS III,Ilha do Pico,2018,13844
NUTS III,Ilha do Pico,2019,13845
NUTS III,Ilha do Pico,2020,13910
NUTS III,Ilha do Pico,2022,14204
NUTS III,Ilha do Pico,2023,14426
NUTS III,Ilha do Pico,2024,14658
NUTS III,Ilha do Pico,2025,14872
Município,Lajes do Pico,1982,5830
Município,Lajes do Pico,1983,5811
Município,Lajes do Pico,1984,5797
Município,Lajes do Pico,1985,5785
Município,Lajes do Pico,1986,5743
Município,Lajes do Pico,1987,5703
Município,Lajes do Pico,1988,5686
Município,Lajes do Pico,1989,5668
Município,Lajes do Pico,1990,5632
Município,Lajes do Pico,1991,5585
Município,Lajes do Pico,1992,5525
Município,Lajes do Pico,1993,5446
Município,Lajes do Pico,1994,5375
Município,Lajes do Pico,1995,5323
Município,Lajes do Pico,1996,5262
Município,Lajes do Pico,1997,5203
Município,Lajes do Pico,1998,5151
Município,Lajes do Pico,1999,5100
Município,Lajes do Pico,2000,5065
Município,Lajes do Pico,2001,5032
Município,Lajes do Pico,2002,4999
Município,Lajes do Pico,2003,4969
Município,Lajes do Pico,2004,4934
Município,Lajes do Pico,2005,4899
Município,Lajes do Pico,2006,4868
Município,Lajes do Pico,2007,4836
Município,Lajes do Pico,2008,4793
Município,Lajes do Pico,2009,4758
Município,Lajes do Pico,2010,4734
Município,Lajes do Pico,2011,4699
Município,Lajes do Pico,2012,4660
Município,Lajes do Pico,2013,4624
Município,Lajes do Pico,2014,4575
Município,Lajes do Pico,2015,4523
Município,Lajes do Pico,2016,4472
Município,Lajes do Pico,2017,4433
Município,Lajes do Pico,2018,4399
Município,Lajes do Pico,2019,4368
Município,Lajes do Pico,2020,4366
Município,Lajes do Pico,2022,4440
Município,Lajes do Pico,2023,4492
Município,Lajes do Pico,2024,4543
Município,Lajes do Pico,2025,4566
Município,Madalena,1982,5994
Município,Madalena,1983,5996
Município,Madalena,1984,5994
Município,Madalena,1985,5996
Município,Madalena,1986,6006
Município,Madalena,1987,6013
Município,Madalena,1988,6014
Município,Madalena,1989,6020
Município,Madalena,1990,6014
Município,Madalena,1991,6004
Município,Madalena,1992,5997
Município,Madalena,1993,5996
Município,Madalena,1994,6013
Município,Madalena,1995,6028
Município,Madalena,1996,6045
Município,Madalena,1997,6063
Município,Madalena,1998,6078
Município,Madalena,1999,6100
Município,Madalena,2000,6127
Município,Madalena,2001,6137
Município,Madalena,2002,6130
Município,Madalena,2003,6128
Município,Madalena,2004,6127
Município,Madalena,2005,6112
Município,Madalena,2006,6103
Município,Madalena,2007,6105
Município,Madalena,2008,6090
Município,Madalena,2009,6073
Município,Madalena,2010,6060
Município,Madalena,2011,6068
Município,Madalena,2012,6115
Município,Madalena,2013,6156
Município,Madalena,2014,6163
Município,Madalena,2015,6156
Município,Madalena,2016,6160
Município,Madalena,2017,6178
Município,Madalena,2018,6200
Município,Madalena,2019,6248
Município,Madalena,2020,6321
Município,Madalena,2022,6416
Município,Madalena,2023,6541
Município,Madalena,2024,6675
Município,Madalena,2025,6794
Município,São Roque do Pico,1982,3675
Município,São Roque do Pico,1983,3671
Município,São Roque do Pico,1984,3674
Município,São Roque do Pico,1985,3677
Município,São Roque do Pico,1986,3674
Município,São Roque do Pico,1987,3675
Município,São Roque do Pico,1988,3674
Município,São Roque do Pico,1989,3669
Município,São Roque do Pico,1990,3682
Município,São Roque do Pico,1991,3695
Município,São Roque do Pico,1992,3693
Município,São Roque do Pico,1993,3688
Município,São Roque do Pico,1994,3688
Município,São Roque do Pico,1995,3693
Município,São Roque do Pico,1996,3690
Município,São Roque do Pico,1997,3684
Município,São Roque do Pico,1998,3674
Município,São Roque do Pico,1999,3653
Município,São Roque do Pico,2000,3638
Município,São Roque do Pico,2001,3619
Município,São Roque do Pico,2002,3592
Município,São Roque do Pico,2003,3572
Município,São Roque do Pico,2004,3550
Município,São Roque do Pico,2005,3521
Município,São Roque do Pico,2006,3497
Município,São Roque do Pico,2007,3474
Município,São Roque do Pico,2008,3454
Município,São Roque do Pico,2009,3432
Município,São Roque do Pico,2010,3404
Município,São Roque do Pico,2011,3395
Município,São Roque do Pico,2012,3391
Município,São Roque do Pico,2013,3374
Município,São Roque do Pico,2014,3338
Município,São Roque do Pico,2015,3302
Município,São Roque do Pico,2016,3282
Município,São Roque do Pico,2017,3263
Município,São Roque do Pico,2018,3245
Município,São Roque do Pico,2019,3229
Município,São Roque do Pico,2020,3224
Município,São Roque do Pico,2022,3349
Município,São Roque do Pico,2023,3394
Município,São Roque do Pico,2024,3440
Município,São Roque do Pico,2025,3513
NUTS III,Ilha do Faial,1982,15556
NUTS III,Ilha do Faial,1983,15572
NUTS III,Ilha do Faial,1984,15569
NUTS III,Ilha do Faial,1985,15555
NUTS III,Ilha do Faial,1986,15476
NUTS III,Ilha do Faial,1987,15365
NUTS III,Ilha do Faial,1988,15255
NUTS III,Ilha do Faial,1989,15167
NUTS III,Ilha do Faial,1990,15080
NUTS III,Ilha do Faial,1991,15030
NUTS III,Ilha do Faial,1992,14993
NUTS III,Ilha do Faial,1993,14946
NUTS III,Ilha do Faial,1994,14939
NUTS III,Ilha do Faial,1995,14924
NUTS III,Ilha do Faial,1996,14899
NUTS III,Ilha do Faial,1997,14901
NUTS III,Ilha do Faial,1998,14901
NUTS III,Ilha do Faial,1999,14931
NUTS III,Ilha do Faial,2000,15005
NUTS III,Ilha do Faial,2001,15065
NUTS III,Ilha do Faial,2002,15075
NUTS III,Ilha do Faial,2003,15060
NUTS III,Ilha do Faial,2004,15067
NUTS III,Ilha do Faial,2005,15079
NUTS III,Ilha do Faial,2006,15074
NUTS III,Ilha do Faial,2007,15064
NUTS III,Ilha do Faial,2008,15059
NUTS III,Ilha do Faial,2009,15036
NUTS III,Ilha do Faial,2010,15006
NUTS III,Ilha do Faial,2011,14994
NUTS III,Ilha do Faial,2012,14963
NUTS III,Ilha do Faial,2013,14897
NUTS III,Ilha do Faial,2014,14797
NUTS III,Ilha do Faial,2015,14672
NUTS III,Ilha do Faial,2016,14558
NUTS III,Ilha do Faial,2017,14470
NUTS III,Ilha do Faial,2018,14395
NUTS III,Ilha do Faial,2019,14350
NUTS III,Ilha do Faial,2020,14384
NUTS III,Ilha do Faial,2022,14753
NUTS III,Ilha do Faial,2023,14915
NUTS III,Ilha do Faial,2024,15063
NUTS III,Ilha do Faial,2025,15152
Município,Horta,1982,15556
Município,Horta,1983,15572
Município,Horta,1984,15569
Município,Horta,1985,15555
Município,Horta,1986,15476
Município,Horta,1987,15365
Município,Horta,1988,15255
Município,Horta,1989,15167
Município,Horta,1990,15080
Município,Horta,1991,15030
Município,Horta,1992,14993
Município,Horta,1993,14946
Município,Horta,1994,14939
Município,Horta,1995,14924
Município,Horta,1996,14899
Município,Horta,1997,14901
Município,Horta,1998,14901
Município,Horta,1999,14931
Município,Horta,2000,15005
Município,Horta,2001,15065
Município,Horta,2002,15075
Município,Horta,2003,15060
Município,Horta,2004,15067
Município,Horta,2005,15079
Município,Horta,2006,15074
Município,Horta,2007,15064
Município,Horta,2008,15059
Município,Horta,2009,15036
Município,Horta,2010,15006
Município,Horta,2011,14994
Município,Horta,2012,14963
Município,Horta,2013,14897
Município,Horta,2014,14797
Município,Horta,2015,14672
Município,Horta,2016,14558
Município,Horta,2017,14470
Município,Horta,2018,14395
Município,Horta,2019,14350
Município,Horta,2020,14384
Município,Horta,2022,14753
Município,Horta,2023,14915
Município,Horta,2024,15063
Município,Horta,2025,15152
NUTS III,Ilha das Flores,1982,4359
NUTS III,Ilha das Flores,1983,4347
NUTS III,Ilha das Flores,1984,4336
NUTS III,Ilha das Flores,1985,4336
NUTS III,Ilha das Flores,1986,4350
NUTS III,Ilha das Flores,1987,4372
NUTS III,Ilha das Flores,1988,4378
NUTS III,Ilha das Flores,1989,4369
NUTS III,Ilha das Flores,1990,4360
NUTS III,Ilha das Flores,1991,4352
NUTS III,Ilha das Flores,1992,4328
NUTS III,Ilha das Flores,1993,4298
NUTS III,Ilha das Flores,1994,4270
NUTS III,Ilha das Flores,1995,4232
NUTS III,Ilha das Flores,1996,4181
NUTS III,Ilha das Flores,1997,4128
NUTS III,Ilha das Flores,1998,4090
NUTS III,Ilha das Flores,1999,4056
NUTS III,Ilha das Flores,2000,4018
NUTS III,Ilha das Flores,2001,3995
NUTS III,Ilha das Flores,2002,3989
NUTS III,Ilha das Flores,2003,3967
NUTS III,Ilha das Flores,2004,3934
NUTS III,Ilha das Flores,2005,3911
NUTS III,Ilha das Flores,2006,3898
NUTS III,Ilha das Flores,2007,3890
NUTS III,Ilha das Flores,2008,3871
NUTS III,Ilha das Flores,2009,3845
NUTS III,Ilha das Flores,2010,3823
NUTS III,Ilha das Flores,2011,3798
NUTS III,Ilha das Flores,2012,3766
NUTS III,Ilha das Flores,2013,3727
NUTS III,Ilha das Flores,2014,3682
NUTS III,Ilha das Flores,2015,3633
NUTS III,Ilha das Flores,2016,3588
NUTS III,Ilha das Flores,2017,3546
NUTS III,Ilha das Flores,2018,3496
NUTS III,Ilha das Flores,2019,3455
NUTS III,Ilha das Flores,2020,3441
NUTS III,Ilha das Flores,2022,3424
NUTS III,Ilha das Flores,2023,3434
NUTS III,Ilha das Flores,2024,3416
NUTS III,Ilha das Flores,2025,3396
Município,Lajes das Flores,1982,1876
Município,Lajes das Flores,1983,1859
Município,Lajes das Flores,1984,1842
Município,Lajes das Flores,1985,1831
Município,Lajes das Flores,1986,1821
Município,Lajes das Flores,1987,1814
Município,Lajes das Flores,1988,1793
Município,Lajes das Flores,1989,1757
Município,Lajes das Flores,1990,1727
Município,Lajes das Flores,1991,1706
Município,Lajes das Flores,1992,1684
Município,Lajes das Flores,1993,1666
Município,Lajes das Flores,1994,1647
Município,Lajes das Flores,1995,1616
Município,Lajes das Flores,1996,1586
Município,Lajes das Flores,1997,1563
Município,Lajes das Flores,1998,1545
Município,Lajes das Flores,1999,1528
Município,Lajes das Flores,2000,1511
Município,Lajes das Flores,2001,1506
Município,Lajes das Flores,2002,1511
Município,Lajes das Flores,2003,1513
Município,Lajes das Flores,2004,1508
Município,Lajes das Flores,2005,1502
Município,Lajes das Flores,2006,1506
Município,Lajes das Flores,2007,1514
Município,Lajes das Flores,2008,1517
Município,Lajes das Flores,2009,1514
Município,Lajes das Flores,2010,1514
Município,Lajes das Flores,2011,1509
Município,Lajes das Flores,2012,1499
Município,Lajes das Flores,2013,1489
Município,Lajes das Flores,2014,1475
Município,Lajes das Flores,2015,1461
Município,Lajes das Flores,2016,1449
Município,Lajes das Flores,2017,1442
Município,Lajes das Flores,2018,1430
Município,Lajes das Flores,2019,1419
Município,Lajes das Flores,2020,1416
Município,Lajes das Flores,2022,1388
Município,Lajes das Flores,2023,1401
Município,Lajes das Flores,2024,1399
Município,Lajes das Flores,2025,1408
Município,Santa Cruz das Flores,1982,2483
Município,Santa Cruz das Flores,1983,2489
Município,Santa Cruz das Flores,1984,2494
Município,Santa Cruz das Flores,1985,2505
Município,Santa Cruz das Flores,1986,2529
Município,Santa Cruz das Flores,1987,2559
Município,Santa Cruz das Flores,1988,2585
Município,Santa Cruz das Flores,1989,2612
Município,Santa Cruz das Flores,1990,2633
Município,Santa Cruz das Flores,1991,2647
Município,Santa Cruz das Flores,1992,2644
Município,Santa Cruz das Flores,1993,2632
Município,Santa Cruz das Flores,1994,2624
Município,Santa Cruz das Flores,1995,2616
Município,Santa Cruz das Flores,1996,2595
Município,Santa Cruz das Flores,1997,2565
Município,Santa Cruz das Flores,1998,2545
Município,Santa Cruz das Flores,1999,2529
Município,Santa Cruz das Flores,2000,2508
Município,Santa Cruz das Flores,2001,2490
Município,Santa Cruz das Flores,2002,2478
Município,Santa Cruz das Flores,2003,2454
Município,Santa Cruz das Flores,2004,2427
Município,Santa Cruz das Flores,2005,2409
Município,Santa Cruz das Flores,2006,2392
Município,Santa Cruz das Flores,2007,2376
Município,Santa Cruz das Flores,2008,2354
Município,Santa Cruz das Flores,2009,2331
Município,Santa Cruz das Flores,2010,2309
Município,Santa Cruz das Flores,2011,2289
Município,Santa Cruz das Flores,2012,2267
Município,Santa Cruz das Flores,2013,2238
Município,Santa Cruz das Flores,2014,2207
Município,Santa Cruz das Flores,2015,2172
Município,Santa Cruz das Flores,2016,2139
Município,Santa Cruz das Flores,2017,2104
Município,Santa Cruz das Flores,2018,2067
Município,Santa Cruz das Flores,2019,2036
Município,Santa Cruz das Flores,2020,2026
Município,Santa Cruz das Flores,2022,2036
Município,Santa Cruz das Flores,2023,2033
Município,Santa Cruz das Flores,2024,2017
Município,Santa Cruz das Flores,2025,1988
NUTS III,Ilha do Corvo,1982,375
NUTS III,Ilha do Corvo,1983,375
NUTS III,Ilha do Corvo,1984,371
NUTS III,Ilha do Corvo,1985,371
NUTS III,Ilha do Corvo,1986,387
NUTS III,Ilha do Corvo,1987,400
NUTS III,Ilha do Corvo,1988,397
NUTS III,Ilha do Corvo,1989,394
NUTS III,Ilha do Corvo,1990,395
NUTS III,Ilha do Corvo,1991,394
NUTS III,Ilha do Corvo,1992,394
NUTS III,Ilha do Corvo,1993,396
NUTS III,Ilha do Corvo,1994,398
NUTS III,Ilha do Corvo,1995,401
NUTS III,Ilha do Corvo,1996,406
NUTS III,Ilha do Corvo,1997,411
NUTS III,Ilha do Corvo,1998,416
NUTS III,Ilha do Corvo,1999,420
NUTS III,Ilha do Corvo,2000,423
NUTS III,Ilha do Corvo,2001,425
NUTS III,Ilha do Corvo,2002,425
NUTS III,Ilha do Corvo,2003,423
NUTS III,Ilha do Corvo,2004,420
NUTS III,Ilha do Corvo,2005,418
NUTS III,Ilha do Corvo,2006,417
NUTS III,Ilha do Corvo,2007,416
NUTS III,Ilha do Corvo,2008,416
NUTS III,Ilha do Corvo,2009,417
NUTS III,Ilha do Corvo,2010,417
NUTS III,Ilha do Corvo,2011,412
NUTS III,Ilha do Corvo,2012,407
NUTS III,Ilha do Corvo,2013,407
NUTS III,Ilha do Corvo,2014,403
NUTS III,Ilha do Corvo,2015,397
NUTS III,Ilha do Corvo,2016,393
NUTS III,Ilha do Corvo,2017,390
NUTS III,Ilha do Corvo,2018,388
NUTS III,Ilha do Corvo,2019,384
NUTS III,Ilha do Corvo,2020,385
NUTS III,Ilha do Corvo,2022,406
NUTS III,Ilha do Corvo,2023,414
NUTS III,Ilha do Corvo,2024,418
NUTS III,Ilha do Corvo,2025,427
Município,Corvo,1982,375
Município,Corvo,1983,375
Município,Corvo,1984,371
Município,Corvo,1985,371
Município,Corvo,1986,387
Município,Corvo,1987,400
Município,Corvo,1988,397
Município,Corvo,1989,394
Município,Corvo,1990,395
Município,Corvo,1991,394
Município,Corvo,1992,394
Município,Corvo,1993,396
Município,Corvo,1994,398
Município,Corvo,1995,401
Município,Corvo,1996,406
Município,Corvo,1997,411
Município,Corvo,1998,416
Município,Corvo,1999,420
Município,Corvo,2000,423
Município,Corvo,2001,425
Município,Corvo,2002,425
Município,Corvo,2003,423
Município,Corvo,2004,420
Município,Corvo,2005,418
Município,Corvo,2006,417
Município,Corvo,2007,416
Município,Corvo,2008,416
Município,Corvo,2009,417
Município,Corvo,2010,417
Município,Corvo,2011,412
Município,Corvo,2012,407
Município,Corvo,2013,407
Município,Corvo,2014,403
Município,Corvo,2015,397
Município,Corvo,2016,393
Município,Corvo,2017,390
Município,Corvo,2018,388
Município,Corvo,2019,384
Município,Corvo,2020,385
Município,Corvo,2022,406
Município,Corvo,2023,414
Município,Corvo,2024,418
Município,Corvo,2025,427
NUTS I,Região Autónoma da Madeira,1982,255304
NUTS I,Região Autónoma da Madeira,1983,256584
NUTS I,Região Autónoma da Madeira,1984,257789
NUTS I,Região Autónoma da Madeira,1985,258741
NUTS I,Região Autónoma da Madeira,1986,258815
NUTS I,Região Autónoma da Madeira,1987,258184
NUTS I,Região Autónoma da Madeira,1988,257181
NUTS I,Região Autónoma da Madeira,1989,255985
NUTS I,Região Autónoma da Madeira,1990,254493
NUTS I,Região Autónoma da Madeira,1991,253649
NUTS I,Região Autónoma da Madeira,1992,252622
NUTS I,Região Autónoma da Madeira,1993,250110
NUTS I,Região Autónoma da Madeira,1994,247538
NUTS I,Região Autónoma da Madeira,1995,245582
NUTS I,Região Autónoma da Madeira,1996,243935
NUTS I,Região Autónoma da Madeira,1997,242874
NUTS I,Região Autónoma da Madeira,1998,242403
NUTS I,Região Autónoma da Madeira,1999,242547
NUTS I,Região Autónoma da Madeira,2000,243487
NUTS I,Região Autónoma da Madeira,2001,246081
NUTS I,Região Autónoma da Madeira,2002,249625
NUTS I,Região Autónoma da Madeira,2003,252582
NUTS I,Região Autónoma da Madeira,2004,255121
NUTS I,Região Autónoma da Madeira,2005,257472
NUTS I,Região Autónoma da Madeira,2006,259854
NUTS I,Região Autónoma da Madeira,2007,262263
NUTS I,Região Autónoma da Madeira,2008,264292
NUTS I,Região Autónoma da Madeira,2009,265927
NUTS I,Região Autónoma da Madeira,2010,267340
NUTS I,Região Autónoma da Madeira,2011,267680
NUTS I,Região Autónoma da Madeira,2012,266022
NUTS I,Região Autónoma da Madeira,2013,263199
NUTS I,Região Autónoma da Madeira,2014,259683
NUTS I,Região Autónoma da Madeira,2015,256069
NUTS I,Região Autónoma da Madeira,2016,253417
NUTS I,Região Autónoma da Madeira,2017,251695
NUTS I,Região Autónoma da Madeira,2018,250737
NUTS I,Região Autónoma da Madeira,2019,250555
NUTS I,Região Autónoma da Madeira,2020,251307
NUTS I,Região Autónoma da Madeira,2022,254807
NUTS I,Região Autónoma da Madeira,2023,258498
NUTS I,Região Autónoma da Madeira,2024,262606
NUTS I,Região Autónoma da Madeira,2025,265415
NUTS II,Região Autónoma da Madeira,1982,255304
NUTS II,Região Autónoma da Madeira,1983,256584
NUTS II,Região Autónoma da Madeira,1984,257789
NUTS II,Região Autónoma da Madeira,1985,258741
NUTS II,Região Autónoma da Madeira,1986,258815
NUTS II,Região Autónoma da Madeira,1987,258184
NUTS II,Região Autónoma da Madeira,1988,257181
NUTS II,Região Autónoma da Madeira,1989,255985
NUTS II,Região Autónoma da Madeira,1990,254493
NUTS II,Região Autónoma da Madeira,1991,253649
NUTS II,Região Autónoma da Madeira,1992,252622
NUTS II,Região Autónoma da Madeira,1993,250110
NUTS II,Região Autónoma da Madeira,1994,247538
NUTS II,Região Autónoma da Madeira,1995,245582
NUTS II,Região Autónoma da Madeira,1996,243935
NUTS II,Região Autónoma da Madeira,1997,242874
NUTS II,Região Autónoma da Madeira,1998,242403
NUTS II,Região Autónoma da Madeira,1999,242547
NUTS II,Região Autónoma da Madeira,2000,243487
NUTS II,Região Autónoma da Madeira,2001,246081
NUTS II,Região Autónoma da Madeira,2002,249625
NUTS II,Região Autónoma da Madeira,2003,252582
NUTS II,Região Autónoma da Madeira,2004,255121
NUTS II,Região Autónoma da Madeira,2005,257472
NUTS II,Região Autónoma da Madeira,2006,259854
NUTS II,Região Autónoma da Madeira,2007,262263
NUTS II,Região Autónoma da Madeira,2008,264292
NUTS II,Região Autónoma da Madeira,2009,265927
NUTS II,Região Autónoma da Madeira,2010,267340
NUTS II,Região Autónoma da Madeira,2011,267680
NUTS II,Região Autónoma da Madeira,2012,266022
NUTS II,Região Autónoma da Madeira,2013,263199
NUTS II,Região Autónoma da Madeira,2014,259683
NUTS II,Região Autónoma da Madeira,2015,256069
NUTS II,Região Autónoma da Madeira,2016,253417
NUTS II,Região Autónoma da Madeira,2017,251695
NUTS II,Região Autónoma da Madeira,2018,250737
NUTS II,Região Autónoma da Madeira,2019,250555
NUTS II,Região Autónoma da Madeira,2020,251307
NUTS II,Região Autónoma da Madeira,2022,254807
NUTS II,Região Autónoma da Madeira,2023,258498
NUTS II,Região Autónoma da Madeira,2024,262606
NUTS II,Região Autónoma da Madeira,2025,265415
NUTS III,Ilha da Madeira,1982,250862
NUTS III,Ilha da Madeira,1983,252095
NUTS III,Ilha da Madeira,1984,253251
NUTS III,Ilha da Madeira,1985,254151
NUTS III,Ilha da Madeira,1986,254185
NUTS III,Ilha da Madeira,1987,253518
NUTS III,Ilha da Madeira,1988,252485
NUTS III,Ilha da Madeira,1989,251275
NUTS III,Ilha da Madeira,1990,249787
NUTS III,Ilha da Madeira,1991,248934
NUTS III,Ilha da Madeira,1992,247900
NUTS III,Ilha da Madeira,1993,245430
NUTS III,Ilha da Madeira,1994,242910
NUTS III,Ilha da Madeira,1995,240994
NUTS III,Ilha da Madeira,1996,239394
NUTS III,Ilha da Madeira,1997,238374
NUTS III,Ilha da Madeira,1998,237929
NUTS III,Ilha da Madeira,1999,238081
NUTS III,Ilha da Madeira,2000,239023
NUTS III,Ilha da Madeira,2001,241564
NUTS III,Ilha da Madeira,2002,244996
NUTS III,Ilha da Madeira,2003,247837
NUTS III,Ilha da Madeira,2004,250267
NUTS III,Ilha da Madeira,2005,252517
NUTS III,Ilha da Madeira,2006,254796
NUTS III,Ilha da Madeira,2007,257102
NUTS III,Ilha da Madeira,2008,259029
NUTS III,Ilha da Madeira,2009,260576
NUTS III,Ilha da Madeira,2010,261903
NUTS III,Ilha da Madeira,2011,262184
NUTS III,Ilha da Madeira,2012,260538
NUTS III,Ilha da Madeira,2013,257751
NUTS III,Ilha da Madeira,2014,254285
NUTS III,Ilha da Madeira,2015,250742
NUTS III,Ilha da Madeira,2016,248153
NUTS III,Ilha da Madeira,2017,246473
NUTS III,Ilha da Madeira,2018,245551
NUTS III,Ilha da Madeira,2019,245395
NUTS III,Ilha da Madeira,2020,246149
NUTS III,Ilha da Madeira,2022,248789
NUTS III,Ilha da Madeira,2023,252253
NUTS III,Ilha da Madeira,2024,256159
NUTS III,Ilha da Madeira,2025,258683
Município,Calheta [R.A.M.],1982,12940
Município,Calheta [R.A.M.],1983,12942
Município,Calheta [R.A.M.],1984,12960
Município,Calheta [R.A.M.],1985,12975
Município,Calheta [R.A.M.],1986,12967
Município,Calheta [R.A.M.],1987,12980
Município,Calheta [R.A.M.],1988,12996
Município,Calheta [R.A.M.],1989,12994
Município,Calheta [R.A.M.],1990,13017
Município,Calheta [R.A.M.],1991,12928
Município,Calheta [R.A.M.],1992,12709
Município,Calheta [R.A.M.],1993,12491
Município,Calheta [R.A.M.],1994,12294
Município,Calheta [R.A.M.],1995,12137
Município,Calheta [R.A.M.],1996,12020
Município,Calheta [R.A.M.],1997,11937
Município,Calheta [R.A.M.],1998,11881
Município,Calheta [R.A.M.],1999,11855
Município,Calheta [R.A.M.],2000,11878
Município,Calheta [R.A.M.],2001,11923
Município,Calheta [R.A.M.],2002,11964
Município,Calheta [R.A.M.],2003,11961
Município,Calheta [R.A.M.],2004,11910
Município,Calheta [R.A.M.],2005,11862
Município,Calheta [R.A.M.],2006,11817
Município,Calheta [R.A.M.],2007,11793
Município,Calheta [R.A.M.],2008,11751
Município,Calheta [R.A.M.],2009,11671
Município,Calheta [R.A.M.],2010,11585
Município,Calheta [R.A.M.],2011,11463
Município,Calheta [R.A.M.],2012,11325
Município,Calheta [R.A.M.],2013,11188
Município,Calheta [R.A.M.],2014,11024
Município,Calheta [R.A.M.],2015,10877
Município,Calheta [R.A.M.],2016,10781
Município,Calheta [R.A.M.],2017,10718
Município,Calheta [R.A.M.],2018,10710
Município,Calheta [R.A.M.],2019,10765
Município,Calheta [R.A.M.],2020,10891
Município,Calheta [R.A.M.],2022,10819
Município,Calheta [R.A.M.],2023,11135
Município,Calheta [R.A.M.],2024,11405
Município,Calheta [R.A.M.],2025,11577
Município,Câmara de Lobos,1982,31706
Município,Câmara de Lobos,1983,32038
Município,Câmara de Lobos,1984,32310
Município,Câmara de Lobos,1985,32520
Município,Câmara de Lobos,1986,32553
Município,Câmara de Lobos,1987,32410
Município,Câmara de Lobos,1988,32174
Município,Câmara de Lobos,1989,31926
Município,Câmara de Lobos,1990,31631
Município,Câmara de Lobos,1991,31709
Município,Câmara de Lobos,1992,32029
Município,Câmara de Lobos,1993,32222
Município,Câmara de Lobos,1994,32475
Município,Câmara de Lobos,1995,32719
Município,Câmara de Lobos,1996,32935
Município,Câmara de Lobos,1997,33204
Município,Câmara de Lobos,1998,33502
Município,Câmara de Lobos,1999,33842
Município,Câmara de Lobos,2000,34256
Município,Câmara de Lobos,2001,34674
Município,Câmara de Lobos,2002,34978
Município,Câmara de Lobos,2003,35153
Município,Câmara de Lobos,2004,35278
Município,Câmara de Lobos,2005,35420
Município,Câmara de Lobos,2006,35564
Município,Câmara de Lobos,2007,35693
Município,Câmara de Lobos,2008,35741
Município,Câmara de Lobos,2009,35719
Município,Câmara de Lobos,2010,35686
Município,Câmara de Lobos,2011,35520
Município,Câmara de Lobos,2012,35128
Município,Câmara de Lobos,2013,34619
Município,Câmara de Lobos,2014,34029
Município,Câmara de Lobos,2015,33430
Município,Câmara de Lobos,2016,32955
Município,Câmara de Lobos,2017,32564
Município,Câmara de Lobos,2018,32287
Município,Câmara de Lobos,2019,32150
Município,Câmara de Lobos,2020,32210
Município,Câmara de Lobos,2022,31353
Município,Câmara de Lobos,2023,31752
Município,Câmara de Lobos,2024,32282
Município,Câmara de Lobos,2025,32677
Município,Funchal,1982,113872
Município,Funchal,1983,114508
Município,Funchal,1984,115182
Município,Funchal,1985,115777
Município,Funchal,1986,116046
Município,Funchal,1987,116067
Município,Funchal,1988,115999
Município,Funchal,1989,115894
Município,Funchal,1990,115636
Município,Funchal,1991,115189
Município,Funchal,1992,114161
Município,Funchal,1993,112278
Município,Funchal,1994,110245
Município,Funchal,1995,108518
Município,Funchal,1996,106959
Município,Funchal,1997,105672
Município,Funchal,1998,104684
Município,Funchal,1999,104010
Município,Funchal,2000,103717
Município,Funchal,2001,104399
Município,Funchal,2002,105709
Município,Funchal,2003,106779
Município,Funchal,2004,107684
Município,Funchal,2005,108500
Município,Funchal,2006,109345
Município,Funchal,2007,110189
Município,Funchal,2008,110862
Município,Funchal,2009,111370
Município,Funchal,2010,111795
Município,Funchal,2011,112079
Município,Funchal,2012,111674
Município,Funchal,2013,110646
Município,Funchal,2014,109322
Município,Funchal,2015,107936
Município,Funchal,2016,106947
Município,Funchal,2017,106372
Município,Funchal,2018,106074
Município,Funchal,2019,105965
Município,Funchal,2020,106137
Município,Funchal,2022,109782
Município,Funchal,2023,111453
Município,Funchal,2024,112953
Município,Funchal,2025,113530
Município,Machico,1982,22399
Município,Machico,1983,22593
Município,Machico,1984,22748
Município,Machico,1985,22825
Município,Machico,1986,22793
Município,Machico,1987,22705
Município,Machico,1988,22564
Município,Machico,1989,22371
Município,Machico,1990,22155
Município,Machico,1991,22082
Município,Machico,1992,22066
Município,Machico,1993,21954
Município,Machico,1994,21869
Município,Machico,1995,21808
Município,Machico,1996,21724
Município,Machico,1997,21665
Município,Machico,1998,21650
Município,Machico,1999,21662
Município,Machico,2000,21667
Município,Machico,2001,21745
Município,Machico,2002,21893
Município,Machico,2003,21991
Município,Machico,2004,22035
Município,Machico,2005,22045
Município,Machico,2006,22060
Município,Machico,2007,22052
Município,Machico,2008,22013
Município,Machico,2009,21957
Município,Machico,2010,21889
Município,Machico,2011,21796
Município,Machico,2012,21612
Município,Machico,2013,21339
Município,Machico,2014,20996
Município,Machico,2015,20638
Município,Machico,2016,20341
Município,Machico,2017,20089
Município,Machico,2018,19866
Município,Machico,2019,19698
Município,Machico,2020,19666
Município,Machico,2022,19720
Município,Machico,2023,19899
Município,Machico,2024,20272
Município,Machico,2025,20661
Município,Ponta do Sol,1982,9159
Município,Ponta do Sol,1983,9134
Município,Ponta do Sol,1984,9118
Município,Ponta do Sol,1985,9101
Município,Ponta do Sol,1986,9063
Município,Ponta do Sol,1987,9017
Município,Ponta do Sol,1988,8968
Município,Ponta do Sol,1989,8917
Município,Ponta do Sol,1990,8840
Município,Ponta do Sol,1991,8746
Município,Ponta do Sol,1992,8654
Município,Ponta do Sol,1993,8537
Município,Ponta do Sol,1994,8421
Município,Ponta do Sol,1995,8316
Município,Ponta do Sol,1996,8219
Município,Ponta do Sol,1997,8155
Município,Ponta do Sol,1998,8110
Município,Ponta do Sol,1999,8086
Município,Ponta do Sol,2000,8090
Município,Ponta do Sol,2001,8157
Município,Ponta do Sol,2002,8274
Município,Ponta do Sol,2003,8376
Município,Ponta do Sol,2004,8466
Município,Ponta do Sol,2005,8534
Município,Ponta do Sol,2006,8606
Município,Ponta do Sol,2007,8689
Município,Ponta do Sol,2008,8740
Município,Ponta do Sol,2009,8786
Município,Ponta do Sol,2010,8840
Município,Ponta do Sol,2011,8855
Município,Ponta do Sol,2012,8793
Município,Ponta do Sol,2013,8695
Município,Ponta do Sol,2014,8565
Município,Ponta do Sol,2015,8427
Município,Ponta do Sol,2016,8341
Município,Ponta do Sol,2017,8295
Município,Ponta do Sol,2018,8287
Município,Ponta do Sol,2019,8335
Município,Ponta do Sol,2020,8388
Município,Ponta do Sol,2022,8317
Município,Ponta do Sol,2023,8473
Município,Ponta do Sol,2024,8657
Município,Ponta do Sol,2025,8776
Município,Porto Moniz,1982,3963
Município,Porto Moniz,1983,3950
Município,Porto Moniz,1984,3932
Município,Porto Moniz,1985,3901
Município,Porto Moniz,1986,3853
Município,Porto Moniz,1987,3780
Município,Porto Moniz,1988,3688
Município,Porto Moniz,1989,3602
Município,Porto Moniz,1990,3503
Município,Porto Moniz,1991,3422
Município,Porto Moniz,1992,3361
Município,Porto Moniz,1993,3279
Município,Porto Moniz,1994,3195
Município,Porto Moniz,1995,3137
Município,Porto Moniz,1996,3081
Município,Porto Moniz,1997,3019
Município,Porto Moniz,1998,2969
Município,Porto Moniz,1999,2938
Município,Porto Moniz,2000,2926
Município,Porto Moniz,2001,2915
Município,Porto Moniz,2002,2904
Município,Porto Moniz,2003,2889
Município,Porto Moniz,2004,2870
Município,Porto Moniz,2005,2851
Município,Porto Moniz,2006,2832
Município,Porto Moniz,2007,2814
Município,Porto Moniz,2008,2794
Município,Porto Moniz,2009,2772
Município,Porto Moniz,2010,2741
Município,Porto Moniz,2011,2730
Município,Porto Moniz,2012,2715
Município,Porto Moniz,2013,2669
Município,Porto Moniz,2014,2617
Município,Porto Moniz,2015,2566
Município,Porto Moniz,2016,2537
Município,Porto Moniz,2017,2517
Município,Porto Moniz,2018,2500
Município,Porto Moniz,2019,2508
Município,Porto Moniz,2020,2500
Município,Porto Moniz,2022,2572
Município,Porto Moniz,2023,2584
Município,Porto Moniz,2024,2630
Município,Porto Moniz,2025,2714
Município,Ribeira Brava,1982,13567
Município,Ribeira Brava,1983,13588
Município,Ribeira Brava,1984,13604
Município,Ribeira Brava,1985,13621
Município,Ribeira Brava,1986,13612
Município,Ribeira Brava,1987,13555
Município,Ribeira Brava,1988,13451
Município,Ribeira Brava,1989,13328
Município,Ribeira Brava,1990,13230
Município,Ribeira Brava,1991,13175
Município,Ribeira Brava,1992,13099
Município,Ribeira Brava,1993,12930
Município,Ribeira Brava,1994,12727
Município,Ribeira Brava,1995,12595
Município,Ribeira Brava,1996,12513
Município,Ribeira Brava,1997,12447
Município,Ribeira Brava,1998,12411
Município,Ribeira Brava,1999,12402
Município,Ribeira Brava,2000,12422
Município,Ribeira Brava,2001,12523
Município,Ribeira Brava,2002,12683
Município,Ribeira Brava,2003,12827
Município,Ribeira Brava,2004,12971
Município,Ribeira Brava,2005,13087
Município,Ribeira Brava,2006,13165
Município,Ribeira Brava,2007,13247
Município,Ribeira Brava,2008,13316
Município,Ribeira Brava,2009,13361
Município,Ribeira Brava,2010,13384
Município,Ribeira Brava,2011,13384
Município,Ribeira Brava,2012,13309
Município,Ribeira Brava,2013,13158
Município,Ribeira Brava,2014,12969
Município,Ribeira Brava,2015,12765
Município,Ribeira Brava,2016,12625
Município,Ribeira Brava,2017,12570
Município,Ribeira Brava,2018,12585
Município,Ribeira Brava,2019,12679
Município,Ribeira Brava,2020,12749
Município,Ribeira Brava,2022,12571
Município,Ribeira Brava,2023,12717
Município,Ribeira Brava,2024,12930
Município,Ribeira Brava,2025,13110
Município,Santa Cruz,1982,23371
Município,Santa Cruz,1983,23430
Município,Santa Cruz,1984,23473
Município,Santa Cruz,1985,23540
Município,Santa Cruz,1986,23585
Município,Santa Cruz,1987,23577
Município,Santa Cruz,1988,23553
Município,Santa Cruz,1989,23513
Município,Santa Cruz,1990,23471
Município,Santa Cruz,1991,23773
Município,Santa Cruz,1992,24275
Município,Santa Cruz,1993,24598
Município,Santa Cruz,1994,24955
Município,Santa Cruz,1995,25401
Município,Santa Cruz,1996,25923
Município,Santa Cruz,1997,26573
Município,Santa Cruz,1998,27301
Município,Santa Cruz,1999,28099
Município,Santa Cruz,2000,29049
Município,Santa Cruz,2001,30301
Município,Santa Cruz,2002,31734
Município,Santa Cruz,2003,33120
Município,Santa Cruz,2004,34466
Município,Santa Cruz,2005,35805
Município,Santa Cruz,2006,37154
Município,Santa Cruz,2007,38512
Município,Santa Cruz,2008,39847
Município,Santa Cruz,2009,41159
Município,Santa Cruz,2010,42413
Município,Santa Cruz,2011,43054
Município,Santa Cruz,2012,42969
Município,Santa Cruz,2013,42685
Município,Santa Cruz,2014,42307
Município,Santa Cruz,2015,41932
Município,Santa Cruz,2016,41690
Município,Santa Cruz,2017,41602
Município,Santa Cruz,2018,41625
Município,Santa Cruz,2019,41753
Município,Santa Cruz,2020,42115
Município,Santa Cruz,2022,42564
Município,Santa Cruz,2023,43070
Município,Santa Cruz,2024,43601
Município,Santa Cruz,2025,44002
Município,Santana,1982,11327
Município,Santana,1983,11344
Município,Santana,1984,11363
Município,Santana,1985,11357
Município,Santana,1986,11265
Município,Santana,1987,11103
Município,Santana,1988,10918
Município,Santana,1989,10717
Município,Santana,1990,10475
Município,Santana,1991,10264
Município,Santana,1992,10091
Município,Santana,1993,9896
Município,Santana,1994,9695
Município,Santana,1995,9516
Município,Santana,1996,9350
Município,Santana,1997,9192
Município,Santana,1998,9043
Município,Santana,1999,8912
Município,Santana,2000,8816
Município,Santana,2001,8750
Município,Santana,2002,8685
Município,Santana,2003,8605
Município,Santana,2004,8511
Município,Santana,2005,8395
Município,Santana,2006,8276
Município,Santana,2007,8169
Município,Santana,2008,8062
Município,Santana,2009,7939
Município,Santana,2010,7801
Município,Santana,2011,7655
Município,Santana,2012,7503
Município,Santana,2013,7357
Município,Santana,2014,7204
Município,Santana,2015,7049
Município,Santana,2016,6911
Município,Santana,2017,6800
Município,Santana,2018,6722
Município,Santana,2019,6677
Município,Santana,2020,6624
Município,Santana,2022,6410
Município,Santana,2023,6457
Município,Santana,2024,6576
Município,Santana,2025,6649
Município,São Vicente,1982,8559
Município,São Vicente,1983,8570
Município,São Vicente,1984,8564
Município,São Vicente,1985,8535
Município,São Vicente,1986,8450
Município,São Vicente,1987,8326
Município,São Vicente,1988,8177
Município,São Vicente,1989,8015
Município,São Vicente,1990,7831
Município,São Vicente,1991,7647
Município,São Vicente,1992,7459
Município,São Vicente,1993,7247
Município,São Vicente,1994,7035
Município,São Vicente,1995,6849
Município,São Vicente,1996,6673
Município,São Vicente,1997,6512
Município,São Vicente,1998,6380
Município,São Vicente,1999,6277
Município,São Vicente,2000,6204
Município,São Vicente,2001,6179
Município,São Vicente,2002,6174
Município,São Vicente,2003,6138
Município,São Vicente,2004,6078
Município,São Vicente,2005,6020
Município,São Vicente,2006,5979
Município,São Vicente,2007,5946
Município,São Vicente,2008,5904
Município,São Vicente,2009,5843
Município,São Vicente,2010,5772
Município,São Vicente,2011,5650
Município,São Vicente,2012,5514
Município,São Vicente,2013,5398
Município,São Vicente,2014,5255
Município,São Vicente,2015,5124
Município,São Vicente,2016,5027
Município,São Vicente,2017,4949
Município,São Vicente,2018,4897
Município,São Vicente,2019,4867
Município,São Vicente,2020,4872
Município,São Vicente,2022,4683
Município,São Vicente,2023,4716
Município,São Vicente,2024,4855
Município,São Vicente,2025,4991
NUTS III,Ilha de Porto Santo,1982,4443
NUTS III,Ilha de Porto Santo,1983,4490
NUTS III,Ilha de Porto Santo,1984,4538
NUTS III,Ilha de Porto Santo,1985,4590
NUTS III,Ilha de Porto Santo,1986,4631
NUTS III,Ilha de Porto Santo,1987,4666
NUTS III,Ilha de Porto Santo,1988,4696
NUTS III,Ilha de Porto Santo,1989,4710
NUTS III,Ilha de Porto Santo,1990,4706
NUTS III,Ilha de Porto Santo,1991,4716
NUTS III,Ilha de Porto Santo,1992,4722
NUTS III,Ilha de Porto Santo,1993,4681
NUTS III,Ilha de Porto Santo,1994,4628
NUTS III,Ilha de Porto Santo,1995,4588
NUTS III,Ilha de Porto Santo,1996,4541
NUTS III,Ilha de Porto Santo,1997,4500
NUTS III,Ilha de Porto Santo,1998,4474
NUTS III,Ilha de Porto Santo,1999,4466
NUTS III,Ilha de Porto Santo,2000,4464
NUTS III,Ilha de Porto Santo,2001,4518
NUTS III,Ilha de Porto Santo,2002,4630
NUTS III,Ilha de Porto Santo,2003,4745
NUTS III,Ilha de Porto Santo,2004,4854
NUTS III,Ilha de Porto Santo,2005,4955
NUTS III,Ilha de Porto Santo,2006,5058
NUTS III,Ilha de Porto Santo,2007,5161
NUTS III,Ilha de Porto Santo,2008,5263
NUTS III,Ilha de Porto Santo,2009,5351
NUTS III,Ilha de Porto Santo,2010,5437
NUTS III,Ilha de Porto Santo,2011,5496
NUTS III,Ilha de Porto Santo,2012,5485
NUTS III,Ilha de Porto Santo,2013,5448
NUTS III,Ilha de Porto Santo,2014,5398
NUTS III,Ilha de Porto Santo,2015,5327
NUTS III,Ilha de Porto Santo,2016,5265
NUTS III,Ilha de Porto Santo,2017,5223
NUTS III,Ilha de Porto Santo,2018,5186
NUTS III,Ilha de Porto Santo,2019,5160
NUTS III,Ilha de Porto Santo,2020,5158
NUTS III,Ilha de Porto Santo,2022,6018
NUTS III,Ilha de Porto Santo,2023,6245
NUTS III,Ilha de Porto Santo,2024,6447
NUTS III,Ilha de Porto Santo,2025,6733
Município,Porto Santo,1982,4443
Município,Porto Santo,1983,4490
Município,Porto Santo,1984,4538
Município,Porto Santo,1985,4590
Município,Porto Santo,1986,4631
Município,Porto Santo,1987,4666
Município,Porto Santo,1988,4696
Município,Porto Santo,1989,4710
Município,Porto Santo,1990,4706
Município,Porto Santo,1991,4716
Município,Porto Santo,1992,4722
Município,Porto Santo,1993,4681
Município,Porto Santo,1994,4628
Município,Porto Santo,1995,4588
Município,Porto Santo,1996,4541
Município,Porto Santo,1997,4500
Município,Porto Santo,1998,4474
Município,Porto Santo,1999,4466
Município,Porto Santo,2000,4464
Município,Porto Santo,2001,4518
Município,Porto Santo,2002,4630
Município,Porto Santo,2003,4745
Município,Porto Santo,2004,4854
Município,Porto Santo,2005,4955
Município,Porto Santo,2006,5058
Município,Porto Santo,2007,5161
Município,Porto Santo,2008,5263
Município,Porto Santo,2009,5351
Município,Porto Santo,2010,5437
Município,Porto Santo,2011,5496
Município,Porto Santo,2012,5485
Município,Porto Santo,2013,5448
Município,Porto Santo,2014,5398
Município,Porto Santo,2015,5327
Município,Porto Santo,2016,5265
Município,Porto Santo,2017,5223
Município,Porto Santo,2018,5186
Município,Porto Santo,2019,5160
Município,Porto Santo,2020,5158
Município,Porto Santo,2022,6018
Município,Porto Santo,2023,6245
Município,Porto Santo,2024,6447
Município,Porto Santo,2025,6733
