district,period,year,quarter,date,price_sqm_sale,price_sqm_rental,log_price_sale,price_growth_qoq,price_growth_yoy,ine_transaction_count_national,ine_transaction_value_thousands_national,ine_price_value_index_national,ine_volume_index_national,mortgage_rate_fixed_pct_national,fdi_realestate_transactions_meur_national,fdi_realestate_stock_meur_national,fdi_total_stock_meur_national,construction_cost_yoy_growth_pct_national,population_national,unemployment_rate_pct_regional
aveiro,1T2015,2015,1,2015-01-01,782.6666666666666,3.6999999999999997,6.662706892279878,,,21762.0,2662680.0,101.19388995618124,96.176070887978,,319.12,12554.79,125514.7,0.7000000000000001,10381838.0,14.2
aveiro,2T2015,2015,2,2015-04-01,789.0,3.766666666666667,6.670766320845874,0.008091993185689983,,20614.0,2509888.0,100.69923957118108,91.10254228861218,,297.14,12851.93,125514.7,0.8333333333333334,10381838.0,12.4
aveiro,3T2015,2015,3,2015-07-01,825.0,3.9333333333333336,6.715383386334681,0.04562737642585546,,22928.0,2697752.0,97.31280042246271,101.32914958733386,,319.68,13171.62,125514.7,1.1333333333333335,10381838.0,12.3
aveiro,4T2015,2015,4,2015-10-01,823.3333333333334,3.9,6.713361140953913,-0.002020202020201922,,25205.0,3071762.0,100.79407005017497,111.39223723607596,,405.34,13576.96,125514.7,1.2000000000000002,10381838.0,12.5
aveiro,1T2016,2016,1,2016-01-01,804.6666666666666,4.0,6.690428112989367,-0.02267206477732797,0.028109028960817684,24926.0,3001077.0,99.57691524589762,110.1592106862301,,434.9,14011.86,127838.92,1.3666666666666665,10356516.0,12.8
aveiro,2T2016,2016,2,2016-04-01,802.0,4.033333333333333,6.687108607866515,-0.003314001657000798,0.016476552598225558,26890.0,3267885.0,100.5101875107177,118.83901048514512,,401.38,14413.24,127838.92,1.3666666666666665,10356516.0,11.2
aveiro,3T2016,2016,3,2016-07-01,801.6666666666666,4.1000000000000005,6.686692893871752,-0.0004156275976725521,-0.028282828282828354,26675.0,3173236.0,98.38571929954205,117.8888287352639,,331.47,14744.71,127838.92,1.2000000000000002,10356516.0,10.9
aveiro,4T2016,2016,4,2016-10-01,811.6666666666666,4.066666666666666,6.69908974684858,0.012474012474012364,-0.014170040485830038,28999.0,3551512.0,101.2894901297318,128.15963053398005,,408.85,15153.56,127838.92,1.2000000000000002,10356516.0,10.8
aveiro,1T2017,2017,1,2017-01-01,814.0,4.033333333333333,6.70196036600254,0.002874743326488849,0.011599005799503015,29975.0,3800102.0,104.85042196590872,132.4730137334409,,489.78,15643.34,138586.19,1.2666666666666668,10340124.0,10.4
aveiro,2T2017,2017,2,2017-04-01,827.6666666666666,4.066666666666666,6.718610496840057,0.01678951678951668,0.032003325020781404,31197.0,4021419.0,106.61065537213086,137.8735816327658,,370.69,16014.03,138586.19,1.3333333333333333,10340124.0,9.1
aveiro,3T2017,2017,3,2017-07-01,839.0,4.466666666666667,6.732210706467206,0.013693113169553017,0.04656964656964657,32722.0,4258992.0,107.64679513938984,144.61324288192336,,384.08,16398.1,138586.19,1.5,10340124.0,8.8
aveiro,4T2017,2017,4,2017-10-01,865.6666666666666,4.533333333333333,6.763499922994638,0.031783869686134336,0.06652977412731009,35940.0,4898678.0,112.72881483438267,158.83503298014563,,440.43,16838.54,138586.19,1.7666666666666668,10340124.0,8.3
aveiro,1T2018,2018,1,2018-01-01,873.0,4.466666666666667,6.771935555839602,0.008471313053523444,0.07248157248157239,34449.0,4755125.0,114.16144018167434,152.2456330309693,,495.45,17333.99,136252.87,1.8,10334633.0,8.0
aveiro,2T2018,2018,2,2018-04-01,880.3333333333334,4.8,6.780300623629023,0.008400152730049681,0.06363270237615803,38730.0,5425227.0,115.8522674050557,171.16529847860434,,514.24,17848.23,136252.87,1.9000000000000001,10334633.0,6.9
aveiro,3T2018,2018,3,2018-07-01,980.3333333333334,5.0,6.8878926498858855,0.11359333585762976,0.16845450933651174,38964.0,5512302.0,117.00477583884005,172.19944977847507,,434.61,18282.84,136252.87,2.1333333333333333,10334633.0,6.800000000000001
aveiro,4T2018,2018,4,2018-10-01,984.0,5.1000000000000005,6.891625897052253,0.0037402244134647766,0.13669618790912597,39066.0,5414883.0,114.63685212246476,172.65023367841872,2.64,498.33,18781.17,136252.87,2.233333333333334,10334633.0,6.7
aveiro,1T2019,2019,1,2019-01-01,1008.3333333333334,5.3,6.916054081796832,0.02472899728997291,0.1550210003818251,36954.0,5261090.0,117.7466059092851,163.31635527958545,2.8666666666666667,445.76,19226.93,148342.92,2.366666666666667,10354446.0,6.9
aveiro,2T2019,2019,2,2019-04-01,1044.3333333333333,5.599999999999999,6.951134002284082,0.03570247933884296,0.18629307080651247,36681.0,5414806.0,122.08880842455076,162.10984542973628,3.1566666666666667,415.35,19642.28,148342.92,2.466666666666667,10354446.0,6.300000000000001
aveiro,3T2019,2019,3,2019-07-01,1061.6666666666667,6.1000000000000005,6.967595279338154,0.016597510373444146,0.08296497789867385,39554.0,5800028.0,121.2757031962132,174.80692527814915,2.4133333333333336,418.47,20060.75,148342.92,2.4000000000000004,10354446.0,6.2
aveiro,4T2019,2019,4,2019-10-01,1073.0,6.333333333333333,6.9782137426306985,0.010675039246467843,0.09044715447154461,41676.0,6136268.0,121.77339389322496,184.18499817697688,2.1866666666666665,490.46,20551.21,148342.92,2.4000000000000004,10354446.0,6.800000000000001
aveiro,1T2020,2020,1,2020-01-01,1110.0,6.5,7.01211529430638,0.034482758620689724,0.1008264462809918,36399.0,5785538.0,131.4584231641285,160.86356052989206,2.21,468.51,21019.72,150377.77,2.533333333333333,10384846.0,6.9
aveiro,2T2020,2020,2,2020-04-01,1136.3333333333333,6.566666666666666,7.035561983469793,0.023723723723723555,0.08809447813597182,26379.0,4125502.0,129.34587844472952,116.5806715354274,2.21,274.49,21294.21,150377.77,2.2,10384846.0,5.7
aveiro,3T2020,2020,3,2020-07-01,1183.0,6.7,7.075808863978387,0.041067761806981684,0.1142857142857141,35596.0,5427603.0,126.10752326248976,157.31474218033566,2.08,352.27,21646.48,150377.77,2.1333333333333333,10384846.0,8.200000000000001
aveiro,4T2020,2020,4,2020-10-01,1231.6666666666667,6.8999999999999995,7.116123544714193,0.04113834883065648,0.1478720099409756,39139.0,6098441.0,128.86744612614154,172.97285352837838,2.1266666666666665,488.87,22135.35,150377.77,2.1,10384846.0,7.300000000000001
aveiro,1T2021,2021,1,2021-01-01,1281.0,7.066666666666666,7.155396301896734,0.04005412719891743,0.15405405405405403,34614.0,5595240.0,133.69065495381548,152.97484228087814,1.9566666666666668,345.02,22480.37,164176.4,1.9000000000000001,,7.2
aveiro,2T2021,2021,2,2021-04-01,1296.3333333333333,6.8,7.167295045487638,0.011969815248503712,0.14080375476679374,41736.0,6933006.0,137.38675721914424,184.45016517694373,2.1933333333333334,512.35,22992.72,164176.4,2.866666666666667,,6.9
aveiro,3T2021,2021,3,2021-07-01,1344.3333333333333,6.733333333333333,7.203653506205258,0.037027513499614306,0.1363764440687516,43447.0,7345978.0,139.83759623515712,192.0118441259985,2.18,570.74,23563.46,164176.4,4.033333333333334,,6.300000000000001
aveiro,4T2021,2021,4,2021-10-01,1369.6666666666667,6.766666666666667,7.2223226802153,0.01884453260600072,0.11204330175913402,45885.0,8225207.0,148.2552976019511,202.7864632246517,2.1533333333333333,700.74,24264.2,164176.4,5.300000000000001,,6.300000000000001
aveiro,1T2022,2022,1,2022-01-01,1417.6666666666667,6.966666666666666,7.256767606585524,0.03504502311998059,0.10668748373666403,43544.0,8081797.0,153.50189341648706,192.44053077594492,2.3266666666666667,615.95,24880.15,175732.61,6.766666666666667,10764411.0,6.0
aveiro,2T2022,2022,2,2022-04-01,1501.3333333333333,6.933333333333334,7.314108881151417,0.05901716435457316,0.15813833890460272,43607.0,8287705.0,157.1853964180325,192.71895612591013,2.98,1047.15,25927.3,175732.61,8.666666666666666,10764411.0,5.9
aveiro,3T2022,2022,3,2022-07-01,1580.0,7.266666666666667,7.365180126021013,0.052397868561278926,0.17530374411108363,42223.0,8051492.0,157.71078703058802,186.6024373266747,3.2266666666666666,738.85,26666.15,175732.61,10.333333333333334,10764411.0,5.9
aveiro,4T2022,2022,4,2022-10-01,1641.6666666666667,7.966666666666666,7.4034672649380795,0.03902953586497904,0.1985884643465563,38526.0,7362219.0,158.04797371910158,170.26373067871702,3.9066666666666667,762.23,27428.38,175732.61,11.566666666666668,10764411.0,6.7
aveiro,1T2023,2023,1,2023-01-01,1660.6666666666667,8.266666666666667,7.414974407154016,0.011573604060913789,0.17140841758758518,34493.0,6857332.0,164.42139501587408,152.440088830945,4.003333333333333,850.7,28279.08,192753.71,,11067026.0,7.2
aveiro,2T2023,2023,2,2023-04-01,1665.6666666666667,8.166666666666666,7.417980722676095,0.003010839020473721,0.1094582593250446,33624.0,6904628.0,169.83415260390527,148.59958678142505,4.073333333333333,1030.38,29309.46,192753.71,,11067026.0,6.1000000000000005
aveiro,3T2023,2023,3,2023-07-01,1662.3333333333333,9.466666666666667,7.415977516878013,-0.0020012007204323057,0.05210970464135012,34256.0,7072380.0,170.75092220163313,151.39267918107592,3.9966666666666666,1140.31,30449.77,192753.71,,11067026.0,6.1000000000000005
aveiro,4T2023,2023,4,2023-10-01,1658.0,9.333333333333334,7.4133673356952405,-0.002606777621816714,0.00994923857868013,34126.0,7174277.0,173.87088910761483,150.81815068114773,3.966666666666667,853.13,31302.9,192753.71,,11067026.0,6.6000000000000005
aveiro,1T2024,2024,1,2024-01-01,1684.0,9.200000000000001,7.428927194802272,0.01568154402895061,0.014050582095543884,33077.0,6730533.0,168.28967248471187,146.18214763172722,3.813333333333333,664.25,31967.15,201383.75,,11295785.0,6.800000000000001
aveiro,2T2024,2024,2,2024-04-01,1713.6666666666667,9.700000000000001,7.446390603387395,0.01761678543151235,0.028817290374224536,37125.0,7876682.0,175.47327047702692,164.072081229491,3.8699999999999997,863.79,32830.94,201383.75,,11295785.0,6.2
aveiro,3T2024,2024,3,2024-07-01,1731.3333333333333,9.533333333333333,7.456647103554584,0.010309278350515427,0.041507920593543135,40909.0,9052016.0,183.003994750677,180.7952800274006,3.6733333333333333,962.02,33792.96,201383.75,,11295785.0,6.2
aveiro,4T2024,2024,4,2024-10-01,1772.6666666666667,9.633333333333333,7.480240283134855,0.023873700423565847,0.06915963007639725,45214.0,10173942.0,186.10174614443363,199.8210122750224,3.41,1048.07,34841.03,201383.75,,11295785.0,6.7
aveiro,1T2025,2025,1,2025-01-01,1825.3333333333333,9.6,7.5095178977402295,0.029710417450169224,0.08392715756136182,41358.0,9617638.0,192.3282226547581,182.77961307715256,3.4499999999999997,968.9,35809.93,213730.82,,11405627.0,6.6000000000000005
azores,1T2015,2015,1,2015-01-01,934.3333333333334,,6.839833262496678,,,21762.0,2662680.0,101.19388995618124,96.176070887978,,319.12,12554.79,125514.7,0.7000000000000001,10381838.0,14.8
azores,2T2015,2015,2,2015-04-01,951.6666666666666,,6.858214833422001,0.018551551908669195,,20614.0,2509888.0,100.69923957118108,91.10254228861218,,297.14,12851.93,125514.7,0.8333333333333334,10381838.0,11.2
azores,3T2015,2015,3,2015-07-01,930.6666666666666,,6.835901175214153,-0.022066549912434286,,22928.0,2697752.0,97.31280042246271,101.32914958733386,,319.68,13171.62,125514.7,1.1333333333333335,10381838.0,12.0
azores,4T2015,2015,4,2015-10-01,884.0,,6.784457062637643,-0.05014326647564471,,25205.0,3071762.0,100.79407005017497,111.39223723607596,,405.34,13576.96,125514.7,1.2000000000000002,10381838.0,12.5
azores,1T2016,2016,1,2016-01-01,884.5,,6.78502251359984,0.0005656108597285048,-0.05333571173742424,24926.0,3001077.0,99.57691524589762,110.1592106862301,,434.9,14011.86,127838.92,1.3666666666666665,10356516.0,12.2
azores,2T2016,2016,2,2016-04-01,867.611111111111,,6.7657435855916805,-0.019094277997613318,-0.08832457676590788,26890.0,3267885.0,100.5101875107177,118.83901048514512,,401.38,14413.24,127838.92,1.3666666666666665,10356516.0,11.0
azores,3T2016,2016,3,2016-07-01,862.3333333333334,,6.759641893517919,-0.006083114554651825,-0.07342406876790819,26675.0,3173236.0,98.38571929954205,117.8888287352639,,331.47,14744.71,127838.92,1.2000000000000002,10356516.0,10.6
azores,4T2016,2016,4,2016-10-01,848.6666666666666,,6.743666490449242,-0.01584847313490534,-0.039969834087481226,28999.0,3551512.0,101.2894901297318,128.15963053398005,,408.85,15153.56,127838.92,1.2000000000000002,10356516.0,10.3
azores,1T2017,2017,1,2017-01-01,872.0,,6.77078942390898,0.027494108405341722,-0.014132278123233477,29975.0,3800102.0,104.85042196590872,132.4730137334409,,489.78,15643.34,138586.19,1.2666666666666668,10340124.0,9.2
azores,2T2017,2017,2,2017-04-01,861.1666666666666,,6.758288059059129,-0.01242354740061169,-0.00742780303515389,31197.0,4021419.0,106.61065537213086,137.8735816327658,,370.69,16014.03,138586.19,1.3333333333333333,10340124.0,10.1
azores,3T2017,2017,3,2017-07-01,838.5833333333334,,6.731713960145333,-0.026224114573253243,-0.02754155392346347,32722.0,4258992.0,107.64679513938984,144.61324288192336,,384.08,16398.1,138586.19,1.5,10340124.0,8.200000000000001
azores,4T2017,2017,4,2017-10-01,856.0833333333334,,6.7523677234282635,0.02086852827188701,0.008739198743126453,35940.0,4898678.0,112.72881483438267,158.83503298014563,,440.43,16838.54,138586.19,1.7666666666666668,10340124.0,8.1
azores,1T2018,2018,1,2018-01-01,839.3333333333334,,6.732607925936183,-0.019565852234011527,-0.03746177370030579,34449.0,4755125.0,114.16144018167434,152.2456330309693,,495.45,17333.99,136252.87,1.8,10334633.0,8.9
azores,2T2018,2018,2,2018-04-01,855.9166666666666,,6.752173019377804,0.019757744241461372,-0.0060963808786529405,38730.0,5425227.0,115.8522674050557,171.16529847860434,,514.24,17848.23,136252.87,1.9000000000000001,10334633.0,8.1
azores,3T2018,2018,3,2018-07-01,916.3333333333334,,6.820380199497136,0.07058708986466766,0.09271588989366997,38964.0,5512302.0,117.00477583884005,172.19944977847507,,434.61,18282.84,136252.87,2.1333333333333333,10334633.0,8.6
azores,4T2018,2018,4,2018-10-01,892.0,,6.79346613258001,-0.02655511094943619,0.04195463837243252,39066.0,5414883.0,114.63685212246476,172.65023367841872,2.64,498.33,18781.17,136252.87,2.233333333333334,10334633.0,8.200000000000001
azores,1T2019,2019,1,2019-01-01,864.5,,6.7621513051233455,-0.030829596412556004,0.02998411437648918,36954.0,5261090.0,117.7466059092851,163.31635527958545,2.8666666666666667,445.76,19226.93,148342.92,2.366666666666667,10354446.0,8.3
azores,2T2019,2019,2,2019-04-01,835.5833333333334,7.0,6.728130083735925,-0.033449007133217634,-0.02375620679583279,36681.0,5414806.0,122.08880842455076,162.10984542973628,3.1566666666666667,415.35,19642.28,148342.92,2.466666666666667,10354446.0,8.0
azores,3T2019,2019,3,2019-07-01,840.5,6.3,6.7339969528486705,0.00588411289518298,-0.08275736631502373,39554.0,5800028.0,121.2757031962132,174.80692527814915,2.4133333333333336,418.47,20060.75,148342.92,2.4000000000000004,10354446.0,7.300000000000001
azores,4T2019,2019,4,2019-10-01,845.25,6.833333333333333,6.739632441587996,0.005651397977394446,-0.05241031390134532,41676.0,6136268.0,121.77339389322496,184.18499817697688,2.1866666666666665,490.46,20551.21,148342.92,2.4000000000000004,10354446.0,7.5
azores,1T2020,2020,1,2020-01-01,880.3333333333334,6.6,6.780300623629023,0.04150645765552596,0.01831501831501825,36399.0,5785538.0,131.4584231641285,160.86356052989206,2.21,468.51,21019.72,150377.77,2.533333333333333,10384846.0,7.1000000000000005
azores,2T2020,2020,2,2020-04-01,923.3333333333334,6.2,6.827990310513274,0.0488451344187808,0.10501645556996109,26379.0,4125502.0,129.34587844472952,116.5806715354274,2.21,274.49,21294.21,150377.77,2.2,10384846.0,4.7
azores,3T2020,2020,3,2020-07-01,931.6666666666666,6.8999999999999995,6.83697509692109,0.00902527075812265,0.10846718223279783,35596.0,5427603.0,126.10752326248976,157.31474218033566,2.08,352.27,21646.48,150377.77,2.1333333333333333,10384846.0,6.6000000000000005
azores,4T2020,2020,4,2020-10-01,928.9166666666666,6.933333333333334,6.834019032601623,-0.0029516994633274063,0.09898452134476976,39139.0,6098441.0,128.86744612614154,172.97285352837838,2.1266666666666665,488.87,22135.35,150377.77,2.1,10384846.0,5.4
azores,1T2021,2021,1,2021-01-01,959.5833333333334,7.7,6.866499162466785,0.03301336682515488,0.0900227186671716,34614.0,5595240.0,133.69065495381548,152.97484228087814,1.9566666666666668,345.02,22480.37,164176.4,1.9000000000000001,,6.5
azores,2T2021,2021,2,2021-04-01,956.3333333333334,7.333333333333333,6.863106527313255,-0.0033868866695614397,0.03574007220216613,41736.0,6933006.0,137.38675721914424,184.45016517694373,2.1933333333333334,512.35,22992.72,164176.4,2.866666666666667,,6.7
azores,3T2021,2021,3,2021-07-01,958.65,7.033333333333334,6.8655260447644,0.0024224468455906756,0.028962432915921266,43447.0,7345978.0,139.83759623515712,192.0118441259985,2.18,570.74,23563.46,164176.4,4.033333333333334,,6.7
azores,4T2021,2021,4,2021-10-01,1023.9499999999999,6.466666666666666,6.931422976282321,0.0681166223334897,0.10230555306360456,45885.0,8225207.0,148.2552976019511,202.7864632246517,2.1533333333333333,700.74,24264.2,164176.4,5.300000000000001,,8.1
azores,1T2022,2022,1,2022-01-01,1084.4222222222222,7.15,6.9888026100576806,0.05905778819495322,0.1300969749601968,43544.0,8081797.0,153.50189341648706,192.44053077594492,2.3266666666666667,615.95,24880.15,175732.61,6.766666666666667,10764411.0,6.5
azores,2T2022,2022,2,2022-04-01,1075.8555555555556,6.95,6.98087148966172,-0.007899752044099206,0.12497966771232716,43607.0,8287705.0,157.1853964180325,192.71895612591013,2.98,1047.15,25927.3,175732.61,8.666666666666666,10764411.0,6.2
azores,3T2022,2022,3,2022-07-01,1133.2222222222224,,7.032820377914299,0.0533219040143762,0.1821021459575678,42223.0,8051492.0,157.71078703058802,186.6024373266747,3.2266666666666666,738.85,26666.15,175732.61,10.333333333333334,10764411.0,6.1
azores,4T2022,2022,4,2022-10-01,1171.0777777777778,8.15,7.065679781355953,0.03340523580743193,0.14368648642783133,38526.0,7362219.0,158.04797371910158,170.26373067871702,3.9066666666666667,762.23,27428.38,175732.61,11.566666666666668,10764411.0,5.6
azores,1T2023,2023,1,2023-01-01,1268.177777777778,,7.145336328464386,0.08291507348406513,0.16945019365150937,34493.0,6857332.0,164.42139501587408,152.440088830945,4.003333333333333,850.7,28279.08,192753.71,,11067026.0,6.3
azores,2T2023,2023,2,2023-04-01,1231.1333333333334,8.9,7.115690433343663,-0.029210766103595742,0.14432957749388087,33624.0,6904628.0,169.83415260390527,148.59958678142505,4.073333333333333,1030.38,29309.46,192753.71,,11067026.0,6.7
azores,3T2023,2023,3,2023-07-01,1263.5333333333333,,7.14166730822409,0.026317214490713114,0.11499166584959286,34256.0,7072380.0,170.75092220163313,151.39267918107592,3.9966666666666666,1140.31,30449.77,192753.71,,11067026.0,6.0
azores,4T2023,2023,4,2023-10-01,1365.9444444444443,9.9,7.21960136905803,0.08105137269385665,0.16639942313348577,34126.0,7174277.0,173.87088910761483,150.81815068114773,3.966666666666667,853.13,31302.9,192753.71,,11067026.0,6.9
azores,1T2024,2024,1,2024-01-01,1405.8333333333333,8.766666666666666,7.248385525752013,0.029202424045227104,0.10854594518819627,33077.0,6730533.0,168.28967248471187,146.18214763172722,3.813333333333333,664.25,31967.15,201383.75,,11295785.0,6.7
azores,2T2024,2024,2,2024-04-01,1385.388888888889,,7.233736165409735,-0.0145425805176842,0.12529557228208876,37125.0,7876682.0,175.47327047702692,164.072081229491,3.8699999999999997,863.79,32830.94,201383.75,,11295785.0,5.5
azores,3T2024,2024,3,2024-07-01,1441.3333333333333,,7.273323890090989,0.040381762040341496,0.14071650925974777,40909.0,9052016.0,183.003994750677,180.7952800274006,3.6733333333333333,962.02,33792.96,201383.75,,11295785.0,4.9
azores,4T2024,2024,4,2024-10-01,1424.111111111111,9.899999999999999,7.261303116393605,-0.011948812827628719,0.042583479074307595,45214.0,10173942.0,186.10174614443363,199.8210122750224,3.41,1048.07,34841.03,201383.75,,11295785.0,5.4
azores,1T2025,2025,1,2025-01-01,1485.111111111111,10.466666666666667,7.303244870734796,0.04283373644378563,0.05639201738786803,41358.0,9617638.0,192.3282226547581,182.77961307715256,3.4499999999999997,968.9,35809.93,213730.82,,11405627.0,5.7
beja,1T2015,2015,1,2015-01-01,792.3333333333334,3.9,6.674982178692084,,,21762.0,2662680.0,101.19388995618124,96.176070887978,,319.12,12554.79,125514.7,0.7000000000000001,10381838.0,14.2
beja,2T2015,2015,2,2015-04-01,824.3333333333334,,6.714574978853307,0.040387042490534375,,20614.0,2509888.0,100.69923957118108,91.10254228861218,,297.14,12851.93,125514.7,0.8333333333333334,10381838.0,12.4
beja,3T2015,2015,3,2015-07-01,813.3333333333334,4.05,6.701141029619138,-0.013344116457743582,,22928.0,2697752.0,97.31280042246271,101.32914958733386,,319.68,13171.62,125514.7,1.1333333333333335,10381838.0,12.3
beja,4T2015,2015,4,2015-10-01,814.6666666666666,4.166666666666667,6.702779031623376,0.0016393442622950616,,25205.0,3071762.0,100.79407005017497,111.39223723607596,,405.34,13576.96,125514.7,1.2000000000000002,10381838.0,12.5
beja,1T2016,2016,1,2016-01-01,834.6666666666666,4.2,6.727032443551879,0.02454991816693952,0.0534286916281026,24926.0,3001077.0,99.57691524589762,110.1592106862301,,434.9,14011.86,127838.92,1.3666666666666665,10356516.0,12.8
beja,2T2016,2016,2,2016-04-01,824.3333333333334,4.133333333333333,6.714574978853307,-0.012380191693290632,0.0,26890.0,3267885.0,100.5101875107177,118.83901048514512,,401.38,14413.24,127838.92,1.3666666666666665,10356516.0,11.2
beja,3T2016,2016,3,2016-07-01,806.6666666666666,4.3,6.692910530482623,-0.02143145976546712,-0.00819672131147553,26675.0,3173236.0,98.38571929954205,117.8888287352639,,331.47,14744.71,127838.92,1.2000000000000002,10356516.0,10.9
beja,4T2016,2016,4,2016-10-01,783.6666666666666,4.166666666666667,6.66398375987196,-0.028512396694214903,-0.03805237315875609,28999.0,3551512.0,101.2894901297318,128.15963053398005,,408.85,15153.56,127838.92,1.2000000000000002,10356516.0,10.8
beja,1T2017,2017,1,2017-01-01,766.6666666666666,4.633333333333333,6.6420521132491315,-0.021692896639727732,-0.08146964856230032,29975.0,3800102.0,104.85042196590872,132.4730137334409,,489.78,15643.34,138586.19,1.2666666666666668,10340124.0,10.4
beja,2T2017,2017,2,2017-04-01,776.0,4.4,6.654152520183219,0.012173913043478368,-0.05863323898099482,31197.0,4021419.0,106.61065537213086,137.8735816327658,,370.69,16014.03,138586.19,1.3333333333333333,10340124.0,9.1
beja,3T2017,2017,3,2017-07-01,769.0,4.2,6.645090969505644,-0.009020618556700999,-0.04669421487603298,32722.0,4258992.0,107.64679513938984,144.61324288192336,,384.08,16398.1,138586.19,1.5,10340124.0,8.8
beja,4T2017,2017,4,2017-10-01,774.6666666666666,,6.6524328293036925,0.007368877329865686,-0.011484474691620616,35940.0,4898678.0,112.72881483438267,158.83503298014563,,440.43,16838.54,138586.19,1.7666666666666668,10340124.0,8.3
beja,1T2018,2018,1,2018-01-01,785.0,,6.665683717782408,0.013339070567986333,0.023913043478260843,34449.0,4755125.0,114.16144018167434,152.2456330309693,,495.45,17333.99,136252.87,1.8,10334633.0,8.0
beja,2T2018,2018,2,2018-04-01,803.6666666666666,,6.6891845895130615,0.023779193205944793,0.035652920962199186,38730.0,5425227.0,115.8522674050557,171.16529847860434,,514.24,17848.23,136252.87,1.9000000000000001,10334633.0,6.9
beja,3T2018,2018,3,2018-07-01,872.3333333333334,,6.771171613862037,0.08544172542513495,0.1343736454269615,38964.0,5512302.0,117.00477583884005,172.19944977847507,,434.61,18282.84,136252.87,2.1333333333333333,10334633.0,6.800000000000001
beja,4T2018,2018,4,2018-10-01,799.6666666666666,,6.684194974171585,-0.0833014902560184,0.03227194492254726,39066.0,5414883.0,114.63685212246476,172.65023367841872,2.64,498.33,18781.17,136252.87,2.233333333333334,10334633.0,6.7
beja,1T2019,2019,1,2019-01-01,792.6666666666666,,6.675402788582617,-0.008753647353063831,0.009766454352441611,36954.0,5261090.0,117.7466059092851,163.31635527958545,2.8666666666666667,445.76,19226.93,148342.92,2.366666666666667,10354446.0,6.9
beja,2T2019,2019,2,2019-04-01,786.3333333333334,,6.667380790739565,-0.007989907485281611,-0.021567814184985434,36681.0,5414806.0,122.08880842455076,162.10984542973628,3.1566666666666667,415.35,19642.28,148342.92,2.466666666666667,10354446.0,6.300000000000001
beja,3T2019,2019,3,2019-07-01,783.0,,6.663132695990803,-0.004239084357778755,-0.10240733664501345,39554.0,5800028.0,121.2757031962132,174.80692527814915,2.4133333333333336,418.47,20060.75,148342.92,2.4000000000000004,10354446.0,6.2
beja,4T2019,2019,4,2019-10-01,798.0,,6.682108597449809,0.019157088122605304,-0.002084201750729431,41676.0,6136268.0,121.77339389322496,184.18499817697688,2.1866666666666665,490.46,20551.21,148342.92,2.4000000000000004,10354446.0,6.800000000000001
beja,1T2020,2020,1,2020-01-01,795.3333333333334,,6.678761313989752,-0.003341687552213868,0.003364171572750374,36399.0,5785538.0,131.4584231641285,160.86356052989206,2.21,468.51,21019.72,150377.77,2.533333333333333,10384846.0,6.9
beja,2T2020,2020,2,2020-04-01,763.6666666666666,,6.638131393785386,-0.039815590947192,-0.0288257736328954,26379.0,4125502.0,129.34587844472952,116.5806715354274,2.21,274.49,21294.21,150377.77,2.2,10384846.0,5.7
beja,3T2020,2020,3,2020-07-01,779.0,,6.658011045870748,0.020078568310781364,-0.005108556832694733,35596.0,5427603.0,126.10752326248976,157.31474218033566,2.08,352.27,21646.48,150377.77,2.1333333333333333,10384846.0,8.200000000000001
beja,4T2020,2020,4,2020-10-01,771.6666666666666,,6.648552677852225,-0.00941377834830981,-0.03299916457811203,39139.0,6098441.0,128.86744612614154,172.97285352837838,2.1266666666666665,488.87,22135.35,150377.77,2.1,10384846.0,7.300000000000001
beja,1T2021,2021,1,2021-01-01,775.0,,6.652863029353347,0.004319654427645814,-0.025565800502933778,34614.0,5595240.0,133.69065495381548,152.97484228087814,1.9566666666666668,345.02,22480.37,164176.4,1.9000000000000001,,7.2
beja,2T2021,2021,2,2021-04-01,773.3333333333334,,6.650710175992246,-0.0021505376344085336,0.012658227848101333,41736.0,6933006.0,137.38675721914424,184.45016517694373,2.1933333333333334,512.35,22992.72,164176.4,2.866666666666667,,6.9
beja,3T2021,2021,3,2021-07-01,798.3333333333334,,6.682526221176906,0.032327586206896575,0.024818142918271446,43447.0,7345978.0,139.83759623515712,192.0118441259985,2.18,570.74,23563.46,164176.4,4.033333333333334,,6.300000000000001
beja,4T2021,2021,4,2021-10-01,823.0,,6.71295620067707,0.030897703549060518,0.06652267818574509,45885.0,8225207.0,148.2552976019511,202.7864632246517,2.1533333333333333,700.74,24264.2,164176.4,5.300000000000001,,6.300000000000001
beja,1T2022,2022,1,2022-01-01,834.6666666666666,,6.727032443551879,0.014175779667881638,0.07698924731182788,43544.0,8081797.0,153.50189341648706,192.44053077594492,2.3266666666666667,615.95,24880.15,175732.61,6.766666666666667,10764411.0,6.0
beja,2T2022,2022,2,2022-04-01,827.3333333333334,,6.7182076770964425,-0.0087859424920127,0.06982758620689644,43607.0,8287705.0,157.1853964180325,192.71895612591013,2.98,1047.15,25927.3,175732.61,8.666666666666666,10764411.0,5.9
beja,3T2022,2022,3,2022-07-01,867.0,,6.7650389767805414,0.047945205479452024,0.08601252609603338,42223.0,8051492.0,157.71078703058802,186.6024373266747,3.2266666666666666,738.85,26666.15,175732.61,10.333333333333334,10764411.0,5.9
beja,4T2022,2022,4,2022-10-01,931.0,,6.836259277277067,0.07381776239907722,0.13122721749696242,38526.0,7362219.0,158.04797371910158,170.26373067871702,3.9066666666666667,762.23,27428.38,175732.61,11.566666666666668,10764411.0,6.7
beja,1T2023,2023,1,2023-01-01,946.6666666666666,,6.852947042487142,0.016827783745076985,0.13418530351437696,34493.0,6857332.0,164.42139501587408,152.440088830945,4.003333333333333,850.7,28279.08,192753.71,,11067026.0,7.2
beja,2T2023,2023,2,2023-04-01,1005.0,8.0,6.912742820493176,0.06161971830985924,0.21474617244157934,33624.0,6904628.0,169.83415260390527,148.59958678142505,4.073333333333333,1030.38,29309.46,192753.71,,11067026.0,6.1000000000000005
beja,3T2023,2023,3,2023-07-01,1053.3333333333333,8.266666666666667,6.959715017912848,0.04809286898839127,0.2149173394848134,34256.0,7072380.0,170.75092220163313,151.39267918107592,3.9966666666666666,1140.31,30449.77,192753.71,,11067026.0,6.1000000000000005
beja,4T2023,2023,4,2023-10-01,1056.0,8.966666666666667,6.962243464266207,0.0025316455696202667,0.13426423200859294,34126.0,7174277.0,173.87088910761483,150.81815068114773,3.966666666666667,853.13,31302.9,192753.71,,11067026.0,6.6000000000000005
beja,1T2024,2024,1,2024-01-01,1068.3333333333333,9.4,6.97385508068666,0.011679292929292817,0.12852112676056326,33077.0,6730533.0,168.28967248471187,146.18214763172722,3.813333333333333,664.25,31967.15,201383.75,,11295785.0,6.800000000000001
beja,2T2024,2024,2,2024-04-01,1099.0,9.700000000000001,7.002155954403621,0.0287051482059284,0.09353233830845764,37125.0,7876682.0,175.47327047702692,164.072081229491,3.8699999999999997,863.79,32830.94,201383.75,,11295785.0,6.2
beja,3T2024,2024,3,2024-07-01,1122.6666666666667,9.200000000000001,7.023462086694107,0.021534728541098058,0.06582278481012671,40909.0,9052016.0,183.003994750677,180.7952800274006,3.6733333333333333,962.02,33792.96,201383.75,,11295785.0,6.2
beja,4T2024,2024,4,2024-10-01,1194.0,9.200000000000001,7.085064293952548,0.06353919239904982,0.13068181818181812,45214.0,10173942.0,186.10174614443363,199.8210122750224,3.41,1048.07,34841.03,201383.75,,11295785.0,6.7
beja,1T2025,2025,1,2025-01-01,1217.0,9.366666666666667,7.104144092987527,0.019262981574539317,0.13915756630265208,41358.0,9617638.0,192.3282226547581,182.77961307715256,3.4499999999999997,968.9,35809.93,213730.82,,11405627.0,6.6000000000000005
braga,1T2015,2015,1,2015-01-01,781.0,3.8,6.660575149839686,,,21762.0,2662680.0,101.19388995618124,96.176070887978,,319.12,12554.79,125514.7,0.7000000000000001,10381838.0,14.2
braga,2T2015,2015,2,2015-04-01,753.3333333333334,3.5,6.624507803598222,-0.035424669227486105,,20614.0,2509888.0,100.69923957118108,91.10254228861218,,297.14,12851.93,125514.7,0.8333333333333334,10381838.0,12.4
braga,3T2015,2015,3,2015-07-01,739.3333333333334,3.5666666666666664,6.605748879242203,-0.018584070796460184,,22928.0,2697752.0,97.31280042246271,101.32914958733386,,319.68,13171.62,125514.7,1.1333333333333335,10381838.0,12.3
braga,4T2015,2015,4,2015-10-01,740.3333333333334,3.5,6.6071005352263175,0.0013525698827772104,,25205.0,3071762.0,100.79407005017497,111.39223723607596,,405.34,13576.96,125514.7,1.2000000000000002,10381838.0,12.5
braga,1T2016,2016,1,2016-01-01,754.0,3.466666666666667,6.625392368007956,0.01846015308419635,-0.03457106274007682,24926.0,3001077.0,99.57691524589762,110.1592106862301,,434.9,14011.86,127838.92,1.3666666666666665,10356516.0,12.8
braga,2T2016,2016,2,2016-04-01,729.6666666666666,3.466666666666667,6.592587808854753,-0.032272325375773736,-0.03141592920353997,26890.0,3267885.0,100.5101875107177,118.83901048514512,,401.38,14413.24,127838.92,1.3666666666666665,10356516.0,11.2
braga,3T2016,2016,3,2016-07-01,739.3333333333334,3.6,6.605748879242203,0.013248058474189195,0.0,26675.0,3173236.0,98.38571929954205,117.8888287352639,,331.47,14744.71,127838.92,1.2000000000000002,10356516.0,10.9
braga,4T2016,2016,4,2016-10-01,737.6666666666666,4.8,6.60349205138294,-0.0022542831379622763,-0.0036019810895994153,28999.0,3551512.0,101.2894901297318,128.15963053398005,,408.85,15153.56,127838.92,1.2000000000000002,10356516.0,10.8
braga,1T2017,2017,1,2017-01-01,743.0,4.133333333333334,6.610696044717759,0.007230004518752775,-0.01458885941644561,29975.0,3800102.0,104.85042196590872,132.4730137334409,,489.78,15643.34,138586.19,1.2666666666666668,10340124.0,10.4
braga,2T2017,2017,2,2017-04-01,762.0,4.066666666666666,6.635946555686647,0.025572005383580176,0.04431247144814998,31197.0,4021419.0,106.61065537213086,137.8735816327658,,370.69,16014.03,138586.19,1.3333333333333333,10340124.0,9.1
braga,3T2017,2017,3,2017-07-01,775.0,4.3,6.652863029353347,0.017060367454068137,0.04824165915238954,32722.0,4258992.0,107.64679513938984,144.61324288192336,,384.08,16398.1,138586.19,1.5,10340124.0,8.8
braga,4T2017,2017,4,2017-10-01,791.6666666666666,4.333333333333333,6.674140427800632,0.021505376344086002,0.07320379575237235,35940.0,4898678.0,112.72881483438267,158.83503298014563,,440.43,16838.54,138586.19,1.7666666666666668,10340124.0,8.3
braga,1T2018,2018,1,2018-01-01,816.3333333333334,4.766666666666667,6.704822768284058,0.031157894736842273,0.09869896814715129,34449.0,4755125.0,114.16144018167434,152.2456330309693,,495.45,17333.99,136252.87,1.8,10334633.0,8.0
braga,2T2018,2018,2,2018-04-01,844.3333333333334,5.033333333333333,6.738547361333565,0.034299714169048645,0.10804899387576561,38730.0,5425227.0,115.8522674050557,171.16529847860434,,514.24,17848.23,136252.87,1.9000000000000001,10334633.0,6.9
braga,3T2018,2018,3,2018-07-01,909.6666666666666,5.400000000000001,6.813078232040229,0.07737860244769035,0.1737634408602151,38964.0,5512302.0,117.00477583884005,172.19944977847507,,434.61,18282.84,136252.87,2.1333333333333333,10334633.0,6.800000000000001
braga,4T2018,2018,4,2018-10-01,905.0,5.266666666666667,6.807934943699926,-0.005130084279955982,0.14315789473684215,39066.0,5414883.0,114.63685212246476,172.65023367841872,2.64,498.33,18781.17,136252.87,2.233333333333334,10334633.0,6.7
braga,1T2019,2019,1,2019-01-01,920.0,5.433333333333334,6.824373670043086,0.016574585635359185,0.1269906084115966,36954.0,5261090.0,117.7466059092851,163.31635527958545,2.8666666666666667,445.76,19226.93,148342.92,2.366666666666667,10354446.0,6.9
braga,2T2019,2019,2,2019-04-01,956.6666666666666,5.7,6.863455020085557,0.03985507246376807,0.13304382155546768,36681.0,5414806.0,122.08880842455076,162.10984542973628,3.1566666666666667,415.35,19642.28,148342.92,2.466666666666667,10354446.0,6.300000000000001
braga,3T2019,2019,3,2019-07-01,964.0,6.099999999999999,6.871091294610546,0.0076655052264809065,0.05972883840234533,39554.0,5800028.0,121.2757031962132,174.80692527814915,2.4133333333333336,418.47,20060.75,148342.92,2.4000000000000004,10354446.0,6.2
braga,4T2019,2019,4,2019-10-01,965.6666666666666,6.266666666666667,6.8728187091012405,0.0017289073305670755,0.06703499079189679,41676.0,6136268.0,121.77339389322496,184.18499817697688,2.1866666666666665,490.46,20551.21,148342.92,2.4000000000000004,10354446.0,6.800000000000001
braga,1T2020,2020,1,2020-01-01,990.3333333333334,6.433333333333334,6.898041586794498,0.025543665861235798,0.07644927536231894,36399.0,5785538.0,131.4584231641285,160.86356052989206,2.21,468.51,21019.72,150377.77,2.533333333333333,10384846.0,6.9
braga,2T2020,2020,2,2020-04-01,1016.0,6.3999999999999995,6.923628628138427,0.02591719959609562,0.06202090592334497,26379.0,4125502.0,129.34587844472952,116.5806715354274,2.21,274.49,21294.21,150377.77,2.2,10384846.0,5.7
braga,3T2020,2020,3,2020-07-01,1031.0,6.1000000000000005,6.93828448401696,0.014763779527559029,0.06950207468879666,35596.0,5427603.0,126.10752326248976,157.31474218033566,2.08,352.27,21646.48,150377.77,2.1333333333333333,10384846.0,8.200000000000001
braga,4T2020,2020,4,2020-10-01,1044.0,6.166666666666667,6.950814768442584,0.012609117361784605,0.08111839834311363,39139.0,6098441.0,128.86744612614154,172.97285352837838,2.1266666666666665,488.87,22135.35,150377.77,2.1,10384846.0,7.300000000000001
braga,1T2021,2021,1,2021-01-01,1091.3333333333333,6.033333333333334,6.99515546926297,0.04533844189016589,0.10198586334567472,34614.0,5595240.0,133.69065495381548,152.97484228087814,1.9566666666666668,345.02,22480.37,164176.4,1.9000000000000001,,7.2
braga,2T2021,2021,2,2021-04-01,1127.6666666666667,5.966666666666666,7.027905880112598,0.033292608430055104,0.10990813648293973,41736.0,6933006.0,137.38675721914424,184.45016517694373,2.1933333333333334,512.35,22992.72,164176.4,2.866666666666667,,6.9
braga,3T2021,2021,3,2021-07-01,1150.6666666666667,6.066666666666666,7.0480967635352085,0.020396098137747565,0.11606854186873594,43447.0,7345978.0,139.83759623515712,192.0118441259985,2.18,570.74,23563.46,164176.4,4.033333333333334,,6.300000000000001
braga,4T2021,2021,4,2021-10-01,1198.6666666666667,6.3,7.088965106923402,0.04171494785631524,0.14814814814814814,45885.0,8225207.0,148.2552976019511,202.7864632246517,2.1533333333333333,700.74,24264.2,164176.4,5.300000000000001,,6.300000000000001
braga,1T2022,2022,1,2022-01-01,1246.0,6.533333333333334,7.1276936993473985,0.03948832035595107,0.14172266340867457,43544.0,8081797.0,153.50189341648706,192.44053077594492,2.3266666666666667,615.95,24880.15,175732.61,6.766666666666667,10764411.0,6.0
braga,2T2022,2022,2,2022-04-01,1304.3333333333333,6.733333333333333,7.173447333542303,0.04681647940074907,0.15666568134791592,43607.0,8287705.0,157.1853964180325,192.71895612591013,2.98,1047.15,25927.3,175732.61,8.666666666666666,10764411.0,5.9
braga,3T2022,2022,3,2022-07-01,1373.6666666666667,7.033333333333334,7.2252388426707075,0.05315614617940212,0.1938006952491309,42223.0,8051492.0,157.71078703058802,186.6024373266747,3.2266666666666666,738.85,26666.15,175732.61,10.333333333333334,10764411.0,5.9
braga,4T2022,2022,4,2022-10-01,1400.3333333333333,7.233333333333333,7.244465582501272,0.01941276389225899,0.16824249165739702,38526.0,7362219.0,158.04797371910158,170.26373067871702,3.9066666666666667,762.23,27428.38,175732.61,11.566666666666668,10764411.0,6.7
braga,1T2023,2023,1,2023-01-01,1455.3333333333333,7.666666666666667,7.28299024844178,0.03927636277076885,0.16800428036383086,34493.0,6857332.0,164.42139501587408,152.440088830945,4.003333333333333,850.7,28279.08,192753.71,,11067026.0,7.2
braga,2T2023,2023,2,2023-04-01,1537.6666666666667,8.166666666666666,7.338021394889711,0.05657352267521776,0.17889087656529523,33624.0,6904628.0,169.83415260390527,148.59958678142505,4.073333333333333,1030.38,29309.46,192753.71,,11067026.0,6.1000000000000005
braga,3T2023,2023,3,2023-07-01,1510.6666666666667,8.733333333333334,7.320306333479787,-0.017559072187296798,0.0997330744964815,34256.0,7072380.0,170.75092220163313,151.39267918107592,3.9966666666666666,1140.31,30449.77,192753.71,,11067026.0,6.1000000000000005
braga,4T2023,2023,4,2023-10-01,1509.0,8.633333333333333,7.319202458767849,-0.0011032656663725326,0.07760057129254938,34126.0,7174277.0,173.87088910761483,150.81815068114773,3.966666666666667,853.13,31302.9,192753.71,,11067026.0,6.6000000000000005
braga,1T2024,2024,1,2024-01-01,1519.0,9.066666666666666,7.325807502595773,0.0066269052352552205,0.04374713696747601,33077.0,6730533.0,168.28967248471187,146.18214763172722,3.813333333333333,664.25,31967.15,201383.75,,11295785.0,6.800000000000001
braga,2T2024,2024,2,2024-04-01,1605.3333333333333,9.266666666666666,7.381086698320547,0.056835637480798784,0.04400606980273136,37125.0,7876682.0,175.47327047702692,164.072081229491,3.8699999999999997,863.79,32830.94,201383.75,,11295785.0,6.2
braga,3T2024,2024,3,2024-07-01,1626.6666666666667,9.266666666666666,7.394288210179083,0.013289036544850585,0.07678729037952348,40909.0,9052016.0,183.003994750677,180.7952800274006,3.6733333333333333,962.02,33792.96,201383.75,,11295785.0,6.2
braga,4T2024,2024,4,2024-10-01,1672.3333333333333,9.533333333333333,7.421975135816143,0.028073770491803263,0.10823945217583386,45214.0,10173942.0,186.10174614443363,199.8210122750224,3.41,1048.07,34841.03,201383.75,,11295785.0,6.7
braga,1T2025,2025,1,2025-01-01,1673.6666666666667,9.933333333333332,7.422772107366596,0.0007972892166634438,0.10182137371077471,41358.0,9617638.0,192.3282226547581,182.77961307715256,3.4499999999999997,968.9,35809.93,213730.82,,11405627.0,6.6000000000000005
braganca,1T2015,2015,1,2015-01-01,687.6666666666666,,6.5333042244031425,,,21762.0,2662680.0,101.19388995618124,96.176070887978,,319.12,12554.79,125514.7,0.7000000000000001,10381838.0,14.2
braganca,2T2015,2015,2,2015-04-01,694.0,,6.542471960506805,0.009209888511875874,,20614.0,2509888.0,100.69923957118108,91.10254228861218,,297.14,12851.93,125514.7,0.8333333333333334,10381838.0,12.4
braganca,3T2015,2015,3,2015-07-01,698.0,,6.548219102762372,0.0057636887608070175,,22928.0,2697752.0,97.31280042246271,101.32914958733386,,319.68,13171.62,125514.7,1.1333333333333335,10381838.0,12.3
braganca,4T2015,2015,4,2015-10-01,669.0,,6.505784060128229,-0.04154727793696278,,25205.0,3071762.0,100.79407005017497,111.39223723607596,,405.34,13576.96,125514.7,1.2000000000000002,10381838.0,12.5
braganca,1T2016,2016,1,2016-01-01,662.3333333333334,,6.495768953883707,-0.009965122072745358,-0.0368395540475035,24926.0,3001077.0,99.57691524589762,110.1592106862301,,434.9,14011.86,127838.92,1.3666666666666665,10356516.0,12.8
braganca,2T2016,2016,2,2016-04-01,679.0,,6.520621127558696,0.02516356316054358,-0.021613832853025983,26890.0,3267885.0,100.5101875107177,118.83901048514512,,401.38,14413.24,127838.92,1.3666666666666665,10356516.0,11.2
braganca,3T2016,2016,3,2016-07-01,685.3333333333334,,6.529905337906946,0.009327442317133006,-0.018147086914995225,26675.0,3173236.0,98.38571929954205,117.8888287352639,,331.47,14744.71,127838.92,1.2000000000000002,10356516.0,10.9
braganca,4T2016,2016,4,2016-10-01,684.6666666666666,,6.528932101820394,-0.0009727626459145045,0.023418036870951564,28999.0,3551512.0,101.2894901297318,128.15963053398005,,408.85,15153.56,127838.92,1.2000000000000002,10356516.0,10.8
braganca,1T2017,2017,1,2017-01-01,698.0,,6.548219102762372,0.019474196689386547,0.05385002516356319,29975.0,3800102.0,104.85042196590872,132.4730137334409,,489.78,15643.34,138586.19,1.2666666666666668,10340124.0,10.4
braganca,2T2017,2017,2,2017-04-01,694.0,,6.542471960506805,-0.005730659025787954,0.022091310751104487,31197.0,4021419.0,106.61065537213086,137.8735816327658,,370.69,16014.03,138586.19,1.3333333333333333,10340124.0,9.1
braganca,3T2017,2017,3,2017-07-01,677.6666666666666,,6.518655524960237,-0.023535062439961618,-0.011186770428015635,32722.0,4258992.0,107.64679513938984,144.61324288192336,,384.08,16398.1,138586.19,1.5,10340124.0,8.8
braganca,4T2017,2017,4,2017-10-01,668.3333333333334,,6.50478705107256,-0.013772749631086989,-0.02385589094449847,35940.0,4898678.0,112.72881483438267,158.83503298014563,,440.43,16838.54,138586.19,1.7666666666666668,10340124.0,8.3
braganca,1T2018,2018,1,2018-01-01,674.3333333333334,,6.513724548499636,0.008977556109725615,-0.0339063992359121,34449.0,4755125.0,114.16144018167434,152.2456330309693,,495.45,17333.99,136252.87,1.8,10334633.0,8.0
braganca,2T2018,2018,2,2018-04-01,675.3333333333334,,6.515206396140519,0.0014829461196244065,-0.026897214217098897,38730.0,5425227.0,115.8522674050557,171.16529847860434,,514.24,17848.23,136252.87,1.9000000000000001,10334633.0,6.9
braganca,3T2018,2018,3,2018-07-01,692.3333333333334,,6.540067535208003,0.025172754195458946,0.021642892277422554,38964.0,5512302.0,117.00477583884005,172.19944977847507,,434.61,18282.84,136252.87,2.1333333333333333,10334633.0,6.800000000000001
braganca,4T2018,2018,4,2018-10-01,693.0,,6.541029999189903,0.000962927298988836,0.03690773067331654,39066.0,5414883.0,114.63685212246476,172.65023367841872,2.64,498.33,18781.17,136252.87,2.233333333333334,10334633.0,6.7
braganca,1T2019,2019,1,2019-01-01,701.6666666666666,,6.553458457448372,0.012506012506012354,0.04053386060306474,36954.0,5261090.0,117.7466059092851,163.31635527958545,2.8666666666666667,445.76,19226.93,148342.92,2.366666666666667,10354446.0,6.9
braganca,2T2019,2019,2,2019-04-01,725.0,,6.586171654854675,0.03325415676959631,0.07354392892398809,36681.0,5414806.0,122.08880842455076,162.10984542973628,3.1566666666666667,415.35,19642.28,148342.92,2.466666666666667,10354446.0,6.300000000000001
braganca,3T2019,2019,3,2019-07-01,732.6666666666666,,6.5966908462954565,0.010574712643678152,0.05825710158883002,39554.0,5800028.0,121.2757031962132,174.80692527814915,2.4133333333333336,418.47,20060.75,148342.92,2.4000000000000004,10354446.0,6.2
braganca,4T2019,2019,4,2019-10-01,738.3333333333334,,6.604395393811126,0.007734303912648066,0.06541606541606537,41676.0,6136268.0,121.77339389322496,184.18499817697688,2.1866666666666665,490.46,20551.21,148342.92,2.4000000000000004,10354446.0,6.800000000000001
braganca,1T2020,2020,1,2020-01-01,739.0,,6.6052979209482015,0.0009029345372459918,0.05320665083135401,36399.0,5785538.0,131.4584231641285,160.86356052989206,2.21,468.51,21019.72,150377.77,2.533333333333333,10384846.0,6.9
braganca,2T2020,2020,2,2020-04-01,748.3333333333334,,6.617848511508245,0.012629679747406364,0.03218390804597715,26379.0,4125502.0,129.34587844472952,116.5806715354274,2.21,274.49,21294.21,150377.77,2.2,10384846.0,5.7
braganca,3T2020,2020,3,2020-07-01,779.6666666666666,,6.658866477916069,0.041870824053451994,0.06414922656960864,35596.0,5427603.0,126.10752326248976,157.31474218033566,2.08,352.27,21646.48,150377.77,2.1333333333333333,10384846.0,8.200000000000001
braganca,4T2020,2020,4,2020-10-01,763.0,,6.637258031284457,-0.021376656690893503,0.033408577878103696,39139.0,6098441.0,128.86744612614154,172.97285352837838,2.1266666666666665,488.87,22135.35,150377.77,2.1,10384846.0,7.300000000000001
braganca,1T2021,2021,1,2021-01-01,774.3333333333334,,6.652002444102299,0.01485364788117094,0.04781235904375292,34614.0,5595240.0,133.69065495381548,152.97484228087814,1.9566666666666668,345.02,22480.37,164176.4,1.9000000000000001,,7.2
braganca,2T2021,2021,2,2021-04-01,749.0,,6.618738983517219,-0.03271631510977191,0.0008908685968818109,41736.0,6933006.0,137.38675721914424,184.45016517694373,2.1933333333333334,512.35,22992.72,164176.4,2.866666666666667,,6.9
braganca,3T2021,2021,3,2021-07-01,749.3333333333334,,6.6191839223454725,0.00044503782821547766,-0.03890551517742613,43447.0,7345978.0,139.83759623515712,192.0118441259985,2.18,570.74,23563.46,164176.4,4.033333333333334,,6.300000000000001
braganca,4T2021,2021,4,2021-10-01,770.3333333333334,,6.646823321606271,0.028024911032028532,0.009611183923110556,45885.0,8225207.0,148.2552976019511,202.7864632246517,2.1533333333333333,700.74,24264.2,164176.4,5.300000000000001,,6.300000000000001
braganca,1T2022,2022,1,2022-01-01,775.3333333333334,,6.6532930444105,0.006490696668109086,0.001291433491175109,43544.0,8081797.0,153.50189341648706,192.44053077594492,2.3266666666666667,615.95,24880.15,175732.61,6.766666666666667,10764411.0,6.0
braganca,2T2022,2022,2,2022-04-01,787.3333333333334,,6.668651708089198,0.015477214101461634,0.05117935024477083,43607.0,8287705.0,157.1853964180325,192.71895612591013,2.98,1047.15,25927.3,175732.61,8.666666666666666,10764411.0,5.9
braganca,3T2022,2022,3,2022-07-01,815.0,,6.703188113240863,0.03513971210838274,0.08763345195729522,42223.0,8051492.0,157.71078703058802,186.6024373266747,3.2266666666666666,738.85,26666.15,175732.61,10.333333333333334,10764411.0,5.9
braganca,4T2022,2022,4,2022-10-01,863.3333333333334,,6.760800866025474,0.059304703476482645,0.1207269580268282,38526.0,7362219.0,158.04797371910158,170.26373067871702,3.9066666666666667,762.23,27428.38,175732.61,11.566666666666668,10764411.0,6.7
braganca,1T2023,2023,1,2023-01-01,862.6666666666666,,6.760028366952682,-0.0007722007722008595,0.112639724849527,34493.0,6857332.0,164.42139501587408,152.440088830945,4.003333333333333,850.7,28279.08,192753.71,,11067026.0,7.2
braganca,2T2023,2023,2,2023-04-01,877.0,,6.776506992372183,0.016615146831530092,0.11388653683319205,33624.0,6904628.0,169.83415260390527,148.59958678142505,4.073333333333333,1030.38,29309.46,192753.71,,11067026.0,6.1000000000000005
braganca,3T2023,2023,3,2023-07-01,858.6666666666666,,6.755380798556135,-0.020904599011782654,0.053578732106339455,34256.0,7072380.0,170.75092220163313,151.39267918107592,3.9966666666666666,1140.31,30449.77,192753.71,,11067026.0,6.1000000000000005
braganca,4T2023,2023,4,2023-10-01,870.3333333333334,,6.768876280031019,0.013586956521739246,0.008108108108108025,34126.0,7174277.0,173.87088910761483,150.81815068114773,3.966666666666667,853.13,31302.9,192753.71,,11067026.0,6.6000000000000005
braganca,1T2024,2024,1,2024-01-01,868.3333333333334,,6.766575665519357,-0.0022979701263883268,0.006568778979907375,33077.0,6730533.0,168.28967248471187,146.18214763172722,3.813333333333333,664.25,31967.15,201383.75,,11295785.0,6.800000000000001
braganca,2T2024,2024,2,2024-04-01,882.0,,6.782192056006791,0.015738963531669814,0.005701254275940704,37125.0,7876682.0,175.47327047702692,164.072081229491,3.8699999999999997,863.79,32830.94,201383.75,,11295785.0,6.2
braganca,3T2024,2024,3,2024-07-01,900.0,,6.802394763324311,0.020408163265306145,0.04813664596273304,40909.0,9052016.0,183.003994750677,180.7952800274006,3.6733333333333333,962.02,33792.96,201383.75,,11295785.0,6.2
braganca,4T2024,2024,4,2024-10-01,927.3333333333334,,6.832313083815278,0.03037037037037038,0.06549214860206809,45214.0,10173942.0,186.10174614443363,199.8210122750224,3.41,1048.07,34841.03,201383.75,,11295785.0,6.7
braganca,1T2025,2025,1,2025-01-01,904.3333333333334,,6.807198023990822,-0.024802300503235064,0.04145873320537419,41358.0,9617638.0,192.3282226547581,182.77961307715256,3.4499999999999997,968.9,35809.93,213730.82,,11405627.0,6.6000000000000005
castelo-branco,1T2015,2015,1,2015-01-01,738.3333333333334,3.5,6.604395393811126,,,21762.0,2662680.0,101.19388995618124,96.176070887978,,319.12,12554.79,125514.7,0.7000000000000001,10381838.0,14.2
castelo-branco,2T2015,2015,2,2015-04-01,733.3333333333334,3.6,6.597600350678298,-0.006772009029345383,,20614.0,2509888.0,100.69923957118108,91.10254228861218,,297.14,12851.93,125514.7,0.8333333333333334,10381838.0,12.4
castelo-branco,3T2015,2015,3,2015-07-01,733.3333333333334,3.4,6.597600350678298,0.0,,22928.0,2697752.0,97.31280042246271,101.32914958733386,,319.68,13171.62,125514.7,1.1333333333333335,10381838.0,12.3
castelo-branco,4T2015,2015,4,2015-10-01,721.0,3.1,6.580639137284949,-0.016818181818181843,,25205.0,3071762.0,100.79407005017497,111.39223723607596,,405.34,13576.96,125514.7,1.2000000000000002,10381838.0,12.5
castelo-branco,1T2016,2016,1,2016-01-01,685.0,3.1666666666666665,6.529418838262226,-0.04993065187239942,-0.07223476297968401,24926.0,3001077.0,99.57691524589762,110.1592106862301,,434.9,14011.86,127838.92,1.3666666666666665,10356516.0,12.8
castelo-branco,2T2016,2016,2,2016-04-01,679.0,3.6,6.520621127558696,-0.008759124087591275,-0.0740909090909091,26890.0,3267885.0,100.5101875107177,118.83901048514512,,401.38,14413.24,127838.92,1.3666666666666665,10356516.0,11.2
castelo-branco,3T2016,2016,3,2016-07-01,699.6666666666666,3.733333333333333,6.550604031152523,0.03043691703485507,-0.04590909090909101,26675.0,3173236.0,98.38571929954205,117.8888287352639,,331.47,14744.71,127838.92,1.2000000000000002,10356516.0,10.9
castelo-branco,4T2016,2016,4,2016-10-01,683.3333333333334,3.733333333333333,6.526982783464344,-0.02334444973797034,-0.052242256125751174,28999.0,3551512.0,101.2894901297318,128.15963053398005,,408.85,15153.56,127838.92,1.2000000000000002,10356516.0,10.8
castelo-branco,1T2017,2017,1,2017-01-01,677.6666666666666,3.9,6.518655524960237,-0.008292682926829387,-0.010705596107056015,29975.0,3800102.0,104.85042196590872,132.4730137334409,,489.78,15643.34,138586.19,1.2666666666666668,10340124.0,10.4
castelo-branco,2T2017,2017,2,2017-04-01,681.0,3.733333333333333,6.523562306149512,0.004918839153959631,0.002945508100147265,31197.0,4021419.0,106.61065537213086,137.8735816327658,,370.69,16014.03,138586.19,1.3333333333333333,10340124.0,9.1
castelo-branco,3T2017,2017,3,2017-07-01,679.0,3.766666666666667,6.520621127558696,-0.002936857562408246,-0.02953787517865647,32722.0,4258992.0,107.64679513938984,144.61324288192336,,384.08,16398.1,138586.19,1.5,10340124.0,8.8
castelo-branco,4T2017,2017,4,2017-10-01,671.0,3.6333333333333333,6.508769136971682,-0.01178203240058906,-0.018048780487804894,35940.0,4898678.0,112.72881483438267,158.83503298014563,,440.43,16838.54,138586.19,1.7666666666666668,10340124.0,8.3
castelo-branco,1T2018,2018,1,2018-01-01,673.3333333333334,3.733333333333333,6.512240501727141,0.003477396920019915,-0.0063944909001474315,34449.0,4755125.0,114.16144018167434,152.2456330309693,,495.45,17333.99,136252.87,1.8,10334633.0,8.0
castelo-branco,2T2018,2018,2,2018-04-01,659.6666666666666,3.6666666666666665,6.491734656934456,-0.020297029702970426,-0.03132648066568777,38730.0,5425227.0,115.8522674050557,171.16529847860434,,514.24,17848.23,136252.87,1.9000000000000001,10334633.0,6.9
castelo-branco,3T2018,2018,3,2018-07-01,680.6666666666666,3.966666666666667,6.523072710056501,0.03183425972713483,0.002454590083456054,38964.0,5512302.0,117.00477583884005,172.19944977847507,,434.61,18282.84,136252.87,2.1333333333333333,10334633.0,6.800000000000001
castelo-branco,4T2018,2018,4,2018-10-01,660.6666666666666,3.733333333333333,6.493249426221824,-0.02938295788442702,-0.015399900645802322,39066.0,5414883.0,114.63685212246476,172.65023367841872,2.64,498.33,18781.17,136252.87,2.233333333333334,10334633.0,6.7
castelo-branco,1T2019,2019,1,2019-01-01,678.6666666666666,3.766666666666667,6.520130089002303,0.02724520686175591,0.007920792079207706,36954.0,5261090.0,117.7466059092851,163.31635527958545,2.8666666666666667,445.76,19226.93,148342.92,2.366666666666667,10354446.0,6.9
castelo-branco,2T2019,2019,2,2019-04-01,680.0,4.066666666666666,6.522092798170152,0.0019646365422396617,0.030823648307225948,36681.0,5414806.0,122.08880842455076,162.10984542973628,3.1566666666666667,415.35,19642.28,148342.92,2.466666666666667,10354446.0,6.300000000000001
castelo-branco,3T2019,2019,3,2019-07-01,681.3333333333334,5.066666666666666,6.524051662655485,0.0019607843137254832,0.0009794319294809117,39554.0,5800028.0,121.2757031962132,174.80692527814915,2.4133333333333336,418.47,20060.75,148342.92,2.4000000000000004,10354446.0,6.2
castelo-branco,4T2019,2019,4,2019-10-01,689.0,5.3,6.535241271013659,0.011252446183952935,0.04288597376387493,41676.0,6136268.0,121.77339389322496,184.18499817697688,2.1866666666666665,490.46,20551.21,148342.92,2.4000000000000004,10354446.0,6.800000000000001
castelo-branco,1T2020,2020,1,2020-01-01,688.6666666666666,4.6000000000000005,6.534757361011474,-0.0004837929366231508,0.014734774066797574,36399.0,5785538.0,131.4584231641285,160.86356052989206,2.21,468.51,21019.72,150377.77,2.533333333333333,10384846.0,6.9
castelo-branco,2T2020,2020,2,2020-04-01,688.6666666666666,4.8,6.534757361011474,0.0,0.012745098039215641,26379.0,4125502.0,129.34587844472952,116.5806715354274,2.21,274.49,21294.21,150377.77,2.2,10384846.0,5.7
castelo-branco,3T2020,2020,3,2020-07-01,693.6666666666666,4.933333333333334,6.541991537725525,0.007260406582768608,0.018101761252446114,35596.0,5427603.0,126.10752326248976,157.31474218033566,2.08,352.27,21646.48,150377.77,2.1333333333333333,10384846.0,8.200000000000001
castelo-branco,4T2020,2020,4,2020-10-01,685.3333333333334,4.8,6.529905337906946,-0.01201345506967788,-0.005321722302854326,39139.0,6098441.0,128.86744612614154,172.97285352837838,2.1266666666666665,488.87,22135.35,150377.77,2.1,10384846.0,7.300000000000001
castelo-branco,1T2021,2021,1,2021-01-01,703.6666666666666,4.8,6.556304759180211,0.02675097276264582,0.021781219748305825,34614.0,5595240.0,133.69065495381548,152.97484228087814,1.9566666666666668,345.02,22480.37,164176.4,1.9000000000000001,,7.2
castelo-branco,2T2021,2021,2,2021-04-01,713.0,4.966666666666667,6.569481420414296,0.013263855992420748,0.03533397870280752,41736.0,6933006.0,137.38675721914424,184.45016517694373,2.1933333333333334,512.35,22992.72,164176.4,2.866666666666667,,6.9
castelo-branco,3T2021,2021,3,2021-07-01,727.3333333333334,5.466666666666666,6.589384877724907,0.02010285179990645,0.04853435848149945,43447.0,7345978.0,139.83759623515712,192.0118441259985,2.18,570.74,23563.46,164176.4,4.033333333333334,,6.300000000000001
castelo-branco,4T2021,2021,4,2021-10-01,720.6666666666666,5.866666666666667,6.5801767095310435,-0.00916590284142993,0.05155642023346285,45885.0,8225207.0,148.2552976019511,202.7864632246517,2.1533333333333333,700.74,24264.2,164176.4,5.300000000000001,,6.300000000000001
castelo-branco,1T2022,2022,1,2022-01-01,706.6666666666666,5.666666666666667,6.560559078997948,-0.01942645698427381,0.00426338228327805,43544.0,8081797.0,153.50189341648706,192.44053077594492,2.3266666666666667,615.95,24880.15,175732.61,6.766666666666667,10764411.0,6.0
castelo-branco,2T2022,2022,2,2022-04-01,700.6666666666666,5.433333333333334,6.552032262768787,-0.008490566037735903,-0.01729780271154746,43607.0,8287705.0,157.1853964180325,192.71895612591013,2.98,1047.15,25927.3,175732.61,8.666666666666666,10764411.0,5.9
castelo-branco,3T2022,2022,3,2022-07-01,719.3333333333334,6.133333333333333,6.57832485714997,0.026641294005709026,-0.010999083409715893,42223.0,8051492.0,157.71078703058802,186.6024373266747,3.2266666666666666,738.85,26666.15,175732.61,10.333333333333334,10764411.0,5.9
castelo-branco,4T2022,2022,4,2022-10-01,713.3333333333334,5.866666666666667,6.569948819347788,-0.008341056533827662,-0.010175763182238562,38526.0,7362219.0,158.04797371910158,170.26373067871702,3.9066666666666667,762.23,27428.38,175732.61,11.566666666666668,10764411.0,6.7
castelo-branco,1T2023,2023,1,2023-01-01,744.0,6.2,6.612041034833092,0.042990654205607326,0.05283018867924527,34493.0,6857332.0,164.42139501587408,152.440088830945,4.003333333333333,850.7,28279.08,192753.71,,11067026.0,7.2
castelo-branco,2T2023,2023,2,2023-04-01,775.0,6.366666666666667,6.652863029353347,0.04166666666666674,0.1060894386298763,33624.0,6904628.0,169.83415260390527,148.59958678142505,4.073333333333333,1030.38,29309.46,192753.71,,11067026.0,6.1000000000000005
castelo-branco,3T2023,2023,3,2023-07-01,765.6666666666666,6.6000000000000005,6.640746914020989,-0.01204301075268821,0.06441149212233532,34256.0,7072380.0,170.75092220163313,151.39267918107592,3.9966666666666666,1140.31,30449.77,192753.71,,11067026.0,6.1000000000000005
castelo-branco,4T2023,2023,4,2023-10-01,833.0,7.033333333333334,6.725033642166843,0.08794079233783192,0.1677570093457943,34126.0,7174277.0,173.87088910761483,150.81815068114773,3.966666666666667,853.13,31302.9,192753.71,,11067026.0,6.6000000000000005
castelo-branco,1T2024,2024,1,2024-01-01,877.6666666666666,6.8999999999999995,6.7772668708282,0.05362144857943174,0.17965949820788518,33077.0,6730533.0,168.28967248471187,146.18214763172722,3.813333333333333,664.25,31967.15,201383.75,,11295785.0,6.800000000000001
castelo-branco,2T2024,2024,2,2024-04-01,852.6666666666666,7.1000000000000005,6.748368693470678,-0.028484618306114706,0.10021505376344075,37125.0,7876682.0,175.47327047702692,164.072081229491,3.8699999999999997,863.79,32830.94,201383.75,,11295785.0,6.2
castelo-branco,3T2024,2024,3,2024-07-01,853.6666666666666,6.866666666666667,6.749540797531416,0.0011727912431587217,0.11493252067914672,40909.0,9052016.0,183.003994750677,180.7952800274006,3.6733333333333333,962.02,33792.96,201383.75,,11295785.0,6.2
castelo-branco,4T2024,2024,4,2024-10-01,877.3333333333334,7.133333333333333,6.776887003777098,0.027723545490043078,0.053221288515406195,45214.0,10173942.0,186.10174614443363,199.8210122750224,3.41,1048.07,34841.03,201383.75,,11295785.0,6.7
castelo-branco,1T2025,2025,1,2025-01-01,907.0,7.266666666666667,6.810142450115136,0.03381458966565343,0.033421952145841205,41358.0,9617638.0,192.3282226547581,182.77961307715256,3.4499999999999997,968.9,35809.93,213730.82,,11405627.0,6.6000000000000005
coimbra,1T2015,2015,1,2015-01-01,941.3333333333334,4.5,6.847297309945023,,,21762.0,2662680.0,101.19388995618124,96.176070887978,,319.12,12554.79,125514.7,0.7000000000000001,10381838.0,14.2
coimbra,2T2015,2015,2,2015-04-01,983.6666666666666,4.433333333333334,6.89128708627483,0.044971671388101875,,20614.0,2509888.0,100.69923957118108,91.10254228861218,,297.14,12851.93,125514.7,0.8333333333333334,10381838.0,12.4
coimbra,3T2015,2015,3,2015-07-01,1059.6666666666667,4.466666666666667,6.965709672242693,0.07726194510335493,,22928.0,2697752.0,97.31280042246271,101.32914958733386,,319.68,13171.62,125514.7,1.1333333333333335,10381838.0,12.3
coimbra,4T2015,2015,4,2015-10-01,1116.0,4.533333333333333,7.017506142941256,0.05316137150047173,,25205.0,3071762.0,100.79407005017497,111.39223723607596,,405.34,13576.96,125514.7,1.2000000000000002,10381838.0,12.5
coimbra,1T2016,2016,1,2016-01-01,1072.0,4.566666666666666,6.977281341630747,-0.03942652329749108,0.13881019830028318,24926.0,3001077.0,99.57691524589762,110.1592106862301,,434.9,14011.86,127838.92,1.3666666666666665,10356516.0,12.8
coimbra,2T2016,2016,2,2016-04-01,1061.6666666666667,4.5,6.967595279338154,-0.009639303482587014,0.0792951541850222,26890.0,3267885.0,100.5101875107177,118.83901048514512,,401.38,14413.24,127838.92,1.3666666666666665,10356516.0,11.2
coimbra,3T2016,2016,3,2016-07-01,1049.6666666666667,4.833333333333333,6.956227932432915,-0.011302982731554168,-0.009436929852154718,26675.0,3173236.0,98.38571929954205,117.8888287352639,,331.47,14744.71,127838.92,1.2000000000000002,10356516.0,10.9
coimbra,4T2016,2016,4,2016-10-01,1009.6666666666666,5.233333333333333,6.917375522359127,-0.038107335662115105,-0.09528076463560342,28999.0,3551512.0,101.2894901297318,128.15963053398005,,408.85,15153.56,127838.92,1.2000000000000002,10356516.0,10.8
coimbra,1T2017,2017,1,2017-01-01,984.3333333333334,5.3,6.891964593075813,-0.025090789039286854,-0.08177860696517414,29975.0,3800102.0,104.85042196590872,132.4730137334409,,489.78,15643.34,138586.19,1.2666666666666668,10340124.0,10.4
coimbra,2T2017,2017,2,2017-04-01,980.6666666666666,5.2,6.888232612493273,-0.0037250253979005388,-0.07629513343799066,31197.0,4021419.0,106.61065537213086,137.8735816327658,,370.69,16014.03,138586.19,1.3333333333333333,10340124.0,9.1
coimbra,3T2017,2017,3,2017-07-01,995.0,5.066666666666666,6.902742737158593,0.014615907545887152,-0.05208002540489054,32722.0,4258992.0,107.64679513938984,144.61324288192336,,384.08,16398.1,138586.19,1.5,10340124.0,8.8
coimbra,4T2017,2017,4,2017-10-01,1003.6666666666666,5.133333333333333,6.911415239813624,0.008710217755443894,-0.005942555298778518,35940.0,4898678.0,112.72881483438267,158.83503298014563,,440.43,16838.54,138586.19,1.7666666666666668,10340124.0,8.3
coimbra,1T2018,2018,1,2018-01-01,1006.3333333333334,5.233333333333333,6.914068641038729,0.0026569246097642996,0.022350152387402566,34449.0,4755125.0,114.16144018167434,152.2456330309693,,495.45,17333.99,136252.87,1.8,10334633.0,8.0
coimbra,2T2018,2018,2,2018-04-01,989.0,5.3999999999999995,6.8966943316227125,-0.01722424643921827,0.008497620666213512,38730.0,5425227.0,115.8522674050557,171.16529847860434,,514.24,17848.23,136252.87,1.9000000000000001,10334633.0,6.9
coimbra,3T2018,2018,3,2018-07-01,1020.6666666666666,5.633333333333333,6.928211287549519,0.03201887428378836,0.025795644891122294,38964.0,5512302.0,117.00477583884005,172.19944977847507,,434.61,18282.84,136252.87,2.1333333333333333,10334633.0,6.800000000000001
coimbra,4T2018,2018,4,2018-10-01,982.3333333333334,5.666666666666667,6.8899306940695855,-0.037557152188112286,-0.02125539687811351,39066.0,5414883.0,114.63685212246476,172.65023367841872,2.64,498.33,18781.17,136252.87,2.233333333333334,10334633.0,6.7
coimbra,1T2019,2019,1,2019-01-01,1005.0,5.7,6.912742820493176,0.023074312860536184,-0.0013249420337860807,36954.0,5261090.0,117.7466059092851,163.31635527958545,2.8666666666666667,445.76,19226.93,148342.92,2.366666666666667,10354446.0,6.9
coimbra,2T2019,2019,2,2019-04-01,1019.6666666666666,5.8999999999999995,6.927231055482793,0.014593698175787706,0.03100775193798455,36681.0,5414806.0,122.08880842455076,162.10984542973628,3.1566666666666667,415.35,19642.28,148342.92,2.466666666666667,10354446.0,6.300000000000001
coimbra,3T2019,2019,3,2019-07-01,1043.6666666666667,5.833333333333333,6.950495432658296,0.023537103628636924,0.022534291312867438,39554.0,5800028.0,121.2757031962132,174.80692527814915,2.4133333333333336,418.47,20060.75,148342.92,2.4000000000000004,10354446.0,6.2
coimbra,4T2019,2019,4,2019-10-01,1062.0,5.8999999999999995,6.967909201801884,0.017566272756307733,0.08109942314217844,41676.0,6136268.0,121.77339389322496,184.18499817697688,2.1866666666666665,490.46,20551.21,148342.92,2.4000000000000004,10354446.0,6.800000000000001
coimbra,1T2020,2020,1,2020-01-01,1089.6666666666667,6.5,6.993627118056101,0.026051475204017738,0.08424543946932017,36399.0,5785538.0,131.4584231641285,160.86356052989206,2.21,468.51,21019.72,150377.77,2.533333333333333,10384846.0,6.9
coimbra,2T2020,2020,2,2020-04-01,1109.6666666666667,6.7,7.011814948906915,0.01835423676965431,0.08826413860738813,26379.0,4125502.0,129.34587844472952,116.5806715354274,2.21,274.49,21294.21,150377.77,2.2,10384846.0,5.7
coimbra,3T2020,2020,3,2020-07-01,1144.6666666666667,6.533333333333334,7.042868752789311,0.031541003304295545,0.09677419354838701,35596.0,5427603.0,126.10752326248976,157.31474218033566,2.08,352.27,21646.48,150377.77,2.1333333333333333,10384846.0,8.200000000000001
coimbra,4T2020,2020,4,2020-10-01,1181.0,6.599999999999999,7.074116816197362,0.031741409435060985,0.11205273069679844,39139.0,6098441.0,128.86744612614154,172.97285352837838,2.1266666666666665,488.87,22135.35,150377.77,2.1,10384846.0,7.300000000000001
coimbra,1T2021,2021,1,2021-01-01,1197.6666666666667,6.766666666666667,7.088130498445409,0.014112334180073516,0.09911287855613327,34614.0,5595240.0,133.69065495381548,152.97484228087814,1.9566666666666668,345.02,22480.37,164176.4,1.9000000000000001,,7.2
coimbra,2T2021,2021,2,2021-04-01,1200.3333333333333,7.0,7.090354574980766,0.0022265516281656517,0.08170621808350842,41736.0,6933006.0,137.38675721914424,184.45016517694373,2.1933333333333334,512.35,22992.72,164176.4,2.866666666666667,,6.9
coimbra,3T2021,2021,3,2021-07-01,1185.3333333333333,7.033333333333334,7.077779307965685,-0.012496528742016122,0.03552708211997646,43447.0,7345978.0,139.83759623515712,192.0118441259985,2.18,570.74,23563.46,164176.4,4.033333333333334,,6.300000000000001
coimbra,4T2021,2021,4,2021-10-01,1189.3333333333333,6.8999999999999995,7.08114820503179,0.003374578177727683,0.007056167090036647,45885.0,8225207.0,148.2552976019511,202.7864632246517,2.1533333333333333,700.74,24264.2,164176.4,5.300000000000001,,6.300000000000001
coimbra,1T2022,2022,1,2022-01-01,1202.3333333333333,7.266666666666667,7.0920193922354295,0.010930493273542563,0.0038964653492901125,43544.0,8081797.0,153.50189341648706,192.44053077594492,2.3266666666666667,615.95,24880.15,175732.61,6.766666666666667,10764411.0,6.0
coimbra,2T2022,2022,2,2022-04-01,1205.0,7.2,7.094234845924755,0.0022179096201830895,0.0038878089419607242,43607.0,8287705.0,157.1853964180325,192.71895612591013,2.98,1047.15,25927.3,175732.61,8.666666666666666,10764411.0,5.9
coimbra,3T2022,2022,3,2022-07-01,1205.6666666666667,7.466666666666666,7.094787943283988,0.0005532503457814641,0.017154105736783,42223.0,8051492.0,157.71078703058802,186.6024373266747,3.2266666666666666,738.85,26666.15,175732.61,10.333333333333334,10764411.0,5.9
coimbra,4T2022,2022,4,2022-10-01,1285.6666666666667,7.8,7.159032669540118,0.06635333149018519,0.08099775784753382,38526.0,7362219.0,158.04797371910158,170.26373067871702,3.9066666666666667,762.23,27428.38,175732.61,11.566666666666668,10764411.0,6.7
coimbra,1T2023,2023,1,2023-01-01,1293.0,7.833333333333333,7.164720378771857,0.005703914959813261,0.07540892708622127,34493.0,6857332.0,164.42139501587408,152.440088830945,4.003333333333333,850.7,28279.08,192753.71,,11067026.0,7.2
coimbra,2T2023,2023,2,2023-04-01,1381.3333333333333,8.799999999999999,7.230804495271209,0.068316576437226,0.1463347164591977,33624.0,6904628.0,169.83415260390527,148.59958678142505,4.073333333333333,1030.38,29309.46,192753.71,,11067026.0,6.1000000000000005
coimbra,3T2023,2023,3,2023-07-01,1378.3333333333333,9.566666666666666,7.228630318789682,-0.002171814671814709,0.1432126071329829,34256.0,7072380.0,170.75092220163313,151.39267918107592,3.9966666666666666,1140.31,30449.77,192753.71,,11067026.0,6.1000000000000005
coimbra,4T2023,2023,4,2023-10-01,1375.3333333333333,9.5,7.226451404963087,-0.002176541717049618,0.06974332382680837,34126.0,7174277.0,173.87088910761483,150.81815068114773,3.966666666666667,853.13,31302.9,192753.71,,11067026.0,6.6000000000000005
coimbra,1T2024,2024,1,2024-01-01,1404.6666666666667,10.1,7.247555305696025,0.02132816286960737,0.0863624645527199,33077.0,6730533.0,168.28967248471187,146.18214763172722,3.813333333333333,664.25,31967.15,201383.75,,11295785.0,6.800000000000001
coimbra,2T2024,2024,2,2024-04-01,1394.3333333333333,10.5,7.240171682774089,-0.007356430944470915,0.009411196911196962,37125.0,7876682.0,175.47327047702692,164.072081229491,3.8699999999999997,863.79,32830.94,201383.75,,11295785.0,6.2
coimbra,3T2024,2024,3,2024-07-01,1438.6666666666667,10.633333333333333,7.271472037709915,0.031795362180253584,0.04377267230955262,40909.0,9052016.0,183.003994750677,180.7952800274006,3.6733333333333333,962.02,33792.96,201383.75,,11295785.0,6.2
coimbra,4T2024,2024,4,2024-10-01,1494.0,10.433333333333334,7.309212365692763,0.038461538461538325,0.08628211342704795,45214.0,10173942.0,186.10174614443363,199.8210122750224,3.41,1048.07,34841.03,201383.75,,11295785.0,6.7
coimbra,1T2025,2025,1,2025-01-01,1487.0,10.466666666666667,7.304515946460155,-0.004685408299866078,0.0586141433317513,41358.0,9617638.0,192.3282226547581,182.77961307715256,3.4499999999999997,968.9,35809.93,213730.82,,11405627.0,6.6000000000000005
evora,1T2015,2015,1,2015-01-01,844.0,,6.738152494595957,,,21762.0,2662680.0,101.19388995618124,96.176070887978,,319.12,12554.79,125514.7,0.7000000000000001,10381838.0,14.2
evora,2T2015,2015,2,2015-04-01,822.3333333333334,,6.712145827861247,-0.025671406003159536,,20614.0,2509888.0,100.69923957118108,91.10254228861218,,297.14,12851.93,125514.7,0.8333333333333334,10381838.0,12.4
evora,3T2015,2015,3,2015-07-01,840.0,5.066666666666666,6.733401891837359,0.021483583299554132,,22928.0,2697752.0,97.31280042246271,101.32914958733386,,319.68,13171.62,125514.7,1.1333333333333335,10381838.0,12.3
evora,4T2015,2015,4,2015-10-01,885.0,5.6000000000000005,6.785587645007929,0.0535714285714286,,25205.0,3071762.0,100.79407005017497,111.39223723607596,,405.34,13576.96,125514.7,1.2000000000000002,10381838.0,12.5
evora,1T2016,2016,1,2016-01-01,909.3333333333334,5.3999999999999995,6.812711730295243,0.027495291902071672,0.07740916271721954,24926.0,3001077.0,99.57691524589762,110.1592106862301,,434.9,14011.86,127838.92,1.3666666666666665,10356516.0,12.8
evora,2T2016,2016,2,2016-04-01,887.0,4.7,6.787844982309579,-0.024560117302052875,0.07863802188893398,26890.0,3267885.0,100.5101875107177,118.83901048514512,,401.38,14413.24,127838.92,1.3666666666666665,10356516.0,11.2
evora,3T2016,2016,3,2016-07-01,884.3333333333334,4.5,6.78483406546963,-0.003006388575723329,0.05277777777777781,26675.0,3173236.0,98.38571929954205,117.8888287352639,,331.47,14744.71,127838.92,1.2000000000000002,10356516.0,10.9
evora,4T2016,2016,4,2016-10-01,891.6666666666666,4.966666666666667,6.793092370661997,0.008292499057670488,0.007532956685498915,28999.0,3551512.0,101.2894901297318,128.15963053398005,,408.85,15153.56,127838.92,1.2000000000000002,10356516.0,10.8
evora,1T2017,2017,1,2017-01-01,908.3333333333334,5.033333333333333,6.8116114184292345,0.01869158878504673,-0.0010997067448680342,29975.0,3800102.0,104.85042196590872,132.4730137334409,,489.78,15643.34,138586.19,1.2666666666666668,10340124.0,10.4
evora,2T2017,2017,2,2017-04-01,874.3333333333334,4.966666666666666,6.773461691198764,-0.037431192660550505,-0.014280345734686173,31197.0,4021419.0,106.61065537213086,137.8735816327658,,370.69,16014.03,138586.19,1.3333333333333333,10340124.0,9.1
evora,3T2017,2017,3,2017-07-01,869.0,5.166666666666667,6.767343125265392,-0.006099885627144586,-0.017338861666038485,32722.0,4258992.0,107.64679513938984,144.61324288192336,,384.08,16398.1,138586.19,1.5,10340124.0,8.8
evora,4T2017,2017,4,2017-10-01,890.6666666666666,5.266666666666667,6.791970245988427,0.024932873034138714,-0.0011214953271028172,35940.0,4898678.0,112.72881483438267,158.83503298014563,,440.43,16838.54,138586.19,1.7666666666666668,10340124.0,8.3
evora,1T2018,2018,1,2018-01-01,888.6666666666666,5.366666666666667,6.7897222120705445,-0.002245508982035904,-0.021651376146789025,34449.0,4755125.0,114.16144018167434,152.2456330309693,,495.45,17333.99,136252.87,1.8,10334633.0,8.0
evora,2T2018,2018,2,2018-04-01,863.6666666666666,5.45,6.761186891894,-0.028132033008252066,-0.01219977125428906,38730.0,5425227.0,115.8522674050557,171.16529847860434,,514.24,17848.23,136252.87,1.9000000000000001,10334633.0,6.9
evora,3T2018,2018,3,2018-07-01,930.3333333333334,,6.835542944868212,0.07719027402547285,0.07057920981971622,38964.0,5512302.0,117.00477583884005,172.19944977847507,,434.61,18282.84,136252.87,2.1333333333333333,10334633.0,6.800000000000001
evora,4T2018,2018,4,2018-10-01,854.0,5.65,6.74993119378857,-0.08204944464349695,-0.04116766467065869,39066.0,5414883.0,114.63685212246476,172.65023367841872,2.64,498.33,18781.17,136252.87,2.233333333333334,10334633.0,6.7
evora,1T2019,2019,1,2019-01-01,846.0,,6.740519359606223,-0.00936768149882905,-0.04801200300075015,36954.0,5261090.0,117.7466059092851,163.31635527958545,2.8666666666666667,445.76,19226.93,148342.92,2.366666666666667,10354446.0,6.9
evora,2T2019,2019,2,2019-04-01,864.6666666666666,5.45,6.762344076208279,0.022064617809298692,0.0011578541103820505,36681.0,5414806.0,122.08880842455076,162.10984542973628,3.1566666666666667,415.35,19642.28,148342.92,2.466666666666667,10354446.0,6.300000000000001
evora,3T2019,2019,3,2019-07-01,852.6666666666666,6.566666666666666,6.748368693470678,-0.013878180416345365,-0.08348262271587248,39554.0,5800028.0,121.2757031962132,174.80692527814915,2.4133333333333336,418.47,20060.75,148342.92,2.4000000000000004,10354446.0,6.2
evora,4T2019,2019,4,2019-10-01,848.0,6.9,6.742880635791903,-0.005473025801407294,-0.007025761124121788,41676.0,6136268.0,121.77339389322496,184.18499817697688,2.1866666666666665,490.46,20551.21,148342.92,2.4000000000000004,10354446.0,6.800000000000001
evora,1T2020,2020,1,2020-01-01,898.3333333333334,8.2,6.800541194674988,0.0593553459119498,0.061859732072498064,36399.0,5785538.0,131.4584231641285,160.86356052989206,2.21,468.51,21019.72,150377.77,2.533333333333333,10384846.0,6.9
evora,2T2020,2020,2,2020-04-01,881.6666666666666,7.1,6.78181405562429,-0.01855287569573294,0.01966075558982272,26379.0,4125502.0,129.34587844472952,116.5806715354274,2.21,274.49,21294.21,150377.77,2.2,10384846.0,5.7
evora,3T2020,2020,3,2020-07-01,867.3333333333334,7.333333333333333,6.765423370404341,-0.01625708884688082,0.01720093823299451,35596.0,5427603.0,126.10752326248976,157.31474218033566,2.08,352.27,21646.48,150377.77,2.1333333333333333,10384846.0,8.200000000000001
evora,4T2020,2020,4,2020-10-01,871.0,7.133333333333333,6.769641976852503,0.004227517294388861,0.027122641509433887,39139.0,6098441.0,128.86744612614154,172.97285352837838,2.1266666666666665,488.87,22135.35,150377.77,2.1,10384846.0,7.300000000000001
evora,1T2021,2021,1,2021-01-01,878.3333333333334,,6.778026172307353,0.008419441255262283,-0.02226345083487935,34614.0,5595240.0,133.69065495381548,152.97484228087814,1.9566666666666668,345.02,22480.37,164176.4,1.9000000000000001,,7.2
evora,2T2021,2021,2,2021-04-01,930.3333333333334,7.633333333333333,6.835542944868212,0.05920303605313082,0.055198487712665445,41736.0,6933006.0,137.38675721914424,184.45016517694373,2.1933333333333334,512.35,22992.72,164176.4,2.866666666666667,,6.9
evora,3T2021,2021,3,2021-07-01,986.3333333333334,7.866666666666666,6.8939943637321,0.06019347903977068,0.1372021521906226,43447.0,7345978.0,139.83759623515712,192.0118441259985,2.18,570.74,23563.46,164176.4,4.033333333333334,,6.300000000000001
evora,4T2021,2021,4,2021-10-01,1045.0,7.85,6.951772164398911,0.059479553903345694,0.19977037887485638,45885.0,8225207.0,148.2552976019511,202.7864632246517,2.1533333333333333,700.74,24264.2,164176.4,5.300000000000001,,6.300000000000001
evora,1T2022,2022,1,2022-01-01,1058.0,,6.964135612418245,0.012440191387559807,0.20455407969639472,43544.0,8081797.0,153.50189341648706,192.44053077594492,2.3266666666666667,615.95,24880.15,175732.61,6.766666666666667,10764411.0,6.0
evora,2T2022,2022,2,2022-04-01,1054.6666666666667,8.5,6.960980040219435,-0.003150598613736566,0.13364385524901468,43607.0,8287705.0,157.1853964180325,192.71895612591013,2.98,1047.15,25927.3,175732.61,8.666666666666666,10764411.0,5.9
evora,3T2022,2022,3,2022-07-01,1074.3333333333333,,6.979455593147328,0.01864728192161813,0.08921933085501843,42223.0,8051492.0,157.71078703058802,186.6024373266747,3.2266666666666666,738.85,26666.15,175732.61,10.333333333333334,10764411.0,5.9
evora,4T2022,2022,4,2022-10-01,1195.0,8.966666666666667,7.085901464365611,0.11231771641327959,0.1435406698564594,38526.0,7362219.0,158.04797371910158,170.26373067871702,3.9066666666666667,762.23,27428.38,175732.61,11.566666666666668,10764411.0,6.7
evora,1T2023,2023,1,2023-01-01,1447.0,9.1,7.277247726631484,0.21087866108786613,0.36767485822306245,34493.0,6857332.0,164.42139501587408,152.440088830945,4.003333333333333,850.7,28279.08,192753.71,,11067026.0,7.2
evora,2T2023,2023,2,2023-04-01,1404.0,9.5,7.247080584585756,-0.029716655148583238,0.3312262958280656,33624.0,6904628.0,169.83415260390527,148.59958678142505,4.073333333333333,1030.38,29309.46,192753.71,,11067026.0,6.1000000000000005
evora,3T2023,2023,3,2023-07-01,1357.3333333333333,10.766666666666666,7.213277269562249,-0.033238366571699984,0.2634191746819734,34256.0,7072380.0,170.75092220163313,151.39267918107592,3.9966666666666666,1140.31,30449.77,192753.71,,11067026.0,6.1000000000000005
evora,4T2023,2023,4,2023-10-01,1290.6666666666667,10.466666666666667,7.162914159728358,-0.049115913555991986,0.08005578800557878,34126.0,7174277.0,173.87088910761483,150.81815068114773,3.966666666666667,853.13,31302.9,192753.71,,11067026.0,6.6000000000000005
evora,1T2024,2024,1,2024-01-01,1254.6666666666667,10.066666666666668,7.134625212037161,-0.02789256198347112,-0.13291868233126003,33077.0,6730533.0,168.28967248471187,146.18214763172722,3.813333333333333,664.25,31967.15,201383.75,,11295785.0,6.800000000000001
evora,2T2024,2024,2,2024-04-01,1289.0,9.933333333333332,7.161622002939187,0.027364505844845954,-0.08190883190883191,37125.0,7876682.0,175.47327047702692,164.072081229491,3.8699999999999997,863.79,32830.94,201383.75,,11295785.0,6.2
evora,3T2024,2024,3,2024-07-01,1336.6666666666667,10.333333333333334,7.197934231632505,0.03697957072666158,-0.015225933202357433,40909.0,9052016.0,183.003994750677,180.7952800274006,3.6733333333333333,962.02,33792.96,201383.75,,11295785.0,6.2
evora,4T2024,2024,4,2024-10-01,1418.6666666666667,10.466666666666667,7.257472742353371,0.06134663341645874,0.09917355371900816,45214.0,10173942.0,186.10174614443363,199.8210122750224,3.41,1048.07,34841.03,201383.75,,11295785.0,6.7
evora,1T2025,2025,1,2025-01-01,1473.6666666666667,11.033333333333333,7.295508905158133,0.03876879699248126,0.1745483528161531,41358.0,9617638.0,192.3282226547581,182.77961307715256,3.4499999999999997,968.9,35809.93,213730.82,,11405627.0,6.6000000000000005
faro,1T2015,2015,1,2015-01-01,1397.3333333333333,4.8,7.242320937332768,,,21762.0,2662680.0,101.19388995618124,96.176070887978,,319.12,12554.79,125514.7,0.7000000000000001,10381838.0,14.2
faro,2T2015,2015,2,2015-04-01,1421.3333333333333,5.133333333333334,7.25935067717757,0.01717557251908408,,20614.0,2509888.0,100.69923957118108,91.10254228861218,,297.14,12851.93,125514.7,0.8333333333333334,10381838.0,12.4
faro,3T2015,2015,3,2015-07-01,1474.3333333333333,5.466666666666666,7.295961189200217,0.03728893058161353,,22928.0,2697752.0,97.31280042246271,101.32914958733386,,319.68,13171.62,125514.7,1.1333333333333335,10381838.0,12.3
faro,4T2015,2015,4,2015-10-01,1465.3333333333333,5.3,7.289838026855402,-0.006104453990504188,,25205.0,3071762.0,100.79407005017497,111.39223723607596,,405.34,13576.96,125514.7,1.2000000000000002,10381838.0,12.5
faro,1T2016,2016,1,2016-01-01,1455.6666666666667,5.5,7.283219264817451,-0.006596906278434789,0.04174618320610701,24926.0,3001077.0,99.57691524589762,110.1592106862301,,434.9,14011.86,127838.92,1.3666666666666665,10356516.0,12.8
faro,2T2016,2016,2,2016-04-01,1471.6666666666667,5.7,7.294150824369951,0.010991527364323295,0.03541275797373378,26890.0,3267885.0,100.5101875107177,118.83901048514512,,401.38,14413.24,127838.92,1.3666666666666665,10356516.0,11.2
faro,3T2016,2016,3,2016-07-01,1501.0,6.166666666666667,7.313886831633462,0.019932049830124532,0.018087271082975365,26675.0,3173236.0,98.38571929954205,117.8888287352639,,331.47,14744.71,127838.92,1.2000000000000002,10356516.0,10.9
faro,4T2016,2016,4,2016-10-01,1534.0,6.033333333333334,7.335633981927201,0.021985343104596877,0.046860782529572376,28999.0,3551512.0,101.2894901297318,128.15963053398005,,408.85,15153.56,127838.92,1.2000000000000002,10356516.0,10.8
faro,1T2017,2017,1,2017-01-01,1594.6666666666667,6.5,7.374420006962358,0.039548022598870025,0.09548889397755889,29975.0,3800102.0,104.85042196590872,132.4730137334409,,489.78,15643.34,138586.19,1.2666666666666668,10340124.0,10.4
faro,2T2017,2017,2,2017-04-01,1647.6666666666667,6.833333333333333,7.4071154246388495,0.03323578595317733,0.11959229898074741,31197.0,4021419.0,106.61065537213086,137.8735816327658,,370.69,16014.03,138586.19,1.3333333333333333,10340124.0,9.1
faro,3T2017,2017,3,2017-07-01,1722.3333333333333,7.1000000000000005,7.451435239619075,0.045316609346550685,0.1474572507217411,32722.0,4258992.0,107.64679513938984,144.61324288192336,,384.08,16398.1,138586.19,1.5,10340124.0,8.8
faro,4T2017,2017,4,2017-10-01,1775.0,7.166666666666667,7.4815557019095165,0.030578672343719804,0.15710560625814862,35940.0,4898678.0,112.72881483438267,158.83503298014563,,440.43,16838.54,138586.19,1.7666666666666668,10340124.0,8.3
faro,1T2018,2018,1,2018-01-01,1813.0,7.866666666666667,7.502738210754851,0.021408450704225368,0.13691471571906355,34449.0,4755125.0,114.16144018167434,152.2456330309693,,495.45,17333.99,136252.87,1.8,10334633.0,8.0
faro,2T2018,2018,2,2018-04-01,1894.0,8.233333333333333,7.546446273746024,0.044677330391616144,0.14950434958527214,38730.0,5425227.0,115.8522674050557,171.16529847860434,,514.24,17848.23,136252.87,1.9000000000000001,10334633.0,6.9
faro,3T2018,2018,3,2018-07-01,1966.6666666666667,8.466666666666667,7.5840953412257015,0.03836677226328766,0.14186181536675058,38964.0,5512302.0,117.00477583884005,172.19944977847507,,434.61,18282.84,136252.87,2.1333333333333333,10334633.0,6.800000000000001
faro,4T2018,2018,4,2018-10-01,2029.0,8.266666666666667,7.615298339825815,0.03169491525423718,0.14309859154929572,39066.0,5414883.0,114.63685212246476,172.65023367841872,2.64,498.33,18781.17,136252.87,2.233333333333334,10334633.0,6.7
faro,1T2019,2019,1,2019-01-01,2044.3333333333333,8.799999999999999,7.622827016957874,0.007557088877936602,0.12759698473984193,36954.0,5261090.0,117.7466059092851,163.31635527958545,2.8666666666666667,445.76,19226.93,148342.92,2.366666666666667,10354446.0,6.9
faro,2T2019,2019,2,2019-04-01,2100.3333333333335,9.033333333333333,7.649851341273946,0.027392793086580935,0.10894051390355508,36681.0,5414806.0,122.08880842455076,162.10984542973628,3.1566666666666667,415.35,19642.28,148342.92,2.466666666666667,10354446.0,6.300000000000001
faro,3T2019,2019,3,2019-07-01,2153.0,9.466666666666667,7.674617497364363,0.02507538485954597,0.09474576271186441,39554.0,5800028.0,121.2757031962132,174.80692527814915,2.4133333333333336,418.47,20060.75,148342.92,2.4000000000000004,10354446.0,6.2
faro,4T2019,2019,4,2019-10-01,2177.6666666666665,9.1,7.686009246172641,0.011456881870258506,0.07327090520781976,41676.0,6136268.0,121.77339389322496,184.18499817697688,2.1866666666666665,490.46,20551.21,148342.92,2.4000000000000004,10354446.0,6.800000000000001
faro,1T2020,2020,1,2020-01-01,2222.0,9.266666666666666,7.706162970199576,0.020358181539874565,0.0869068971139737,36399.0,5785538.0,131.4584231641285,160.86356052989206,2.21,468.51,21019.72,150377.77,2.533333333333333,10384846.0,6.9
faro,2T2020,2020,2,2020-04-01,2279.3333333333335,9.633333333333333,7.731638281531137,0.025802580258025953,0.08522456752896357,26379.0,4125502.0,129.34587844472952,116.5806715354274,2.21,274.49,21294.21,150377.77,2.2,10384846.0,5.7
faro,3T2020,2020,3,2020-07-01,2308.3333333333335,9.733333333333334,7.7442810423874295,0.012723018426440413,0.07214739123703362,35596.0,5427603.0,126.10752326248976,157.31474218033566,2.08,352.27,21646.48,150377.77,2.1333333333333333,10384846.0,8.200000000000001
faro,4T2020,2020,4,2020-10-01,2337.0,9.200000000000001,7.756623334538858,0.012418772563176805,0.07316699831624063,39139.0,6098441.0,128.86744612614154,172.97285352837838,2.1266666666666665,488.87,22135.35,150377.77,2.1,10384846.0,7.300000000000001
faro,1T2021,2021,1,2021-01-01,2356.0,9.0,7.764720544771477,0.008130081300812941,0.06030603060306028,34614.0,5595240.0,133.69065495381548,152.97484228087814,1.9566666666666668,345.02,22480.37,164176.4,1.9000000000000001,,7.2
faro,2T2021,2021,2,2021-04-01,2380.0,9.233333333333333,7.77485576666552,0.01018675721561979,0.04416496051477026,41736.0,6933006.0,137.38675721914424,184.45016517694373,2.1933333333333334,512.35,22992.72,164176.4,2.866666666666667,,6.9
faro,3T2021,2021,3,2021-07-01,2469.0,9.666666666666666,7.81156848934518,0.037394957983193367,0.06960288808664261,43447.0,7345978.0,139.83759623515712,192.0118441259985,2.18,570.74,23563.46,164176.4,4.033333333333334,,6.300000000000001
faro,4T2021,2021,4,2021-10-01,2562.3333333333335,9.766666666666667,7.848673580681022,0.037802079114351406,0.09641991156753682,45885.0,8225207.0,148.2552976019511,202.7864632246517,2.1533333333333333,700.74,24264.2,164176.4,5.300000000000001,,6.300000000000001
faro,1T2022,2022,1,2022-01-01,2636.0,9.9,7.877017895622398,0.02874983738779746,0.11884550084889645,43544.0,8081797.0,153.50189341648706,192.44053077594492,2.3266666666666667,615.95,24880.15,175732.61,6.766666666666667,10764411.0,6.0
faro,2T2022,2022,2,2022-04-01,2729.0,10.966666666666667,7.911690520708339,0.035280728376327675,0.1466386554621848,43607.0,8287705.0,157.1853964180325,192.71895612591013,2.98,1047.15,25927.3,175732.61,8.666666666666666,10764411.0,5.9
faro,3T2022,2022,3,2022-07-01,2839.0,11.466666666666667,7.951207156472972,0.04030780505679732,0.14985824220332122,42223.0,8051492.0,157.71078703058802,186.6024373266747,3.2266666666666666,738.85,26666.15,175732.61,10.333333333333334,10764411.0,5.9
faro,4T2022,2022,4,2022-10-01,2995.6666666666665,11.1,8.004922078990264,0.05518375014676513,0.16911669051645628,38526.0,7362219.0,158.04797371910158,170.26373067871702,3.9066666666666667,762.23,27428.38,175732.61,11.566666666666668,10764411.0,6.7
faro,1T2023,2023,1,2023-01-01,3062.6666666666665,11.666666666666666,8.02704127514088,0.022365639256704206,0.161861406170966,34493.0,6857332.0,164.42139501587408,152.440088830945,4.003333333333333,850.7,28279.08,192753.71,,11067026.0,7.2
faro,2T2023,2023,2,2023-04-01,3116.6666666666665,12.5,8.044519333614623,0.01763169351327809,0.14205447660925863,33624.0,6904628.0,169.83415260390527,148.59958678142505,4.073333333333333,1030.38,29309.46,192753.71,,11067026.0,6.1000000000000005
faro,3T2023,2023,3,2023-07-01,3171.3333333333335,13.633333333333333,8.061907388324117,0.017540106951871692,0.11705999765175545,34256.0,7072380.0,170.75092220163313,151.39267918107592,3.9966666666666666,1140.31,30449.77,192753.71,,11067026.0,6.1000000000000005
faro,4T2023,2023,4,2023-10-01,3222.0,13.166666666666666,8.07775756373692,0.015976455749421747,0.07555357738956281,34126.0,7174277.0,173.87088910761483,150.81815068114773,3.966666666666667,853.13,31302.9,192753.71,,11067026.0,6.6000000000000005
faro,1T2024,2024,1,2024-01-01,3302.3333333333335,13.299999999999999,8.10238456830492,0.024932753983033296,0.07825424466695696,33077.0,6730533.0,168.28967248471187,146.18214763172722,3.813333333333333,664.25,31967.15,201383.75,,11295785.0,6.800000000000001
faro,2T2024,2024,2,2024-04-01,3354.0,13.766666666666666,8.117908942383155,0.01564550317956992,0.07614973262032088,37125.0,7876682.0,175.47327047702692,164.072081229491,3.8699999999999997,863.79,32830.94,201383.75,,11295785.0,6.2
faro,3T2024,2024,3,2024-07-01,3464.6666666666665,14.533333333333333,8.150371706900277,0.0329954283442655,0.092495270128232,40909.0,9052016.0,183.003994750677,180.7952800274006,3.6733333333333333,962.02,33792.96,201383.75,,11295785.0,6.2
faro,4T2024,2024,4,2024-10-01,3536.0,14.366666666666667,8.170751423757535,0.02058880123147966,0.09745499689633763,45214.0,10173942.0,186.10174614443363,199.8210122750224,3.41,1048.07,34841.03,201383.75,,11295785.0,6.7
faro,1T2025,2025,1,2025-01-01,3527.6666666666665,15.433333333333332,8.168391930425615,-0.0023567119155354366,0.06823458160896334,41358.0,9617638.0,192.3282226547581,182.77961307715256,3.4499999999999997,968.9,35809.93,213730.82,,11405627.0,6.6000000000000005
guarda,1T2015,2015,1,2015-01-01,783.0,,6.663132695990803,,,21762.0,2662680.0,101.19388995618124,96.176070887978,,319.12,12554.79,125514.7,0.7000000000000001,10381838.0,14.2
guarda,2T2015,2015,2,2015-04-01,853.6666666666666,2.8499999999999996,6.749540797531416,0.0902511707109408,,20614.0,2509888.0,100.69923957118108,91.10254228861218,,297.14,12851.93,125514.7,0.8333333333333334,10381838.0,12.4
guarda,3T2015,2015,3,2015-07-01,849.3333333333334,,6.744451728023944,-0.0050761421319796,,22928.0,2697752.0,97.31280042246271,101.32914958733386,,319.68,13171.62,125514.7,1.1333333333333335,10381838.0,12.3
guarda,4T2015,2015,4,2015-10-01,865.6666666666666,,6.763499922994638,0.019230769230769162,,25205.0,3071762.0,100.79407005017497,111.39223723607596,,405.34,13576.96,125514.7,1.2000000000000002,10381838.0,12.5
guarda,1T2016,2016,1,2016-01-01,872.6666666666666,,6.771553657801736,0.008086253369272267,0.11451681566624083,24926.0,3001077.0,99.57691524589762,110.1592106862301,,434.9,14011.86,127838.92,1.3666666666666665,10356516.0,12.8
guarda,2T2016,2016,2,2016-04-01,847.0,2.95,6.741700694652055,-0.02941176470588236,-0.007809449433814897,26890.0,3267885.0,100.5101875107177,118.83901048514512,,401.38,14413.24,127838.92,1.3666666666666665,10356516.0,11.2
guarda,3T2016,2016,3,2016-07-01,852.0,,6.747586526829315,0.005903187721369552,0.0031397174254317317,26675.0,3173236.0,98.38571929954205,117.8888287352639,,331.47,14744.71,127838.92,1.2000000000000002,10356516.0,10.9
guarda,4T2016,2016,4,2016-10-01,864.6666666666666,2.8000000000000003,6.762344076208279,0.014866979655711932,-0.0011551790527531969,28999.0,3551512.0,101.2894901297318,128.15963053398005,,408.85,15153.56,127838.92,1.2000000000000002,10356516.0,10.8
guarda,1T2017,2017,1,2017-01-01,897.0,,6.799055862058796,0.037393986121819545,0.02788388082505744,29975.0,3800102.0,104.85042196590872,132.4730137334409,,489.78,15643.34,138586.19,1.2666666666666668,10340124.0,10.4
guarda,2T2017,2017,2,2017-04-01,901.0,,6.803505257608338,0.004459308807134965,0.06375442739079107,31197.0,4021419.0,106.61065537213086,137.8735816327658,,370.69,16014.03,138586.19,1.3333333333333333,10340124.0,9.1
guarda,3T2017,2017,3,2017-07-01,911.6666666666666,,6.815274426187972,0.011838697743248305,0.07003129890453819,32722.0,4258992.0,107.64679513938984,144.61324288192336,,384.08,16398.1,138586.19,1.5,10340124.0,8.8
guarda,4T2017,2017,4,2017-10-01,917.0,,6.821107472256465,0.005850091407678226,0.060524286815728745,35940.0,4898678.0,112.72881483438267,158.83503298014563,,440.43,16838.54,138586.19,1.7666666666666668,10340124.0,8.3
guarda,1T2018,2018,1,2018-01-01,943.6666666666666,,6.8497729964437895,0.029080334423845944,0.052025269416573705,34449.0,4755125.0,114.16144018167434,152.2456330309693,,495.45,17333.99,136252.87,1.8,10334633.0,8.0
guarda,2T2018,2018,2,2018-04-01,968.3333333333334,,6.875576380617902,0.02613917343694805,0.07473177950425458,38730.0,5425227.0,115.8522674050557,171.16529847860434,,514.24,17848.23,136252.87,1.9000000000000001,10334633.0,6.9
guarda,3T2018,2018,3,2018-07-01,1019.0,,6.926577033222725,0.05232358003442328,0.11773308957952477,38964.0,5512302.0,117.00477583884005,172.19944977847507,,434.61,18282.84,136252.87,2.1333333333333333,10334633.0,6.800000000000001
guarda,4T2018,2018,4,2018-10-01,1037.6666666666667,,6.944729881773498,0.018318613019300045,0.13158851326790266,39066.0,5414883.0,114.63685212246476,172.65023367841872,2.64,498.33,18781.17,136252.87,2.233333333333334,10334633.0,6.7
guarda,1T2019,2019,1,2019-01-01,1058.3333333333333,,6.964450622658682,0.019916479280436716,0.12151183327446136,36954.0,5261090.0,117.7466059092851,163.31635527958545,2.8666666666666667,445.76,19226.93,148342.92,2.366666666666667,10354446.0,6.9
guarda,2T2019,2019,2,2019-04-01,1073.6666666666667,,6.978834860663089,0.014488188976378158,0.108777969018933,36681.0,5414806.0,122.08880842455076,162.10984542973628,3.1566666666666667,415.35,19642.28,148342.92,2.466666666666667,10354446.0,6.300000000000001
guarda,3T2019,2019,3,2019-07-01,1094.3333333333333,,6.997900628833483,0.019248680533995532,0.07392868825646048,39554.0,5800028.0,121.2757031962132,174.80692527814915,2.4133333333333336,418.47,20060.75,148342.92,2.4000000000000004,10354446.0,6.2
guarda,4T2019,2019,4,2019-10-01,1111.3333333333333,,7.01331577464263,0.015534572037770422,0.07099261162865389,41676.0,6136268.0,121.77339389322496,184.18499817697688,2.1866666666666665,490.46,20551.21,148342.92,2.4000000000000004,10354446.0,6.800000000000001
guarda,1T2020,2020,1,2020-01-01,1111.3333333333333,,7.01331577464263,0.0,0.05007874015748026,36399.0,5785538.0,131.4584231641285,160.86356052989206,2.21,468.51,21019.72,150377.77,2.533333333333333,10384846.0,6.9
guarda,2T2020,2020,2,2020-04-01,1114.6666666666667,,7.0163106855364825,0.0029994001199762366,0.038186898478733244,26379.0,4125502.0,129.34587844472952,116.5806715354274,2.21,274.49,21294.21,150377.77,2.2,10384846.0,5.7
guarda,3T2020,2020,3,2020-07-01,1129.3333333333333,,7.029382767103836,0.013157894736842035,0.031982942430703654,35596.0,5427603.0,126.10752326248976,157.31474218033566,2.08,352.27,21646.48,150377.77,2.1333333333333333,10384846.0,8.200000000000001
guarda,4T2020,2020,4,2020-10-01,1140.3333333333333,,7.039075896309495,0.009740259740259827,0.02609478104379126,39139.0,6098441.0,128.86744612614154,172.97285352837838,2.1266666666666665,488.87,22135.35,150377.77,2.1,10384846.0,7.300000000000001
guarda,1T2021,2021,1,2021-01-01,1153.3333333333333,,7.050411579383661,0.011400175387313638,0.037792441511697694,34614.0,5595240.0,133.69065495381548,152.97484228087814,1.9566666666666668,345.02,22480.37,164176.4,1.9000000000000001,,7.2
guarda,2T2021,2021,2,2021-04-01,1185.0,,7.077498053569231,0.027456647398844014,0.06309808612440193,41736.0,6933006.0,137.38675721914424,184.45016517694373,2.1933333333333334,512.35,22992.72,164176.4,2.866666666666667,,6.9
guarda,3T2021,2021,3,2021-07-01,1221.0,,7.107425474110705,0.030379746835442978,0.08116883116883122,43447.0,7345978.0,139.83759623515712,192.0118441259985,2.18,570.74,23563.46,164176.4,4.033333333333334,,6.300000000000001
guarda,4T2021,2021,4,2021-10-01,1242.3333333333333,,7.124746610811148,0.01747201747201732,0.08944752996199945,45885.0,8225207.0,148.2552976019511,202.7864632246517,2.1533333333333333,700.74,24264.2,164176.4,5.300000000000001,,6.300000000000001
guarda,1T2022,2022,1,2022-01-01,1265.0,,7.142827401161621,0.018245237456399277,0.09682080924855496,43544.0,8081797.0,153.50189341648706,192.44053077594492,2.3266666666666667,615.95,24880.15,175732.61,6.766666666666667,10764411.0,6.0
guarda,2T2022,2022,2,2022-04-01,1336.0,,7.197435354096591,0.05612648221343863,0.12742616033755283,43607.0,8287705.0,157.1853964180325,192.71895612591013,2.98,1047.15,25927.3,175732.61,8.666666666666666,10764411.0,5.9
guarda,3T2022,2022,3,2022-07-01,1374.3333333333333,,7.22572404403879,0.028692614770458924,0.12558012558012543,42223.0,8051492.0,157.71078703058802,186.6024373266747,3.2266666666666666,738.85,26666.15,175732.61,10.333333333333334,10764411.0,5.9
guarda,4T2022,2022,4,2022-10-01,1401.6666666666667,,7.245417283738939,0.019888430754305242,0.12825328682586545,38526.0,7362219.0,158.04797371910158,170.26373067871702,3.9066666666666667,762.23,27428.38,175732.61,11.566666666666668,10764411.0,6.7
guarda,1T2023,2023,1,2023-01-01,1439.6666666666667,,7.2721668842925915,0.027110582639714664,0.13807641633728607,34493.0,6857332.0,164.42139501587408,152.440088830945,4.003333333333333,850.7,28279.08,192753.71,,11067026.0,7.2
guarda,2T2023,2023,2,2023-04-01,1458.6666666666667,,7.285278055433707,0.013197499421162329,0.09181636726546905,33624.0,6904628.0,169.83415260390527,148.59958678142505,4.073333333333333,1030.38,29309.46,192753.71,,11067026.0,6.1000000000000005
guarda,3T2023,2023,3,2023-07-01,1505.6666666666667,,7.3169910469864945,0.032221206581352746,0.0955614843560515,34256.0,7072380.0,170.75092220163313,151.39267918107592,3.9966666666666666,1140.31,30449.77,192753.71,,11067026.0,6.1000000000000005
guarda,4T2023,2023,4,2023-10-01,1543.6666666666667,,7.341915817812643,0.025237989816249806,0.10130796670630193,34126.0,7174277.0,173.87088910761483,150.81815068114773,3.966666666666667,853.13,31302.9,192753.71,,11067026.0,6.6000000000000005
guarda,1T2024,2024,1,2024-01-01,1587.0,,7.369600720526409,0.028071690779529312,0.10233850428339886,33077.0,6730533.0,168.28967248471187,146.18214763172722,3.813333333333333,664.25,31967.15,201383.75,,11295785.0,6.800000000000001
guarda,2T2024,2024,2,2024-04-01,1632.6666666666667,,7.397969948844003,0.028775467338794325,0.11928702010968917,37125.0,7876682.0,175.47327047702692,164.072081229491,3.8699999999999997,863.79,32830.94,201383.75,,11295785.0,6.2
guarda,3T2024,2024,3,2024-07-01,1660.0,,7.414572881350589,0.016741527153940394,0.10250166039406672,40909.0,9052016.0,183.003994750677,180.7952800274006,3.6733333333333333,962.02,33792.96,201383.75,,11295785.0,6.2
guarda,4T2024,2024,4,2024-10-01,1712.6666666666667,,7.4458068890017195,0.031726907630522216,0.10947959404016405,45214.0,10173942.0,186.10174614443363,199.8210122750224,3.41,1048.07,34841.03,201383.75,,11295785.0,6.7
guarda,1T2025,2025,1,2025-01-01,1731.3333333333333,7.066666666666666,7.456647103554584,0.01089918256130784,0.09094727998319674,41358.0,9617638.0,192.3282226547581,182.77961307715256,3.4499999999999997,968.9,35809.93,213730.82,,11405627.0,6.6000000000000005
leiria,1T2015,2015,1,2015-01-01,783.0,3.6333333333333333,6.663132695990803,,,21762.0,2662680.0,101.19388995618124,96.176070887978,,319.12,12554.79,125514.7,0.7000000000000001,10381838.0,14.2
leiria,2T2015,2015,2,2015-04-01,853.6666666666666,3.733333333333333,6.749540797531416,0.0902511707109408,,20614.0,2509888.0,100.69923957118108,91.10254228861218,,297.14,12851.93,125514.7,0.8333333333333334,10381838.0,12.4
leiria,3T2015,2015,3,2015-07-01,849.3333333333334,3.9,6.744451728023944,-0.0050761421319796,,22928.0,2697752.0,97.31280042246271,101.32914958733386,,319.68,13171.62,125514.7,1.1333333333333335,10381838.0,12.3
leiria,4T2015,2015,4,2015-10-01,865.6666666666666,3.7000000000000006,6.763499922994638,0.019230769230769162,,25205.0,3071762.0,100.79407005017497,111.39223723607596,,405.34,13576.96,125514.7,1.2000000000000002,10381838.0,12.5
leiria,1T2016,2016,1,2016-01-01,872.6666666666666,3.7999999999999994,6.771553657801736,0.008086253369272267,0.11451681566624083,24926.0,3001077.0,99.57691524589762,110.1592106862301,,434.9,14011.86,127838.92,1.3666666666666665,10356516.0,12.8
leiria,2T2016,2016,2,2016-04-01,847.0,3.866666666666667,6.741700694652055,-0.02941176470588236,-0.007809449433814897,26890.0,3267885.0,100.5101875107177,118.83901048514512,,401.38,14413.24,127838.92,1.3666666666666665,10356516.0,11.2
leiria,3T2016,2016,3,2016-07-01,852.0,3.8333333333333335,6.747586526829315,0.005903187721369552,0.0031397174254317317,26675.0,3173236.0,98.38571929954205,117.8888287352639,,331.47,14744.71,127838.92,1.2000000000000002,10356516.0,10.9
leiria,4T2016,2016,4,2016-10-01,864.6666666666666,3.966666666666667,6.762344076208279,0.014866979655711932,-0.0011551790527531969,28999.0,3551512.0,101.2894901297318,128.15963053398005,,408.85,15153.56,127838.92,1.2000000000000002,10356516.0,10.8
leiria,1T2017,2017,1,2017-01-01,897.0,3.9333333333333336,6.799055862058796,0.037393986121819545,0.02788388082505744,29975.0,3800102.0,104.85042196590872,132.4730137334409,,489.78,15643.34,138586.19,1.2666666666666668,10340124.0,10.4
leiria,2T2017,2017,2,2017-04-01,901.0,4.033333333333334,6.803505257608338,0.004459308807134965,0.06375442739079107,31197.0,4021419.0,106.61065537213086,137.8735816327658,,370.69,16014.03,138586.19,1.3333333333333333,10340124.0,9.1
leiria,3T2017,2017,3,2017-07-01,911.6666666666666,4.266666666666667,6.815274426187972,0.011838697743248305,0.07003129890453819,32722.0,4258992.0,107.64679513938984,144.61324288192336,,384.08,16398.1,138586.19,1.5,10340124.0,8.8
leiria,4T2017,2017,4,2017-10-01,917.0,4.266666666666667,6.821107472256465,0.005850091407678226,0.060524286815728745,35940.0,4898678.0,112.72881483438267,158.83503298014563,,440.43,16838.54,138586.19,1.7666666666666668,10340124.0,8.3
leiria,1T2018,2018,1,2018-01-01,943.6666666666666,4.333333333333333,6.8497729964437895,0.029080334423845944,0.052025269416573705,34449.0,4755125.0,114.16144018167434,152.2456330309693,,495.45,17333.99,136252.87,1.8,10334633.0,8.0
leiria,2T2018,2018,2,2018-04-01,968.3333333333334,4.866666666666666,6.875576380617902,0.02613917343694805,0.07473177950425458,38730.0,5425227.0,115.8522674050557,171.16529847860434,,514.24,17848.23,136252.87,1.9000000000000001,10334633.0,6.9
leiria,3T2018,2018,3,2018-07-01,1019.0,4.833333333333333,6.926577033222725,0.05232358003442328,0.11773308957952477,38964.0,5512302.0,117.00477583884005,172.19944977847507,,434.61,18282.84,136252.87,2.1333333333333333,10334633.0,6.800000000000001
leiria,4T2018,2018,4,2018-10-01,1037.6666666666667,4.733333333333333,6.944729881773498,0.018318613019300045,0.13158851326790266,39066.0,5414883.0,114.63685212246476,172.65023367841872,2.64,498.33,18781.17,136252.87,2.233333333333334,10334633.0,6.7
leiria,1T2019,2019,1,2019-01-01,1058.3333333333333,5.166666666666667,6.964450622658682,0.019916479280436716,0.12151183327446136,36954.0,5261090.0,117.7466059092851,163.31635527958545,2.8666666666666667,445.76,19226.93,148342.92,2.366666666666667,10354446.0,6.9
leiria,2T2019,2019,2,2019-04-01,1073.6666666666667,5.2,6.978834860663089,0.014488188976378158,0.108777969018933,36681.0,5414806.0,122.08880842455076,162.10984542973628,3.1566666666666667,415.35,19642.28,148342.92,2.466666666666667,10354446.0,6.300000000000001
leiria,3T2019,2019,3,2019-07-01,1094.3333333333333,5.7,6.997900628833483,0.019248680533995532,0.07392868825646048,39554.0,5800028.0,121.2757031962132,174.80692527814915,2.4133333333333336,418.47,20060.75,148342.92,2.4000000000000004,10354446.0,6.2
leiria,4T2019,2019,4,2019-10-01,1111.3333333333333,5.5,7.01331577464263,0.015534572037770422,0.07099261162865389,41676.0,6136268.0,121.77339389322496,184.18499817697688,2.1866666666666665,490.46,20551.21,148342.92,2.4000000000000004,10354446.0,6.800000000000001
leiria,1T2020,2020,1,2020-01-01,1111.3333333333333,5.833333333333333,7.01331577464263,0.0,0.05007874015748026,36399.0,5785538.0,131.4584231641285,160.86356052989206,2.21,468.51,21019.72,150377.77,2.533333333333333,10384846.0,6.9
leiria,2T2020,2020,2,2020-04-01,1114.6666666666667,5.833333333333333,7.0163106855364825,0.0029994001199762366,0.038186898478733244,26379.0,4125502.0,129.34587844472952,116.5806715354274,2.21,274.49,21294.21,150377.77,2.2,10384846.0,5.7
leiria,3T2020,2020,3,2020-07-01,1129.3333333333333,5.633333333333333,7.029382767103836,0.013157894736842035,0.031982942430703654,35596.0,5427603.0,126.10752326248976,157.31474218033566,2.08,352.27,21646.48,150377.77,2.1333333333333333,10384846.0,8.200000000000001
leiria,4T2020,2020,4,2020-10-01,1140.3333333333333,5.566666666666666,7.039075896309495,0.009740259740259827,0.02609478104379126,39139.0,6098441.0,128.86744612614154,172.97285352837838,2.1266666666666665,488.87,22135.35,150377.77,2.1,10384846.0,7.300000000000001
leiria,1T2021,2021,1,2021-01-01,1153.3333333333333,5.8,7.050411579383661,0.011400175387313638,0.037792441511697694,34614.0,5595240.0,133.69065495381548,152.97484228087814,1.9566666666666668,345.02,22480.37,164176.4,1.9000000000000001,,7.2
leiria,2T2021,2021,2,2021-04-01,1185.0,5.7,7.077498053569231,0.027456647398844014,0.06309808612440193,41736.0,6933006.0,137.38675721914424,184.45016517694373,2.1933333333333334,512.35,22992.72,164176.4,2.866666666666667,,6.9
leiria,3T2021,2021,3,2021-07-01,1221.0,5.966666666666666,7.107425474110705,0.030379746835442978,0.08116883116883122,43447.0,7345978.0,139.83759623515712,192.0118441259985,2.18,570.74,23563.46,164176.4,4.033333333333334,,6.300000000000001
leiria,4T2021,2021,4,2021-10-01,1242.3333333333333,6.133333333333333,7.124746610811148,0.01747201747201732,0.08944752996199945,45885.0,8225207.0,148.2552976019511,202.7864632246517,2.1533333333333333,700.74,24264.2,164176.4,5.300000000000001,,6.300000000000001
leiria,1T2022,2022,1,2022-01-01,1265.0,6.366666666666667,7.142827401161621,0.018245237456399277,0.09682080924855496,43544.0,8081797.0,153.50189341648706,192.44053077594492,2.3266666666666667,615.95,24880.15,175732.61,6.766666666666667,10764411.0,6.0
leiria,2T2022,2022,2,2022-04-01,1336.0,6.833333333333333,7.197435354096591,0.05612648221343863,0.12742616033755283,43607.0,8287705.0,157.1853964180325,192.71895612591013,2.98,1047.15,25927.3,175732.61,8.666666666666666,10764411.0,5.9
leiria,3T2022,2022,3,2022-07-01,1374.3333333333333,7.266666666666667,7.22572404403879,0.028692614770458924,0.12558012558012543,42223.0,8051492.0,157.71078703058802,186.6024373266747,3.2266666666666666,738.85,26666.15,175732.61,10.333333333333334,10764411.0,5.9
leiria,4T2022,2022,4,2022-10-01,1401.6666666666667,7.6000000000000005,7.245417283738939,0.019888430754305242,0.12825328682586545,38526.0,7362219.0,158.04797371910158,170.26373067871702,3.9066666666666667,762.23,27428.38,175732.61,11.566666666666668,10764411.0,6.7
leiria,1T2023,2023,1,2023-01-01,1439.6666666666667,8.1,7.2721668842925915,0.027110582639714664,0.13807641633728607,34493.0,6857332.0,164.42139501587408,152.440088830945,4.003333333333333,850.7,28279.08,192753.71,,11067026.0,7.2
leiria,2T2023,2023,2,2023-04-01,1458.6666666666667,8.6,7.285278055433707,0.013197499421162329,0.09181636726546905,33624.0,6904628.0,169.83415260390527,148.59958678142505,4.073333333333333,1030.38,29309.46,192753.71,,11067026.0,6.1000000000000005
leiria,3T2023,2023,3,2023-07-01,1505.6666666666667,8.866666666666667,7.3169910469864945,0.032221206581352746,0.0955614843560515,34256.0,7072380.0,170.75092220163313,151.39267918107592,3.9966666666666666,1140.31,30449.77,192753.71,,11067026.0,6.1000000000000005
leiria,4T2023,2023,4,2023-10-01,1543.6666666666667,8.966666666666667,7.341915817812643,0.025237989816249806,0.10130796670630193,34126.0,7174277.0,173.87088910761483,150.81815068114773,3.966666666666667,853.13,31302.9,192753.71,,11067026.0,6.6000000000000005
leiria,1T2024,2024,1,2024-01-01,1587.0,9.366666666666667,7.369600720526409,0.028071690779529312,0.10233850428339886,33077.0,6730533.0,168.28967248471187,146.18214763172722,3.813333333333333,664.25,31967.15,201383.75,,11295785.0,6.800000000000001
leiria,2T2024,2024,2,2024-04-01,1632.6666666666667,9.299999999999999,7.397969948844003,0.028775467338794325,0.11928702010968917,37125.0,7876682.0,175.47327047702692,164.072081229491,3.8699999999999997,863.79,32830.94,201383.75,,11295785.0,6.2
leiria,3T2024,2024,3,2024-07-01,1660.0,9.700000000000001,7.414572881350589,0.016741527153940394,0.10250166039406672,40909.0,9052016.0,183.003994750677,180.7952800274006,3.6733333333333333,962.02,33792.96,201383.75,,11295785.0,6.2
leiria,4T2024,2024,4,2024-10-01,1712.6666666666667,9.466666666666667,7.4458068890017195,0.031726907630522216,0.10947959404016405,45214.0,10173942.0,186.10174614443363,199.8210122750224,3.41,1048.07,34841.03,201383.75,,11295785.0,6.7
leiria,1T2025,2025,1,2025-01-01,1731.3333333333333,9.433333333333334,7.456647103554584,0.01089918256130784,0.09094727998319674,41358.0,9617638.0,192.3282226547581,182.77961307715256,3.4499999999999997,968.9,35809.93,213730.82,,11405627.0,6.6000000000000005
lisboa,1T2015,2015,1,2015-01-01,1336.3333333333333,5.966666666666666,7.197684823974397,,,21762.0,2662680.0,101.19388995618124,96.176070887978,,319.12,12554.79,125514.7,0.7000000000000001,10381838.0,14.2
lisboa,2T2015,2015,2,2015-04-01,1389.6666666666667,6.6000000000000005,7.236819189212687,0.03991020204539808,,20614.0,2509888.0,100.69923957118108,91.10254228861218,,297.14,12851.93,125514.7,0.8333333333333334,10381838.0,12.4
lisboa,3T2015,2015,3,2015-07-01,1460.3333333333333,6.966666666666666,7.286419999145789,0.05085152314703745,,22928.0,2697752.0,97.31280042246271,101.32914958733386,,319.68,13171.62,125514.7,1.1333333333333335,10381838.0,12.3
lisboa,4T2015,2015,4,2015-10-01,1497.3333333333333,7.433333333333334,7.311441027190224,0.025336681123031335,,25205.0,3071762.0,100.79407005017497,111.39223723607596,,405.34,13576.96,125514.7,1.2000000000000002,10381838.0,12.5
lisboa,1T2016,2016,1,2016-01-01,1587.6666666666667,7.900000000000001,7.37002071213275,0.06032947462154947,0.18807682713893747,24926.0,3001077.0,99.57691524589762,110.1592106862301,,434.9,14011.86,127838.92,1.3666666666666665,10356516.0,12.8
lisboa,2T2016,2016,2,2016-04-01,1688.6666666666667,8.1,7.431694541893511,0.06361536846525295,0.2151595106740225,26890.0,3267885.0,100.5101875107177,118.83901048514512,,401.38,14413.24,127838.92,1.3666666666666665,10356516.0,11.2
lisboa,3T2016,2016,3,2016-07-01,1762.0,9.1,7.474204806496124,0.043426766679826256,0.20657384158867842,26675.0,3173236.0,98.38571929954205,117.8888287352639,,331.47,14744.71,127838.92,1.2000000000000002,10356516.0,10.9
lisboa,4T2016,2016,4,2016-10-01,1908.3333333333333,10.466666666666667,7.553985539754331,0.08304956488838444,0.27448797862867313,28999.0,3551512.0,101.2894901297318,128.15963053398005,,408.85,15153.56,127838.92,1.2000000000000002,10356516.0,10.8
lisboa,1T2017,2017,1,2017-01-01,2040.3333333333333,11.533333333333333,7.62086847218296,0.069170305676856,0.2851144236825529,29975.0,3800102.0,104.85042196590872,132.4730137334409,,489.78,15643.34,138586.19,1.2666666666666668,10340124.0,10.4
lisboa,2T2017,2017,2,2017-04-01,2194.0,11.466666666666667,7.693481640835175,0.07531449109622623,0.29924990130280293,31197.0,4021419.0,106.61065537213086,137.8735816327658,,370.69,16014.03,138586.19,1.3333333333333333,10340124.0,9.1
lisboa,3T2017,2017,3,2017-07-01,2342.3333333333335,11.766666666666666,7.758902862524088,0.06760862959586755,0.3293605751040485,32722.0,4258992.0,107.64679513938984,144.61324288192336,,384.08,16398.1,138586.19,1.5,10340124.0,8.8
lisboa,4T2017,2017,4,2017-10-01,2513.0,12.1,7.829232537543592,0.07286181869930264,0.3168558951965066,35940.0,4898678.0,112.72881483438267,158.83503298014563,,440.43,16838.54,138586.19,1.7666666666666668,10340124.0,8.3
lisboa,1T2018,2018,1,2018-01-01,2624.0,12.666666666666666,7.8724551500639794,0.0441703143653005,0.2860643685672277,34449.0,4755125.0,114.16144018167434,152.2456330309693,,495.45,17333.99,136252.87,1.8,10334633.0,8.0
lisboa,2T2018,2018,2,2018-04-01,2730.3333333333335,13.199999999999998,7.912178980847492,0.04052337398373984,0.24445457307809182,38730.0,5425227.0,115.8522674050557,171.16529847860434,,514.24,17848.23,136252.87,1.9000000000000001,10334633.0,6.9
lisboa,3T2018,2018,3,2018-07-01,2912.6666666666665,13.366666666666667,7.976824320843272,0.0667806128677817,0.2434893980361461,38964.0,5512302.0,117.00477583884005,172.19944977847507,,434.61,18282.84,136252.87,2.1333333333333333,10334633.0,6.800000000000001
lisboa,4T2018,2018,4,2018-10-01,2896.3333333333335,13.833333333333334,7.9712008481710965,-0.005607690547035804,0.15254012468497158,39066.0,5414883.0,114.63685212246476,172.65023367841872,2.64,498.33,18781.17,136252.87,2.233333333333334,10334633.0,6.7
lisboa,1T2019,2019,1,2019-01-01,2964.0,14.166666666666666,7.994294986415977,0.023362872597537,0.12957317073170738,36954.0,5261090.0,117.7466059092851,163.31635527958545,2.8666666666666667,445.76,19226.93,148342.92,2.366666666666667,10354446.0,6.9
lisboa,2T2019,2019,2,2019-04-01,3056.3333333333335,14.066666666666668,8.024971219381792,0.031151596941070725,0.11939934073983638,36681.0,5414806.0,122.08880842455076,162.10984542973628,3.1566666666666667,415.35,19642.28,148342.92,2.466666666666667,10354446.0,6.300000000000001
lisboa,3T2019,2019,3,2019-07-01,3138.0,13.799999999999999,8.051340933292979,0.02672047115279752,0.0773632410162508,39554.0,5800028.0,121.2757031962132,174.80692527814915,2.4133333333333336,418.47,20060.75,148342.92,2.4000000000000004,10354446.0,6.2
lisboa,4T2019,2019,4,2019-10-01,3201.0,13.9,8.071218539969863,0.020076481835564097,0.10519047071009324,41676.0,6136268.0,121.77339389322496,184.18499817697688,2.1866666666666665,490.46,20551.21,148342.92,2.4000000000000004,10354446.0,6.800000000000001
lisboa,1T2020,2020,1,2020-01-01,3267.3333333333335,13.866666666666667,8.091729436801383,0.020722690825783596,0.10233918128654973,36399.0,5785538.0,131.4584231641285,160.86356052989206,2.21,468.51,21019.72,150377.77,2.533333333333333,10384846.0,6.9
lisboa,2T2020,2020,2,2020-04-01,3289.3333333333335,13.966666666666667,8.098440188981138,0.006733319730667153,0.07623514014614452,26379.0,4125502.0,129.34587844472952,116.5806715354274,2.21,274.49,21294.21,150377.77,2.2,10384846.0,5.7
lisboa,3T2020,2020,3,2020-07-01,3240.6666666666665,13.4,8.083534348937292,-0.014795297932711837,0.03271722965795609,35596.0,5427603.0,126.10752326248976,157.31474218033566,2.08,352.27,21646.48,150377.77,2.1333333333333333,10384846.0,8.200000000000001
lisboa,4T2020,2020,4,2020-10-01,3271.0,13.200000000000001,8.092851027538384,0.009360213947747331,0.021868166198063088,39139.0,6098441.0,128.86744612614154,172.97285352837838,2.1266666666666665,488.87,22135.35,150377.77,2.1,10384846.0,7.300000000000001
lisboa,1T2021,2021,1,2021-01-01,3370.0,13.0,8.122668023346407,0.03026597370834616,0.031422158743113604,34614.0,5595240.0,133.69065495381548,152.97484228087814,1.9566666666666668,345.02,22480.37,164176.4,1.9000000000000001,,7.2
lisboa,2T2021,2021,2,2021-04-01,3425.3333333333335,12.800000000000002,8.138954069561665,0.01641938674579624,0.04134576408593427,41736.0,6933006.0,137.38675721914424,184.45016517694373,2.1933333333333334,512.35,22992.72,164176.4,2.866666666666667,,6.9
lisboa,3T2021,2021,3,2021-07-01,3532.3333333333335,12.699999999999998,8.169713932506726,0.03123783573374861,0.09000205718987875,43447.0,7345978.0,139.83759623515712,192.0118441259985,2.18,570.74,23563.46,164176.4,4.033333333333334,,6.300000000000001
lisboa,4T2021,2021,4,2021-10-01,3656.6666666666665,12.699999999999998,8.204307264601166,0.03519864112484661,0.11790482013655357,45885.0,8225207.0,148.2552976019511,202.7864632246517,2.1533333333333333,700.74,24264.2,164176.4,5.300000000000001,,6.300000000000001
lisboa,1T2022,2022,1,2022-01-01,3717.3333333333335,12.933333333333332,8.220761844332195,0.01659070191431189,0.10306627101879329,43544.0,8081797.0,153.50189341648706,192.44053077594492,2.3266666666666667,615.95,24880.15,175732.61,6.766666666666667,10764411.0,6.0
lisboa,2T2022,2022,2,2022-04-01,3779.3333333333335,13.4,8.23730290621614,0.016678622668579557,0.10334760607240168,43607.0,8287705.0,157.1853964180325,192.71895612591013,2.98,1047.15,25927.3,175732.61,8.666666666666666,10764411.0,5.9
lisboa,3T2022,2022,3,2022-07-01,3802.0,14.200000000000001,8.243282523048375,0.0059975304286470354,0.0763423610455789,42223.0,8051492.0,157.71078703058802,186.6024373266747,3.2266666666666666,738.85,26666.15,175732.61,10.333333333333334,10764411.0,5.9
lisboa,4T2022,2022,4,2022-10-01,3789.0,15.800000000000002,8.239857411018601,-0.0034192530247237896,0.036189608021877984,38526.0,7362219.0,158.04797371910158,170.26373067871702,3.9066666666666667,762.23,27428.38,175732.61,11.566666666666668,10764411.0,6.7
lisboa,1T2023,2023,1,2023-01-01,3809.6666666666665,16.833333333333332,8.245296975229488,0.005454385501891368,0.024838593974174872,34493.0,6857332.0,164.42139501587408,152.440088830945,4.003333333333333,850.7,28279.08,192753.71,,11067026.0,7.2
lisboa,2T2023,2023,2,2023-04-01,3849.6666666666665,17.633333333333336,8.255741843446978,0.010499606264765093,0.01860998412418402,33624.0,6904628.0,169.83415260390527,148.59958678142505,4.073333333333333,1030.38,29309.46,192753.71,,11067026.0,6.1000000000000005
lisboa,3T2023,2023,3,2023-07-01,3828.3333333333335,18.833333333333332,8.250184826455088,-0.005541605333795108,0.006926179203927907,34256.0,7072380.0,170.75092220163313,151.39267918107592,3.9966666666666666,1140.31,30449.77,192753.71,,11067026.0,6.1000000000000005
lisboa,4T2023,2023,4,2023-10-01,3866.0,19.066666666666666,8.259975659768276,0.009838920330866197,0.020321984692531103,34126.0,7174277.0,173.87088910761483,150.81815068114773,3.966666666666667,853.13,31302.9,192753.71,,11067026.0,6.6000000000000005
lisboa,1T2024,2024,1,2024-01-01,3981.3333333333335,19.633333333333336,8.289372050550917,0.029832729780996825,0.04506081021961683,33077.0,6730533.0,168.28967248471187,146.18214763172722,3.813333333333333,664.25,31967.15,201383.75,,11295785.0,6.800000000000001
lisboa,2T2024,2024,2,2024-04-01,4061.0,19.8,8.309184527686298,0.02001004688546537,0.054896527837908105,37125.0,7876682.0,175.47327047702692,164.072081229491,3.8699999999999997,863.79,32830.94,201383.75,,11295785.0,6.2
lisboa,3T2024,2024,3,2024-07-01,4149.0,19.900000000000002,8.330622620332868,0.02166953952228523,0.08376142794949937,40909.0,9052016.0,183.003994750677,180.7952800274006,3.6733333333333333,962.02,33792.96,201383.75,,11295785.0,6.2
lisboa,4T2024,2024,4,2024-10-01,4218.666666666667,19.933333333333334,8.347274401339325,0.01679119466538137,0.09122262459044661,45214.0,10173942.0,186.10174614443363,199.8210122750224,3.41,1048.07,34841.03,201383.75,,11295785.0,6.7
lisboa,1T2025,2025,1,2025-01-01,4160.666666666667,20.133333333333336,8.33343059682588,-0.013748419721871019,0.04504353650368387,41358.0,9617638.0,192.3282226547581,182.77961307715256,3.4499999999999997,968.9,35809.93,213730.82,,11405627.0,6.6000000000000005
madeira,1T2015,2015,1,2015-01-01,1163.3333333333333,5.15,7.059044726528363,,,21762.0,2662680.0,101.19388995618124,96.176070887978,,319.12,12554.79,125514.7,0.7000000000000001,10381838.0,16.5
madeira,2T2015,2015,2,2015-04-01,1171.0,5.0,7.065613363597717,0.0065902578796561695,,20614.0,2509888.0,100.69923957118108,91.10254228861218,,297.14,12851.93,125514.7,0.8333333333333334,10381838.0,14.2
madeira,3T2015,2015,3,2015-07-01,1224.3333333333333,4.966666666666666,7.110151757151558,0.04554511813265005,,22928.0,2697752.0,97.31280042246271,101.32914958733386,,319.68,13171.62,125514.7,1.1333333333333335,10381838.0,15.5
madeira,4T2015,2015,4,2015-10-01,1144.3333333333333,5.0,7.042577504789582,-0.06534168254832562,,25205.0,3071762.0,100.79407005017497,111.39223723607596,,405.34,13576.96,125514.7,1.2000000000000002,10381838.0,15.3
madeira,1T2016,2016,1,2016-01-01,1147.0,5.233333333333333,7.044905117129371,0.002330323332362383,-0.014040114613180443,24926.0,3001077.0,99.57691524589762,110.1592106862301,,434.9,14011.86,127838.92,1.3666666666666665,10356516.0,14.9
madeira,2T2016,2016,2,2016-04-01,1162.6666666666667,5.8,7.05847149636076,0.013658820110433068,-0.0071164247082264875,26890.0,3267885.0,100.5101875107177,118.83901048514512,,401.38,14413.24,127838.92,1.3666666666666665,10356516.0,13.6
madeira,3T2016,2016,3,2016-07-01,1167.0,5.633333333333333,7.062191632286556,0.003727064220183429,-0.046828205826299985,26675.0,3173236.0,98.38571929954205,117.8888287352639,,331.47,14744.71,127838.92,1.2000000000000002,10356516.0,13.9
madeira,4T2016,2016,4,2016-10-01,1153.1666666666667,5.666666666666667,7.050267060270756,-0.011853756069694299,0.007719196038450393,28999.0,3551512.0,101.2894901297318,128.15963053398005,,408.85,15153.56,127838.92,1.2000000000000002,10356516.0,11.5
madeira,1T2017,2017,1,2017-01-01,1201.3333333333333,5.966666666666666,7.0911873300601185,0.041769041769041726,0.04736995059575699,29975.0,3800102.0,104.85042196590872,132.4730137334409,,489.78,15643.34,138586.19,1.2666666666666668,10340124.0,13.1
madeira,2T2017,2017,2,2017-04-01,1212.6666666666667,5.7,7.100577070409958,0.009433962264151052,0.043004587155963225,31197.0,4021419.0,106.61065537213086,137.8735816327658,,370.69,16014.03,138586.19,1.3333333333333333,10340124.0,11.5
madeira,3T2017,2017,3,2017-07-01,1280.1666666666667,6.366666666666667,7.154745556770627,0.055662451896646425,0.09697229363039139,32722.0,4258992.0,107.64679513938984,144.61324288192336,,384.08,16398.1,138586.19,1.5,10340124.0,9.6
madeira,4T2017,2017,4,2017-10-01,1331.0,6.933333333333334,7.193685818395112,0.0397083713058195,0.15421303656597773,35940.0,4898678.0,112.72881483438267,158.83503298014563,,440.43,16838.54,138586.19,1.7666666666666668,10340124.0,9.1
madeira,1T2018,2018,1,2018-01-01,1321.5,7.366666666666667,7.186522734044344,-0.007137490608564945,0.1000277469478359,34449.0,4755125.0,114.16144018167434,152.2456330309693,,495.45,17333.99,136252.87,1.8,10334633.0,9.1
madeira,2T2018,2018,2,2018-04-01,1315.1666666666667,7.566666666666666,7.18171867929298,-0.004792533736915017,0.08452446399120395,38730.0,5425227.0,115.8522674050557,171.16529847860434,,514.24,17848.23,136252.87,1.9000000000000001,10334633.0,8.700000000000001
madeira,3T2018,2018,3,2018-07-01,1384.6666666666667,7.633333333333333,7.233214715767948,0.052845013306298316,0.08162999609425858,38964.0,5512302.0,117.00477583884005,172.19944977847507,,434.61,18282.84,136252.87,2.1333333333333333,10334633.0,9.2
madeira,4T2018,2018,4,2018-10-01,1295.6666666666667,8.066666666666668,7.166780642184113,-0.06427539720751085,-0.02654645629852237,39066.0,5414883.0,114.63685212246476,172.65023367841872,2.64,498.33,18781.17,136252.87,2.233333333333334,10334633.0,9.0
madeira,1T2019,2019,1,2019-01-01,1320.8333333333333,8.0,7.186018129517426,0.019423720092616392,-0.000504477235464762,36954.0,5261090.0,117.7466059092851,163.31635527958545,2.8666666666666667,445.76,19226.93,148342.92,2.366666666666667,10354446.0,7.5
madeira,2T2019,2019,2,2019-04-01,1350.1666666666667,8.033333333333333,7.207983320602437,0.022208201892744528,0.026612596629071117,36681.0,5414806.0,122.08880842455076,162.10984542973628,3.1566666666666667,415.35,19642.28,148342.92,2.466666666666667,10354446.0,7.1000000000000005
madeira,3T2019,2019,3,2019-07-01,1404.3333333333333,7.966666666666666,7.247317973310907,0.04011850388840865,0.014203177660086608,39554.0,5800028.0,121.2757031962132,174.80692527814915,2.4133333333333336,418.47,20060.75,148342.92,2.4000000000000004,10354446.0,7.4
madeira,4T2019,2019,4,2019-10-01,1401.0,7.866666666666667,7.244941546337007,-0.0023736055067646866,0.0812966297916129,41676.0,6136268.0,121.77339389322496,184.18499817697688,2.1866666666666665,490.46,20551.21,148342.92,2.4000000000000004,10354446.0,7.2
madeira,1T2020,2020,1,2020-01-01,1431.6666666666667,7.866666666666667,7.266594545750246,0.021889126814180315,0.08391167192429028,36399.0,5785538.0,131.4584231641285,160.86356052989206,2.21,468.51,21019.72,150377.77,2.533333333333333,10384846.0,5.7
madeira,2T2020,2020,2,2020-04-01,1446.0,7.933333333333334,7.27655640271871,0.010011641443538943,0.07097889149487702,26379.0,4125502.0,129.34587844472952,116.5806715354274,2.21,274.49,21294.21,150377.77,2.2,10384846.0,6.6000000000000005
madeira,3T2020,2020,3,2020-07-01,1438.3333333333333,7.666666666666667,7.271240314849418,-0.005301982480405809,0.024210776169000692,35596.0,5427603.0,126.10752326248976,157.31474218033566,2.08,352.27,21646.48,150377.77,2.1333333333333333,10384846.0,8.6
madeira,4T2020,2020,4,2020-10-01,1489.1666666666667,7.8,7.305971958365474,0.035341830822711584,0.06293123959076863,39139.0,6098441.0,128.86744612614154,172.97285352837838,2.1266666666666665,488.87,22135.35,150377.77,2.1,10384846.0,10.5
madeira,1T2021,2021,1,2021-01-01,1548.8333333333333,8.133333333333333,7.3452572383292845,0.04006715165081132,0.08183934807916171,34614.0,5595240.0,133.69065495381548,152.97484228087814,1.9566666666666668,345.02,22480.37,164176.4,1.9000000000000001,,9.3
madeira,2T2021,2021,2,2021-04-01,1563.0,7.933333333333334,7.354362330421477,0.009146669536210128,0.08091286307053935,41736.0,6933006.0,137.38675721914424,184.45016517694373,2.1933333333333334,512.35,22992.72,164176.4,2.866666666666667,,8.1
madeira,3T2021,2021,3,2021-07-01,1595.1666666666667,8.0,7.374733502967851,0.020580081040733722,0.10903823870220175,43447.0,7345978.0,139.83759623515712,192.0118441259985,2.18,570.74,23563.46,164176.4,4.033333333333334,,7.3
madeira,4T2021,2021,4,2021-10-01,1655.0,8.333333333333334,7.411556287811163,0.03750914220039703,0.11135982092893104,45885.0,8225207.0,148.2552976019511,202.7864632246517,2.1533333333333333,700.74,24264.2,164176.4,5.300000000000001,,6.3
madeira,1T2022,2022,1,2022-01-01,1692.8333333333333,9.299999999999999,7.434158932711446,0.02286002014098676,0.09297320563865275,43544.0,8081797.0,153.50189341648706,192.44053077594492,2.3266666666666667,615.95,24880.15,175732.61,6.766666666666667,10764411.0,7.0
madeira,2T2022,2022,2,2022-04-01,1810.3333333333333,9.9,7.501266269366735,0.06941025893472474,0.15824269567071858,43607.0,8287705.0,157.1853964180325,192.71895612591013,2.98,1047.15,25927.3,175732.61,8.666666666666666,10764411.0,7.1
madeira,3T2022,2022,3,2022-07-01,1898.8333333333333,10.633333333333333,7.548994941470061,0.0488860246731726,0.1903667328387837,42223.0,8051492.0,157.71078703058802,186.6024373266747,3.2266666666666666,738.85,26666.15,175732.61,10.333333333333334,10764411.0,6.1
madeira,4T2022,2022,4,2022-10-01,2023.6666666666667,10.866666666666667,7.612666326462325,0.06574212235583254,0.2227593152064451,38526.0,7362219.0,158.04797371910158,170.26373067871702,3.9066666666666667,762.23,27428.38,175732.61,11.566666666666668,10764411.0,6.9
madeira,1T2023,2023,1,2023-01-01,2137.3333333333335,11.0,7.667314225061334,0.056168670729698666,0.26257753273604423,34493.0,6857332.0,164.42139501587408,152.440088830945,4.003333333333333,850.7,28279.08,192753.71,,11067026.0,6.5
madeira,2T2023,2023,2,2023-04-01,2214.6666666666665,12.366666666666667,7.702857182065076,0.03618215845290074,0.22334744982507826,33624.0,6904628.0,169.83415260390527,148.59958678142505,4.073333333333333,1030.38,29309.46,192753.71,,11067026.0,6.4
madeira,3T2023,2023,3,2023-07-01,2342.5,13.4,7.758974014112577,0.057721252257676214,0.23365224260510842,34256.0,7072380.0,170.75092220163313,151.39267918107592,3.9966666666666666,1140.31,30449.77,192753.71,,11067026.0,4.9
madeira,4T2023,2023,4,2023-10-01,2496.6666666666665,13.1,7.822711787843155,0.06581287797936675,0.2337341459397133,34126.0,7174277.0,173.87088910761483,150.81815068114773,3.966666666666667,853.13,31302.9,192753.71,,11067026.0,6.1
madeira,1T2024,2024,1,2024-01-01,2613.5,13.799999999999999,7.868445598152976,0.04679572763684914,0.2227854023705551,33077.0,6730533.0,168.28967248471187,146.18214763172722,3.813333333333333,664.25,31967.15,201383.75,,11295785.0,5.9
madeira,2T2024,2024,2,2024-04-01,2657.8333333333335,14.033333333333333,7.885266533519918,0.016963203877303767,0.20010535821794107,37125.0,7876682.0,175.47327047702692,164.072081229491,3.8699999999999997,863.79,32830.94,201383.75,,11295785.0,5.2
madeira,3T2024,2024,3,2024-07-01,2751.8333333333335,13.666666666666666,7.920022635203778,0.035367153696620024,0.17474208466737817,40909.0,9052016.0,183.003994750677,180.7952800274006,3.6733333333333333,962.02,33792.96,201383.75,,11295785.0,5.7
madeira,4T2024,2024,4,2024-10-01,2891.1666666666665,14.9,7.969415390533354,0.05063291139240489,0.15801068090787718,45214.0,10173942.0,186.10174614443363,199.8210122750224,3.41,1048.07,34841.03,201383.75,,11295785.0,5.7
madeira,1T2025,2025,1,2025-01-01,3014.5,15.6,8.01118925792946,0.04265867296938963,0.1534340922135069,41358.0,9617638.0,192.3282226547581,182.77961307715256,3.4499999999999997,968.9,35809.93,213730.82,,11405627.0,6.7
portalegre,1T2015,2015,1,2015-01-01,693.0,,6.541029999189903,,,21762.0,2662680.0,101.19388995618124,96.176070887978,,319.12,12554.79,125514.7,0.7000000000000001,10381838.0,14.2
portalegre,2T2015,2015,2,2015-04-01,681.6666666666666,,6.524540779808793,-0.016354016354016454,,20614.0,2509888.0,100.69923957118108,91.10254228861218,,297.14,12851.93,125514.7,0.8333333333333334,10381838.0,12.4
portalegre,3T2015,2015,3,2015-07-01,658.3333333333334,3.1,6.4897113886671125,-0.03422982885085568,,22928.0,2697752.0,97.31280042246271,101.32914958733386,,319.68,13171.62,125514.7,1.1333333333333335,10381838.0,12.3
portalegre,4T2015,2015,4,2015-10-01,653.3333333333334,3.3499999999999996,6.482087463556454,-0.0075949367088608,,25205.0,3071762.0,100.79407005017497,111.39223723607596,,405.34,13576.96,125514.7,1.2000000000000002,10381838.0,12.5
portalegre,1T2016,2016,1,2016-01-01,661.3333333333334,,6.494257999176709,0.012244897959183598,-0.04569504569504568,24926.0,3001077.0,99.57691524589762,110.1592106862301,,434.9,14011.86,127838.92,1.3666666666666665,10356516.0,12.8
portalegre,2T2016,2016,2,2016-04-01,657.6666666666666,,6.488698217354505,-0.005544354838709742,-0.03520782396088018,26890.0,3267885.0,100.5101875107177,118.83901048514512,,401.38,14413.24,127838.92,1.3666666666666665,10356516.0,11.2
portalegre,3T2016,2016,3,2016-07-01,629.3333333333334,3.3,6.444661058037337,-0.04308160162189545,-0.04405063291139244,26675.0,3173236.0,98.38571929954205,117.8888287352639,,331.47,14744.71,127838.92,1.2000000000000002,10356516.0,10.9
portalegre,4T2016,2016,4,2016-10-01,608.6666666666666,3.3333333333333335,6.411270772486804,-0.03283898305084754,-0.06836734693877566,28999.0,3551512.0,101.2894901297318,128.15963053398005,,408.85,15153.56,127838.92,1.2000000000000002,10356516.0,10.8
portalegre,1T2017,2017,1,2017-01-01,592.6666666666666,3.45,6.38463212740574,-0.026286966046002225,-0.10383064516129048,29975.0,3800102.0,104.85042196590872,132.4730137334409,,489.78,15643.34,138586.19,1.2666666666666668,10340124.0,10.4
portalegre,2T2017,2017,2,2017-04-01,634.0,3.3,6.452048954437226,0.06974128233970767,-0.03598580841358334,31197.0,4021419.0,106.61065537213086,137.8735816327658,,370.69,16014.03,138586.19,1.3333333333333333,10340124.0,9.1
portalegre,3T2017,2017,3,2017-07-01,724.3333333333334,,6.58525169158832,0.14248159831756047,0.15095338983050843,32722.0,4258992.0,107.64679513938984,144.61324288192336,,384.08,16398.1,138586.19,1.5,10340124.0,8.8
portalegre,4T2017,2017,4,2017-10-01,722.0,3.6666666666666665,6.582025138892826,-0.003221352968246771,0.18619934282584882,35940.0,4898678.0,112.72881483438267,158.83503298014563,,440.43,16838.54,138586.19,1.7666666666666668,10340124.0,8.3
portalegre,1T2018,2018,1,2018-01-01,798.3333333333334,,6.682526221176906,0.10572483841181901,0.34701912260967394,34449.0,4755125.0,114.16144018167434,152.2456330309693,,495.45,17333.99,136252.87,1.8,10334633.0,8.0
portalegre,2T2018,2018,2,2018-04-01,737.6666666666666,,6.60349205138294,-0.07599164926931112,0.16351209253417442,38730.0,5425227.0,115.8522674050557,171.16529847860434,,514.24,17848.23,136252.87,1.9000000000000001,10334633.0,6.9
portalegre,3T2018,2018,3,2018-07-01,761.6666666666666,,6.635509014660196,0.03253502033438771,0.05154164749194656,38964.0,5512302.0,117.00477583884005,172.19944977847507,,434.61,18282.84,136252.87,2.1333333333333333,10334633.0,6.800000000000001
portalegre,4T2018,2018,4,2018-10-01,784.0,,6.664409020350408,0.029321663019693744,0.08587257617728539,39066.0,5414883.0,114.63685212246476,172.65023367841872,2.64,498.33,18781.17,136252.87,2.233333333333334,10334633.0,6.7
portalegre,1T2019,2019,1,2019-01-01,779.3333333333334,,6.658438853363904,-0.005952380952380931,-0.023799582463465585,36954.0,5261090.0,117.7466059092851,163.31635527958545,2.8666666666666667,445.76,19226.93,148342.92,2.366666666666667,10354446.0,6.9
portalegre,2T2019,2019,2,2019-04-01,756.6666666666666,,6.628922821807339,-0.029084687767322648,0.02575689109805701,36681.0,5414806.0,122.08880842455076,162.10984542973628,3.1566666666666667,415.35,19642.28,148342.92,2.466666666666667,10354446.0,6.300000000000001
portalegre,3T2019,2019,3,2019-07-01,774.3333333333334,,6.652002444102299,0.023348017621145578,0.016630196936542774,39554.0,5800028.0,121.2757031962132,174.80692527814915,2.4133333333333336,418.47,20060.75,148342.92,2.4000000000000004,10354446.0,6.2
portalegre,4T2019,2019,4,2019-10-01,671.3333333333334,4.45,6.509265784610398,-0.133017649591046,-0.14370748299319724,41676.0,6136268.0,121.77339389322496,184.18499817697688,2.1866666666666665,490.46,20551.21,148342.92,2.4000000000000004,10354446.0,6.800000000000001
portalegre,1T2020,2020,1,2020-01-01,673.6666666666666,,6.512735428735511,0.0034756703078449025,-0.13558597091531233,36399.0,5785538.0,131.4584231641285,160.86356052989206,2.21,468.51,21019.72,150377.77,2.533333333333333,10384846.0,6.9
portalegre,2T2020,2020,2,2020-04-01,643.0,,6.466144724237619,-0.045522018802572894,-0.1502202643171806,26379.0,4125502.0,129.34587844472952,116.5806715354274,2.21,274.49,21294.21,150377.77,2.2,10384846.0,5.7
portalegre,3T2020,2020,3,2020-07-01,638.6666666666666,,6.459382669862696,-0.006739243131156147,-0.1752044769694362,35596.0,5427603.0,126.10752326248976,157.31474218033566,2.08,352.27,21646.48,150377.77,2.1333333333333333,10384846.0,8.200000000000001
portalegre,4T2020,2020,4,2020-10-01,628.0,,6.4425401664681985,-0.01670146137787054,-0.06454816285998022,39139.0,6098441.0,128.86744612614154,172.97285352837838,2.1266666666666665,488.87,22135.35,150377.77,2.1,10384846.0,7.300000000000001
portalegre,1T2021,2021,1,2021-01-01,632.3333333333334,,6.4494166812669045,0.006900212314225218,-0.061355764473033036,34614.0,5595240.0,133.69065495381548,152.97484228087814,1.9566666666666668,345.02,22480.37,164176.4,1.9000000000000001,,7.2
portalegre,2T2021,2021,2,2021-04-01,613.6666666666666,,6.419451892564968,-0.029520295202952185,-0.04561949196474868,41736.0,6933006.0,137.38675721914424,184.45016517694373,2.1933333333333334,512.35,22992.72,164176.4,2.866666666666667,,6.9
portalegre,3T2021,2021,3,2021-07-01,598.6666666666666,,6.394704960194035,-0.024443237370994075,-0.06263048016701467,43447.0,7345978.0,139.83759623515712,192.0118441259985,2.18,570.74,23563.46,164176.4,4.033333333333334,,6.300000000000001
portalegre,4T2021,2021,4,2021-10-01,601.0,,6.398594934535208,0.0038975501113587274,-0.042993630573248454,45885.0,8225207.0,148.2552976019511,202.7864632246517,2.1533333333333333,700.74,24264.2,164176.4,5.300000000000001,,6.300000000000001
portalegre,1T2022,2022,1,2022-01-01,597.6666666666666,,6.393033184937023,-0.005546311702717799,-0.054823405376910994,43544.0,8081797.0,153.50189341648706,192.44053077594492,2.3266666666666667,615.95,24880.15,175732.61,6.766666666666667,10764411.0,6.0
portalegre,2T2022,2022,2,2022-04-01,608.3333333333334,,6.410722977348482,0.01784718349135539,-0.00869092884302003,43607.0,8287705.0,157.1853964180325,192.71895612591013,2.98,1047.15,25927.3,175732.61,8.666666666666666,10764411.0,5.9
portalegre,3T2022,2022,3,2022-07-01,640.6666666666666,,6.462509300862128,0.05315068493150665,0.07015590200445443,42223.0,8051492.0,157.71078703058802,186.6024373266747,3.2266666666666666,738.85,26666.15,175732.61,10.333333333333334,10764411.0,5.9
portalegre,4T2022,2022,4,2022-10-01,638.0,4.7,6.45833828334479,-0.004162330905306932,0.061564059900166335,38526.0,7362219.0,158.04797371910158,170.26373067871702,3.9066666666666667,762.23,27428.38,175732.61,11.566666666666668,10764411.0,6.7
portalegre,1T2023,2023,1,2023-01-01,631.6666666666666,5.166666666666667,6.448361828848417,-0.009926854754440995,0.05688789737869482,34493.0,6857332.0,164.42139501587408,152.440088830945,4.003333333333333,850.7,28279.08,192753.71,,11067026.0,7.2
portalegre,2T2023,2023,2,2023-04-01,650.0,5.466666666666666,6.476972362889683,0.029023746701847042,0.06849315068493134,33624.0,6904628.0,169.83415260390527,148.59958678142505,4.073333333333333,1030.38,29309.46,192753.71,,11067026.0,6.1000000000000005
portalegre,3T2023,2023,3,2023-07-01,677.0,5.733333333333333,6.517671272912275,0.041538461538461524,0.05671175858480759,34256.0,7072380.0,170.75092220163313,151.39267918107592,3.9966666666666666,1140.31,30449.77,192753.71,,11067026.0,6.1000000000000005
portalegre,4T2023,2023,4,2023-10-01,696.0,5.8999999999999995,6.54534966033442,0.028064992614475592,0.09090909090909083,34126.0,7174277.0,173.87088910761483,150.81815068114773,3.966666666666667,853.13,31302.9,192753.71,,11067026.0,6.6000000000000005
portalegre,1T2024,2024,1,2024-01-01,714.3333333333334,6.2,6.571349706805467,0.02634099616858232,0.13087071240105552,33077.0,6730533.0,168.28967248471187,146.18214763172722,3.813333333333333,664.25,31967.15,201383.75,,11295785.0,6.800000000000001
portalegre,2T2024,2024,2,2024-04-01,725.3333333333334,6.3999999999999995,6.586631319307724,0.015398973401773208,0.11589743589743606,37125.0,7876682.0,175.47327047702692,164.072081229491,3.8699999999999997,863.79,32830.94,201383.75,,11295785.0,6.2
portalegre,3T2024,2024,3,2024-07-01,751.0,6.1000000000000005,6.621405651764134,0.03538602941176472,0.10930576070901044,40909.0,9052016.0,183.003994750677,180.7952800274006,3.6733333333333333,962.02,33792.96,201383.75,,11295785.0,6.2
portalegre,4T2024,2024,4,2024-10-01,795.0,6.933333333333334,6.678342114654332,0.05858854860186424,0.14224137931034475,45214.0,10173942.0,186.10174614443363,199.8210122750224,3.41,1048.07,34841.03,201383.75,,11295785.0,6.7
portalegre,1T2025,2025,1,2025-01-01,831.3333333333334,6.7,6.723030837571872,0.045702306079664634,0.1637890807279514,41358.0,9617638.0,192.3282226547581,182.77961307715256,3.4499999999999997,968.9,35809.93,213730.82,,11405627.0,6.6000000000000005
porto,1T2015,2015,1,2015-01-01,973.6666666666666,4.8,6.881069013719631,,,21762.0,2662680.0,101.19388995618124,96.176070887978,,319.12,12554.79,125514.7,0.7000000000000001,10381838.0,14.2
porto,2T2015,2015,2,2015-04-01,999.6666666666666,5.1,6.907421890080899,0.026703183841150224,,20614.0,2509888.0,100.69923957118108,91.10254228861218,,297.14,12851.93,125514.7,0.8333333333333334,10381838.0,12.4
porto,3T2015,2015,3,2015-07-01,999.3333333333334,5.366666666666667,6.907088389994433,-0.00033344448149374983,,22928.0,2697752.0,97.31280042246271,101.32914958733386,,319.68,13171.62,125514.7,1.1333333333333335,10381838.0,12.3
porto,4T2015,2015,4,2015-10-01,968.3333333333334,5.233333333333333,6.875576380617902,-0.031020680453635707,,25205.0,3071762.0,100.79407005017497,111.39223723607596,,405.34,13576.96,125514.7,1.2000000000000002,10381838.0,12.5
porto,1T2016,2016,1,2016-01-01,1023.6666666666666,5.566666666666666,6.931146231772713,0.05714285714285716,0.05135227661759667,24926.0,3001077.0,99.57691524589762,110.1592106862301,,434.9,14011.86,127838.92,1.3666666666666665,10356516.0,12.8
porto,2T2016,2016,2,2016-04-01,1004.6666666666666,5.733333333333333,6.912411090518331,-0.018560729404102916,0.00500166722240758,26890.0,3267885.0,100.5101875107177,118.83901048514512,,401.38,14413.24,127838.92,1.3666666666666665,10356516.0,11.2
porto,3T2016,2016,3,2016-07-01,1024.3333333333333,6.366666666666667,6.931797273462375,0.019575315195753173,0.025016677785190122,26675.0,3173236.0,98.38571929954205,117.8888287352639,,331.47,14744.71,127838.92,1.2000000000000002,10356516.0,10.9
porto,4T2016,2016,4,2016-10-01,1060.3333333333333,7.533333333333334,6.966338603081034,0.03514480963228106,0.09500860585197923,28999.0,3551512.0,101.2894901297318,128.15963053398005,,408.85,15153.56,127838.92,1.2000000000000002,10356516.0,10.8
porto,1T2017,2017,1,2017-01-01,1096.0,8.033333333333333,6.999422467507961,0.0336372209996858,0.07066102246825134,29975.0,3800102.0,104.85042196590872,132.4730137334409,,489.78,15643.34,138586.19,1.2666666666666668,10340124.0,10.4
porto,2T2017,2017,2,2017-04-01,1138.3333333333333,7.766666666666667,7.037320483336781,0.03862530413625298,0.13304578633045794,31197.0,4021419.0,106.61065537213086,137.8735816327658,,370.69,16014.03,138586.19,1.3333333333333333,10340124.0,9.1
porto,3T2017,2017,3,2017-07-01,1175.0,7.666666666666667,7.069023426578259,0.03221083455344087,0.14708753660917684,32722.0,4258992.0,107.64679513938984,144.61324288192336,,384.08,16398.1,138586.19,1.5,10340124.0,8.8
porto,4T2017,2017,4,2017-10-01,1262.3333333333333,7.666666666666667,7.1407171392336855,0.07432624113475161,0.1905061301477522,35940.0,4898678.0,112.72881483438267,158.83503298014563,,440.43,16838.54,138586.19,1.7666666666666668,10340124.0,8.3
porto,1T2018,2018,1,2018-01-01,1327.3333333333333,7.833333333333333,7.190927195956032,0.05149194613150243,0.21107055961070542,34449.0,4755125.0,114.16144018167434,152.2456330309693,,495.45,17333.99,136252.87,1.8,10334633.0,8.0
porto,2T2018,2018,2,2018-04-01,1409.3333333333333,8.166666666666666,7.2508720583220185,0.061778001004520355,0.23806734992679357,38730.0,5425227.0,115.8522674050557,171.16529847860434,,514.24,17848.23,136252.87,1.9000000000000001,10334633.0,6.9
porto,3T2018,2018,3,2018-07-01,1590.3333333333333,8.766666666666667,7.371698916847997,0.1284295175023651,0.35347517730496447,38964.0,5512302.0,117.00477583884005,172.19944977847507,,434.61,18282.84,136252.87,2.1333333333333333,10334633.0,6.800000000000001
porto,4T2018,2018,4,2018-10-01,1600.3333333333333,8.866666666666667,7.377967219862831,0.006287989939216088,0.26775811988381304,39066.0,5414883.0,114.63685212246476,172.65023367841872,2.64,498.33,18781.17,136252.87,2.233333333333334,10334633.0,6.7
porto,1T2019,2019,1,2019-01-01,1699.3333333333333,9.366666666666667,7.437991296267951,0.061862112059987595,0.28026117528879957,36954.0,5261090.0,117.7466059092851,163.31635527958545,2.8666666666666667,445.76,19226.93,148342.92,2.366666666666667,10354446.0,6.9
porto,2T2019,2019,2,2019-04-01,1799.0,9.466666666666667,7.4949862339505335,0.05865045115731671,0.2764900662251657,36681.0,5414806.0,122.08880842455076,162.10984542973628,3.1566666666666667,415.35,19642.28,148342.92,2.466666666666667,10354446.0,6.300000000000001
porto,3T2019,2019,3,2019-07-01,1860.6666666666667,9.466666666666667,7.528690125428158,0.03427830276079313,0.16998532802347532,39554.0,5800028.0,121.2757031962132,174.80692527814915,2.4133333333333336,418.47,20060.75,148342.92,2.4000000000000004,10354446.0,6.2
porto,4T2019,2019,4,2019-10-01,1901.0,9.733333333333334,7.550135342488429,0.021676818344679383,0.18787752551551762,41676.0,6136268.0,121.77339389322496,184.18499817697688,2.1866666666666665,490.46,20551.21,148342.92,2.4000000000000004,10354446.0,6.800000000000001
porto,1T2020,2020,1,2020-01-01,1964.0,10.066666666666666,7.582738488914411,0.03314045239347707,0.15574735190270705,36399.0,5785538.0,131.4584231641285,160.86356052989206,2.21,468.51,21019.72,150377.77,2.533333333333333,10384846.0,6.9
porto,2T2020,2020,2,2020-04-01,2050.6666666666665,10.0,7.625920222517371,0.04412763068567549,0.13989253288864179,26379.0,4125502.0,129.34587844472952,116.5806715354274,2.21,274.49,21294.21,150377.77,2.2,10384846.0,5.7
porto,3T2020,2020,3,2020-07-01,2047.0,9.766666666666667,7.624130585661289,-0.0017880364109231772,0.10014331780723751,35596.0,5427603.0,126.10752326248976,157.31474218033566,2.08,352.27,21646.48,150377.77,2.1333333333333333,10384846.0,8.200000000000001
porto,4T2020,2020,4,2020-10-01,2086.3333333333335,9.766666666666667,7.6431634182565915,0.019215111545350938,0.09749254778186933,39139.0,6098441.0,128.86744612614154,172.97285352837838,2.1266666666666665,488.87,22135.35,150377.77,2.1,10384846.0,7.300000000000001
porto,1T2021,2021,1,2021-01-01,2138.6666666666665,9.866666666666667,7.667937860878241,0.025083879213931848,0.08893414799728427,34614.0,5595240.0,133.69065495381548,152.97484228087814,1.9566666666666668,345.02,22480.37,164176.4,1.9000000000000001,,7.2
porto,2T2021,2021,2,2021-04-01,2186.0,9.866666666666667,7.689828668736484,0.0221321695760599,0.06599479843953193,41736.0,6933006.0,137.38675721914424,184.45016517694373,2.1933333333333334,512.35,22992.72,164176.4,2.866666666666667,,6.9
porto,3T2021,2021,3,2021-07-01,2239.0,9.933333333333334,7.713784616598755,0.024245196706312866,0.09379579872984856,43447.0,7345978.0,139.83759623515712,192.0118441259985,2.18,570.74,23563.46,164176.4,4.033333333333334,,6.300000000000001
porto,4T2021,2021,4,2021-10-01,2268.0,9.8,7.7266536648476425,0.012952210808396591,0.08707461255791649,45885.0,8225207.0,148.2552976019511,202.7864632246517,2.1533333333333333,700.74,24264.2,164176.4,5.300000000000001,,6.300000000000001
porto,1T2022,2022,1,2022-01-01,2305.0,9.9,7.742835955430749,0.016313932980599688,0.07777431421446401,43544.0,8081797.0,153.50189341648706,192.44053077594492,2.3266666666666667,615.95,24880.15,175732.61,6.766666666666667,10764411.0,6.0
porto,2T2022,2022,2,2022-04-01,2342.3333333333335,10.0,7.758902862524088,0.01619667389732471,0.07151570600792923,43607.0,8287705.0,157.1853964180325,192.71895612591013,2.98,1047.15,25927.3,175732.61,8.666666666666666,10764411.0,5.9
porto,3T2022,2022,3,2022-07-01,2375.3333333333335,10.266666666666666,7.772893057497671,0.014088515725060535,0.060890278398094466,42223.0,8051492.0,157.71078703058802,186.6024373266747,3.2266666666666666,738.85,26666.15,175732.61,10.333333333333334,10764411.0,5.9
porto,4T2022,2022,4,2022-10-01,2403.6666666666665,11.533333333333333,7.784750628248649,0.011928150435026597,0.05981775426219871,38526.0,7362219.0,158.04797371910158,170.26373067871702,3.9066666666666667,762.23,27428.38,175732.61,11.566666666666668,10764411.0,6.7
porto,1T2023,2023,1,2023-01-01,2421.0,12.700000000000001,7.791935956938058,0.007211205103314411,0.05032537960954442,34493.0,6857332.0,164.42139501587408,152.440088830945,4.003333333333333,850.7,28279.08,192753.71,,11067026.0,7.2
porto,2T2023,2023,2,2023-04-01,2472.6666666666665,13.066666666666668,7.813052469381426,0.0213410436458763,0.05564252170200645,33624.0,6904628.0,169.83415260390527,148.59958678142505,4.073333333333333,1030.38,29309.46,192753.71,,11067026.0,6.1000000000000005
porto,3T2023,2023,3,2023-07-01,2456.0,13.933333333333332,7.806289289267033,-0.006740361283364749,0.033960145944428755,34256.0,7072380.0,170.75092220163313,151.39267918107592,3.9966666666666666,1140.31,30449.77,192753.71,,11067026.0,6.1000000000000005
porto,4T2023,2023,4,2023-10-01,2484.3333333333335,14.9,7.817759626213584,0.011536373507057718,0.033559839134655434,34126.0,7174277.0,173.87088910761483,150.81815068114773,3.966666666666667,853.13,31302.9,192753.71,,11067026.0,6.6000000000000005
porto,1T2024,2024,1,2024-01-01,2566.3333333333335,15.1,7.85023344060994,0.033006842882060905,0.0600302905135619,33077.0,6730533.0,168.28967248471187,146.18214763172722,3.813333333333333,664.25,31967.15,201383.75,,11295785.0,6.800000000000001
porto,2T2024,2024,2,2024-04-01,2616.0,15.299999999999999,7.86940171257709,0.019353162748408925,0.05796710703693719,37125.0,7876682.0,175.47327047702692,164.072081229491,3.8699999999999997,863.79,32830.94,201383.75,,11295785.0,6.2
porto,3T2024,2024,3,2024-07-01,2729.0,15.366666666666667,7.911690520708339,0.04319571865443428,0.11115635179153105,40909.0,9052016.0,183.003994750677,180.7952800274006,3.6733333333333333,962.02,33792.96,201383.75,,11295785.0,6.2
porto,4T2024,2024,4,2024-10-01,2857.3333333333335,15.566666666666668,7.957644067925358,0.047025772566263724,0.15014088286596006,45214.0,10173942.0,186.10174614443363,199.8210122750224,3.41,1048.07,34841.03,201383.75,,11295785.0,6.7
porto,1T2025,2025,1,2025-01-01,2790.0,15.566666666666668,7.933796874815411,-0.023565095660289415,0.08715417586699559,41358.0,9617638.0,192.3282226547581,182.77961307715256,3.4499999999999997,968.9,35809.93,213730.82,,11405627.0,6.6000000000000005
santarem,1T2015,2015,1,2015-01-01,701.6666666666666,3.466666666666667,6.553458457448372,,,21762.0,2662680.0,101.19388995618124,96.176070887978,,319.12,12554.79,125514.7,0.7000000000000001,10381838.0,14.2
santarem,2T2015,2015,2,2015-04-01,707.0,3.4,6.561030665896573,0.0076009501187648265,,20614.0,2509888.0,100.69923957118108,91.10254228861218,,297.14,12851.93,125514.7,0.8333333333333334,10381838.0,12.4
santarem,3T2015,2015,3,2015-07-01,748.6666666666666,3.4,6.618293846630278,0.058934464875058934,,22928.0,2697752.0,97.31280042246271,101.32914958733386,,319.68,13171.62,125514.7,1.1333333333333335,10381838.0,12.3
santarem,4T2015,2015,4,2015-10-01,743.3333333333334,3.4,6.611144575786055,-0.007123775601068472,,25205.0,3071762.0,100.79407005017497,111.39223723607596,,405.34,13576.96,125514.7,1.2000000000000002,10381838.0,12.5
santarem,1T2016,2016,1,2016-01-01,729.3333333333334,3.466666666666667,6.592130874873762,-0.01883408071748882,0.03942992874109286,24926.0,3001077.0,99.57691524589762,110.1592106862301,,434.9,14011.86,127838.92,1.3666666666666665,10356516.0,12.8
santarem,2T2016,2016,2,2016-04-01,727.6666666666666,3.4333333333333336,6.5898430678818345,-0.0022851919561244216,0.029231494578029205,26890.0,3267885.0,100.5101875107177,118.83901048514512,,401.38,14413.24,127838.92,1.3666666666666665,10356516.0,11.2
santarem,3T2016,2016,3,2016-07-01,720.0,3.4,6.579251212010101,-0.010535959688501961,-0.03829029385574345,26675.0,3173236.0,98.38571929954205,117.8888287352639,,331.47,14744.71,127838.92,1.2000000000000002,10356516.0,10.9
santarem,4T2016,2016,4,2016-10-01,740.0,3.5666666666666664,6.606650186198215,0.02777777777777768,-0.004484304932735439,28999.0,3551512.0,101.2894901297318,128.15963053398005,,408.85,15153.56,127838.92,1.2000000000000002,10356516.0,10.8
santarem,1T2017,2017,1,2017-01-01,737.3333333333334,3.5666666666666664,6.603040073974116,-0.003603603603603567,0.010968921389396646,29975.0,3800102.0,104.85042196590872,132.4730137334409,,489.78,15643.34,138586.19,1.2666666666666668,10340124.0,10.4
santarem,2T2017,2017,2,2017-04-01,726.3333333333334,3.9666666666666663,6.58800904627651,-0.014918625678119302,-0.00183234081539152,31197.0,4021419.0,106.61065537213086,137.8735816327658,,370.69,16014.03,138586.19,1.3333333333333333,10340124.0,9.1
santarem,3T2017,2017,3,2017-07-01,728.0,3.8333333333333335,6.590301048196686,0.0022946305644790943,0.011111111111111072,32722.0,4258992.0,107.64679513938984,144.61324288192336,,384.08,16398.1,138586.19,1.5,10340124.0,8.8
santarem,4T2017,2017,4,2017-10-01,739.3333333333334,3.6666666666666665,6.605748879242203,0.015567765567765512,-0.0009009009009008917,35940.0,4898678.0,112.72881483438267,158.83503298014563,,440.43,16838.54,138586.19,1.7666666666666668,10340124.0,8.3
santarem,1T2018,2018,1,2018-01-01,742.6666666666666,3.8666666666666667,6.610247312379065,0.0045085662759241085,0.00723327305605781,34449.0,4755125.0,114.16144018167434,152.2456330309693,,495.45,17333.99,136252.87,1.8,10334633.0,8.0
santarem,2T2018,2018,2,2018-04-01,754.6666666666666,3.9333333333333336,6.626276150654964,0.016157989228007263,0.039008719596144825,38730.0,5425227.0,115.8522674050557,171.16529847860434,,514.24,17848.23,136252.87,1.9000000000000001,10334633.0,6.9
santarem,3T2018,2018,3,2018-07-01,765.0,4.066666666666666,6.639875833826536,0.01369257950530045,0.050824175824175866,38964.0,5512302.0,117.00477583884005,172.19944977847507,,434.61,18282.84,136252.87,2.1333333333333333,10334633.0,6.800000000000001
santarem,4T2018,2018,4,2018-10-01,767.3333333333334,4.1,6.642921300613718,0.003050108932461937,0.037871956717763666,39066.0,5414883.0,114.63685212246476,172.65023367841872,2.64,498.33,18781.17,136252.87,2.233333333333334,10334633.0,6.7
santarem,1T2019,2019,1,2019-01-01,781.6666666666666,4.266666666666667,6.66142839221227,0.018679409209382936,0.05251346499102327,36954.0,5261090.0,117.7466059092851,163.31635527958545,2.8666666666666667,445.76,19226.93,148342.92,2.366666666666667,10354446.0,6.9
santarem,2T2019,2019,2,2019-04-01,785.3333333333334,4.4,6.666108256103367,0.004690831556503294,0.04063604240282692,36681.0,5414806.0,122.08880842455076,162.10984542973628,3.1566666666666667,415.35,19642.28,148342.92,2.466666666666667,10354446.0,6.300000000000001
santarem,3T2019,2019,3,2019-07-01,789.0,4.366666666666667,6.670766320845874,0.004668930390492321,0.031372549019607954,39554.0,5800028.0,121.2757031962132,174.80692527814915,2.4133333333333336,418.47,20060.75,148342.92,2.4000000000000004,10354446.0,6.2
santarem,4T2019,2019,4,2019-10-01,774.0,4.5,6.651571873589727,-0.019011406844106515,0.008688097306689846,41676.0,6136268.0,121.77339389322496,184.18499817697688,2.1866666666666665,490.46,20551.21,148342.92,2.4000000000000004,10354446.0,6.800000000000001
santarem,1T2020,2020,1,2020-01-01,762.3333333333334,4.766666666666667,6.636383905354672,-0.015073212747631293,-0.024733475479744027,36399.0,5785538.0,131.4584231641285,160.86356052989206,2.21,468.51,21019.72,150377.77,2.533333333333333,10384846.0,6.9
santarem,2T2020,2020,2,2020-04-01,766.3333333333334,5.0,6.641617236095072,0.005247048535198973,-0.024193548387096753,26379.0,4125502.0,129.34587844472952,116.5806715354274,2.21,274.49,21294.21,150377.77,2.2,10384846.0,5.7
santarem,3T2020,2020,3,2020-07-01,775.3333333333334,4.966666666666667,6.6532930444105,0.01174423662461943,-0.017321504013519173,35596.0,5427603.0,126.10752326248976,157.31474218033566,2.08,352.27,21646.48,150377.77,2.1333333333333333,10384846.0,8.200000000000001
santarem,4T2020,2020,4,2020-10-01,782.0,4.833333333333333,6.661854740545311,0.008598452278589797,0.010335917312661591,39139.0,6098441.0,128.86744612614154,172.97285352837838,2.1266666666666665,488.87,22135.35,150377.77,2.1,10384846.0,7.300000000000001
santarem,1T2021,2021,1,2021-01-01,795.0,5.033333333333333,6.678342114654332,0.01662404092071612,0.042850896370791425,34614.0,5595240.0,133.69065495381548,152.97484228087814,1.9566666666666668,345.02,22480.37,164176.4,1.9000000000000001,,7.2
santarem,2T2021,2021,2,2021-04-01,800.0,4.966666666666666,6.684611727667927,0.0062893081761006275,0.04393214441061333,41736.0,6933006.0,137.38675721914424,184.45016517694373,2.1933333333333334,512.35,22992.72,164176.4,2.866666666666667,,6.9
santarem,3T2021,2021,3,2021-07-01,826.3333333333334,5.133333333333333,6.7169982433670805,0.032916666666666705,0.06577815993121239,43447.0,7345978.0,139.83759623515712,192.0118441259985,2.18,570.74,23563.46,164176.4,4.033333333333334,,6.300000000000001
santarem,4T2021,2021,4,2021-10-01,841.6666666666666,5.033333333333333,6.735384053041351,0.01855586930213793,0.0763000852514919,45885.0,8225207.0,148.2552976019511,202.7864632246517,2.1533333333333333,700.74,24264.2,164176.4,5.300000000000001,,6.300000000000001
santarem,1T2022,2022,1,2022-01-01,847.3333333333334,5.266666666666667,6.74209416308129,0.006732673267326739,0.06582809224318664,43544.0,8081797.0,153.50189341648706,192.44053077594492,2.3266666666666667,615.95,24880.15,175732.61,6.766666666666667,10764411.0,6.0
santarem,2T2022,2022,2,2022-04-01,882.0,5.7,6.782192056006791,0.04091266719118791,0.10250000000000004,43607.0,8287705.0,157.1853964180325,192.71895612591013,2.98,1047.15,25927.3,175732.61,8.666666666666666,10764411.0,5.9
santarem,3T2022,2022,3,2022-07-01,937.0,5.966666666666666,6.842683282238422,0.06235827664399096,0.13392496974586532,42223.0,8051492.0,157.71078703058802,186.6024373266747,3.2266666666666666,738.85,26666.15,175732.61,10.333333333333334,10764411.0,5.9
santarem,4T2022,2022,4,2022-10-01,985.6666666666666,6.266666666666667,6.8933182311843675,0.05193881181074356,0.17108910891089102,38526.0,7362219.0,158.04797371910158,170.26373067871702,3.9066666666666667,762.23,27428.38,175732.61,11.566666666666668,10764411.0,6.7
santarem,1T2023,2023,1,2023-01-01,1016.0,6.666666666666667,6.923628628138427,0.030774433547514413,0.19905586152635713,34493.0,6857332.0,164.42139501587408,152.440088830945,4.003333333333333,850.7,28279.08,192753.71,,11067026.0,7.2
santarem,2T2023,2023,2,2023-04-01,1039.6666666666667,7.0,6.946655427939693,0.02329396325459321,0.17876039304610747,33624.0,6904628.0,169.83415260390527,148.59958678142505,4.073333333333333,1030.38,29309.46,192753.71,,11067026.0,6.1000000000000005
santarem,3T2023,2023,3,2023-07-01,1078.0,7.066666666666666,6.982862751468942,0.03687079192048737,0.1504802561366061,34256.0,7072380.0,170.75092220163313,151.39267918107592,3.9966666666666666,1140.31,30449.77,192753.71,,11067026.0,6.1000000000000005
santarem,4T2023,2023,4,2023-10-01,1116.0,7.366666666666667,7.017506142941256,0.03525046382189245,0.13222861007778164,34126.0,7174277.0,173.87088910761483,150.81815068114773,3.966666666666667,853.13,31302.9,192753.71,,11067026.0,6.6000000000000005
santarem,1T2024,2024,1,2024-01-01,1136.0,7.466666666666666,7.035268599281097,0.017921146953405076,0.11811023622047245,33077.0,6730533.0,168.28967248471187,146.18214763172722,3.813333333333333,664.25,31967.15,201383.75,,11295785.0,6.800000000000001
santarem,2T2024,2024,2,2024-04-01,1166.6666666666667,7.8999999999999995,7.061905958809396,0.02699530516431925,0.12215453671048415,37125.0,7876682.0,175.47327047702692,164.072081229491,3.8699999999999997,863.79,32830.94,201383.75,,11295785.0,6.2
santarem,3T2024,2024,3,2024-07-01,1193.0,8.1,7.084226422097916,0.022571428571428465,0.10667903525046385,40909.0,9052016.0,183.003994750677,180.7952800274006,3.6733333333333333,962.02,33792.96,201383.75,,11295785.0,6.2
santarem,4T2024,2024,4,2024-10-01,1257.0,8.133333333333333,7.136483208590247,0.05364626990779553,0.1263440860215055,45214.0,10173942.0,186.10174614443363,199.8210122750224,3.41,1048.07,34841.03,201383.75,,11295785.0,6.7
santarem,1T2025,2025,1,2025-01-01,1313.6666666666667,8.366666666666667,7.180577488526894,0.04508088040307623,0.1563967136150235,41358.0,9617638.0,192.3282226547581,182.77961307715256,3.4499999999999997,968.9,35809.93,213730.82,,11405627.0,6.6000000000000005
setubal,1T2015,2015,1,2015-01-01,1008.0,4.5,6.915723448631314,,,21762.0,2662680.0,101.19388995618124,96.176070887978,,319.12,12554.79,125514.7,0.7000000000000001,10381838.0,14.2
setubal,2T2015,2015,2,2015-04-01,986.3333333333334,4.566666666666666,6.8939943637321,-0.021494708994708955,,20614.0,2509888.0,100.69923957118108,91.10254228861218,,297.14,12851.93,125514.7,0.8333333333333334,10381838.0,12.4
setubal,3T2015,2015,3,2015-07-01,1001.0,4.7,6.90875477931522,0.014869888475836479,,22928.0,2697752.0,97.31280042246271,101.32914958733386,,319.68,13171.62,125514.7,1.1333333333333335,10381838.0,12.3
setubal,4T2015,2015,4,2015-10-01,978.3333333333334,4.766666666666667,6.885850443594087,-0.022644022644022654,,25205.0,3071762.0,100.79407005017497,111.39223723607596,,405.34,13576.96,125514.7,1.2000000000000002,10381838.0,12.5
setubal,1T2016,2016,1,2016-01-01,977.3333333333334,4.833333333333333,6.884827774338432,-0.0010221465076660774,-0.030423280423280352,24926.0,3001077.0,99.57691524589762,110.1592106862301,,434.9,14011.86,127838.92,1.3666666666666665,10356516.0,12.8
setubal,2T2016,2016,2,2016-04-01,990.6666666666666,4.9,6.89837811716954,0.013642564802182733,0.004393376140587879,26890.0,3267885.0,100.5101875107177,118.83901048514512,,401.38,14413.24,127838.92,1.3666666666666665,10356516.0,11.2
setubal,3T2016,2016,3,2016-07-01,1010.3333333333334,4.9,6.918035588389693,0.0198519515477793,0.009324009324009452,26675.0,3173236.0,98.38571929954205,117.8888287352639,,331.47,14744.71,127838.92,1.2000000000000002,10356516.0,10.9
setubal,4T2016,2016,4,2016-10-01,1027.3333333333333,5.2,6.934721727211952,0.016826129990102245,0.05008517887563868,28999.0,3551512.0,101.2894901297318,128.15963053398005,,408.85,15153.56,127838.92,1.2000000000000002,10356516.0,10.8
setubal,1T2017,2017,1,2017-01-01,1041.3333333333333,5.366666666666667,6.948257222291467,0.013627514600908608,0.06548431105047747,29975.0,3800102.0,104.85042196590872,132.4730137334409,,489.78,15643.34,138586.19,1.2666666666666668,10340124.0,10.4
setubal,2T2017,2017,2,2017-04-01,1069.6666666666667,5.5,6.9751023524417475,0.02720870678617171,0.07974427994616429,31197.0,4021419.0,106.61065537213086,137.8735816327658,,370.69,16014.03,138586.19,1.3333333333333333,10340124.0,9.1
setubal,3T2017,2017,3,2017-07-01,1100.6666666666667,5.966666666666666,7.003671335811964,0.02898099096291684,0.08940943582975924,32722.0,4258992.0,107.64679513938984,144.61324288192336,,384.08,16398.1,138586.19,1.5,10340124.0,8.8
setubal,4T2017,2017,4,2017-10-01,1142.6666666666667,6.133333333333333,7.041119991049561,0.038158691701998704,0.11226476314081779,35940.0,4898678.0,112.72881483438267,158.83503298014563,,440.43,16838.54,138586.19,1.7666666666666668,10340124.0,8.3
setubal,1T2018,2018,1,2018-01-01,1170.3333333333333,6.400000000000001,7.065043887500322,0.02421236872812127,0.1238796414852752,34449.0,4755125.0,114.16144018167434,152.2456330309693,,495.45,17333.99,136252.87,1.8,10334633.0,8.0
setubal,2T2018,2018,2,2018-04-01,1211.6666666666667,6.666666666666667,7.09975210129951,0.035317573340928554,0.13275163602368334,38730.0,5425227.0,115.8522674050557,171.16529847860434,,514.24,17848.23,136252.87,1.9000000000000001,10334633.0,6.9
setubal,3T2018,2018,3,2018-07-01,1247.0,7.166666666666667,7.1284959456800365,0.02916093535075648,0.13294972743791633,38964.0,5512302.0,117.00477583884005,172.19944977847507,,434.61,18282.84,136252.87,2.1333333333333333,10334633.0,6.800000000000001
setubal,4T2018,2018,4,2018-10-01,1311.0,7.533333333333334,7.1785454837637,0.05132317562149158,0.14731621936989492,39066.0,5414883.0,114.63685212246476,172.65023367841872,2.64,498.33,18781.17,136252.87,2.233333333333334,10334633.0,6.7
setubal,1T2019,2019,1,2019-01-01,1353.6666666666667,7.866666666666667,7.210572239018188,0.03254513094330025,0.15665052691540882,36954.0,5261090.0,117.7466059092851,163.31635527958545,2.8666666666666667,445.76,19226.93,148342.92,2.366666666666667,10354446.0,6.9
setubal,2T2019,2019,2,2019-04-01,1405.6666666666667,7.733333333333333,7.24826696507845,0.038414183698596505,0.16011004126547457,36681.0,5414806.0,122.08880842455076,162.10984542973628,3.1566666666666667,415.35,19642.28,148342.92,2.466666666666667,10354446.0,6.300000000000001
setubal,3T2019,2019,3,2019-07-01,1469.3333333333333,8.0,7.292564062164641,0.045292862224330044,0.17829457364341073,39554.0,5800028.0,121.2757031962132,174.80692527814915,2.4133333333333336,418.47,20060.75,148342.92,2.4000000000000004,10354446.0,6.2
setubal,4T2019,2019,4,2019-10-01,1514.6666666666667,8.233333333333333,7.322950671732878,0.030852994555353952,0.15535214848716006,41676.0,6136268.0,121.77339389322496,184.18499817697688,2.1866666666666665,490.46,20551.21,148342.92,2.4000000000000004,10354446.0,6.800000000000001
setubal,1T2020,2020,1,2020-01-01,1576.3333333333333,8.366666666666667,7.362856753975766,0.04071302816901401,0.16449150455552797,36399.0,5785538.0,131.4584231641285,160.86356052989206,2.21,468.51,21019.72,150377.77,2.533333333333333,10384846.0,6.9
setubal,2T2020,2020,2,2020-04-01,1629.0,8.466666666666667,7.395721608602045,0.03341086910551927,0.15888072089162897,26379.0,4125502.0,129.34587844472952,116.5806715354274,2.21,274.49,21294.21,150377.77,2.2,10384846.0,5.7
setubal,3T2020,2020,3,2020-07-01,1649.3333333333333,8.3,7.408126444844269,0.012482095355023537,0.1225045372050817,35596.0,5427603.0,126.10752326248976,157.31474218033566,2.08,352.27,21646.48,150377.77,2.1333333333333333,10384846.0,8.200000000000001
setubal,4T2020,2020,4,2020-10-01,1678.0,8.4,7.425357887027151,0.01738075990299115,0.1078345070422535,39139.0,6098441.0,128.86744612614154,172.97285352837838,2.1266666666666665,488.87,22135.35,150377.77,2.1,10384846.0,7.300000000000001
setubal,1T2021,2021,1,2021-01-01,1729.6666666666667,8.466666666666667,7.45568399069963,0.030790623758442548,0.0972721505603722,34614.0,5595240.0,133.69065495381548,152.97484228087814,1.9566666666666668,345.02,22480.37,164176.4,1.9000000000000001,,7.2
setubal,2T2021,2021,2,2021-04-01,1790.0,8.466666666666667,7.489970898834801,0.0348814800539603,0.09883364027010444,41736.0,6933006.0,137.38675721914424,184.45016517694373,2.1933333333333334,512.35,22992.72,164176.4,2.866666666666667,,6.9
setubal,3T2021,2021,3,2021-07-01,1854.6666666666667,8.533333333333333,7.525460264375224,0.03612662942271894,0.12449474535165739,43447.0,7345978.0,139.83759623515712,192.0118441259985,2.18,570.74,23563.46,164176.4,4.033333333333334,,6.300000000000001
setubal,4T2021,2021,4,2021-10-01,1923.0,8.766666666666667,7.56164174558878,0.03684399712437081,0.14600715137067932,45885.0,8225207.0,148.2552976019511,202.7864632246517,2.1533333333333333,700.74,24264.2,164176.4,5.300000000000001,,6.300000000000001
setubal,1T2022,2022,1,2022-01-01,1987.3333333333333,8.966666666666667,7.594548985569907,0.03345467152019421,0.14896897282713417,43544.0,8081797.0,153.50189341648706,192.44053077594492,2.3266666666666667,615.95,24880.15,175732.61,6.766666666666667,10764411.0,6.0
setubal,2T2022,2022,2,2022-04-01,2067.3333333333335,9.066666666666666,7.6340148109922845,0.040254948004025515,0.15493482309124773,43607.0,8287705.0,157.1853964180325,192.71895612591013,2.98,1047.15,25927.3,175732.61,8.666666666666666,10764411.0,5.9
setubal,3T2022,2022,3,2022-07-01,2182.3333333333335,9.466666666666667,7.6881499197729815,0.05562721702676554,0.17667145938173978,42223.0,8051492.0,157.71078703058802,186.6024373266747,3.2266666666666666,738.85,26666.15,175732.61,10.333333333333334,10764411.0,5.9
setubal,4T2022,2022,4,2022-10-01,2272.3333333333335,10.133333333333333,7.7285624826946755,0.041240262715747766,0.18166059975732374,38526.0,7362219.0,158.04797371910158,170.26373067871702,3.9066666666666667,762.23,27428.38,175732.61,11.566666666666668,10764411.0,6.7
setubal,1T2023,2023,1,2023-01-01,2310.0,10.700000000000001,7.745002803515839,0.016576206542467276,0.16236162361623618,34493.0,6857332.0,164.42139501587408,152.440088830945,4.003333333333333,850.7,28279.08,192753.71,,11067026.0,7.2
setubal,2T2023,2023,2,2023-04-01,2362.0,11.266666666666666,7.767263996757308,0.022510822510822592,0.14253466623669775,33624.0,6904628.0,169.83415260390527,148.59958678142505,4.073333333333333,1030.38,29309.46,192753.71,,11067026.0,6.1000000000000005
setubal,3T2023,2023,3,2023-07-01,2445.3333333333335,11.833333333333334,7.801936725268191,0.035280835450183456,0.1205132121582404,34256.0,7072380.0,170.75092220163313,151.39267918107592,3.9966666666666666,1140.31,30449.77,192753.71,,11067026.0,6.1000000000000005
setubal,4T2023,2023,4,2023-10-01,2457.0,12.433333333333332,7.806696372521179,0.004770992366412097,0.08126741968607876,34126.0,7174277.0,173.87088910761483,150.81815068114773,3.966666666666667,853.13,31302.9,192753.71,,11067026.0,6.6000000000000005
setubal,1T2024,2024,1,2024-01-01,2463.6666666666665,12.6,7.809406034116777,0.0027133360466693457,0.06652236652236643,33077.0,6730533.0,168.28967248471187,146.18214763172722,3.813333333333333,664.25,31967.15,201383.75,,11295785.0,6.800000000000001
setubal,2T2024,2024,2,2024-04-01,2510.3333333333335,12.733333333333334,7.828170825433242,0.018941956433500273,0.06279988710132667,37125.0,7876682.0,175.47327047702692,164.072081229491,3.8699999999999997,863.79,32830.94,201383.75,,11295785.0,6.2
setubal,3T2024,2024,3,2024-07-01,2592.6666666666665,13.033333333333333,7.860442226047583,0.032797769220554995,0.06025081788440545,40909.0,9052016.0,183.003994750677,180.7952800274006,3.6733333333333333,962.02,33792.96,201383.75,,11295785.0,6.2
setubal,4T2024,2024,4,2024-10-01,2661.0,13.333333333333334,7.886457270977689,0.026356389817433934,0.08302808302808296,45214.0,10173942.0,186.10174614443363,199.8210122750224,3.41,1048.07,34841.03,201383.75,,11295785.0,6.7
setubal,1T2025,2025,1,2025-01-01,2714.3333333333335,13.733333333333334,7.906301652799022,0.02004259050482271,0.10174536598565842,41358.0,9617638.0,192.3282226547581,182.77961307715256,3.4499999999999997,968.9,35809.93,213730.82,,11405627.0,6.6000000000000005
viana-do-castelo,1T2015,2015,1,2015-01-01,897.6666666666666,3.9,6.79979880414349,,,21762.0,2662680.0,101.19388995618124,96.176070887978,,319.12,12554.79,125514.7,0.7000000000000001,10381838.0,14.2
viana-do-castelo,2T2015,2015,2,2015-04-01,941.3333333333334,3.9333333333333336,6.847297309945023,0.04864463423691068,,20614.0,2509888.0,100.69923957118108,91.10254228861218,,297.14,12851.93,125514.7,0.8333333333333334,10381838.0,12.4
viana-do-castelo,3T2015,2015,3,2015-07-01,939.0,3.9,6.844815479208263,-0.002478753541076517,,22928.0,2697752.0,97.31280042246271,101.32914958733386,,319.68,13171.62,125514.7,1.1333333333333335,10381838.0,12.3
viana-do-castelo,4T2015,2015,4,2015-10-01,943.6666666666666,4.033333333333333,6.8497729964437895,0.004969826056087978,,25205.0,3071762.0,100.79407005017497,111.39223723607596,,405.34,13576.96,125514.7,1.2000000000000002,10381838.0,12.5
viana-do-castelo,1T2016,2016,1,2016-01-01,941.3333333333334,4.166666666666667,6.847297309945023,-0.0024726245143058545,0.04864463423691068,24926.0,3001077.0,99.57691524589762,110.1592106862301,,434.9,14011.86,127838.92,1.3666666666666665,10356516.0,12.8
viana-do-castelo,2T2016,2016,2,2016-04-01,961.0,3.9,6.8679744089702925,0.02089235127478739,0.02089235127478739,26890.0,3267885.0,100.5101875107177,118.83901048514512,,401.38,14413.24,127838.92,1.3666666666666665,10356516.0,11.2
viana-do-castelo,3T2016,2016,3,2016-07-01,950.6666666666666,4.0,6.857163492866077,-0.010752688172043001,0.012424565140219945,26675.0,3173236.0,98.38571929954205,117.8888287352639,,331.47,14744.71,127838.92,1.2000000000000002,10356516.0,10.9
viana-do-castelo,4T2016,2016,4,2016-10-01,938.0,3.966666666666667,6.843749949006225,-0.0133239831697054,-0.006004945249028615,28999.0,3551512.0,101.2894901297318,128.15963053398005,,408.85,15153.56,127838.92,1.2000000000000002,10356516.0,10.8
viana-do-castelo,1T2017,2017,1,2017-01-01,939.0,3.8666666666666667,6.844815479208263,0.0010660980810235365,-0.002478753541076517,29975.0,3800102.0,104.85042196590872,132.4730137334409,,489.78,15643.34,138586.19,1.2666666666666668,10340124.0,10.4
viana-do-castelo,2T2017,2017,2,2017-04-01,909.6666666666666,3.6333333333333333,6.813078232040229,-0.03123890663826767,-0.05341657995143956,31197.0,4021419.0,106.61065537213086,137.8735816327658,,370.69,16014.03,138586.19,1.3333333333333333,10340124.0,9.1
viana-do-castelo,3T2017,2017,3,2017-07-01,904.0,3.9333333333333336,6.806829360392176,-0.006229388054232232,-0.04908835904628328,32722.0,4258992.0,107.64679513938984,144.61324288192336,,384.08,16398.1,138586.19,1.5,10340124.0,8.8
viana-do-castelo,4T2017,2017,4,2017-10-01,914.3333333333334,3.766666666666667,6.818195202269494,0.011430678466076705,-0.02523098791755507,35940.0,4898678.0,112.72881483438267,158.83503298014563,,440.43,16838.54,138586.19,1.7666666666666668,10340124.0,8.3
viana-do-castelo,1T2018,2018,1,2018-01-01,935.3333333333334,3.966666666666667,6.840902971994296,0.022967553773241,-0.003904863329783459,34449.0,4755125.0,114.16144018167434,152.2456330309693,,495.45,17333.99,136252.87,1.8,10334633.0,8.0
viana-do-castelo,2T2018,2018,2,2018-04-01,959.6666666666666,4.2,6.866586001944066,0.026015680684247977,0.054965188713814506,38730.0,5425227.0,115.8522674050557,171.16529847860434,,514.24,17848.23,136252.87,1.9000000000000001,10334633.0,6.9
viana-do-castelo,3T2018,2018,3,2018-07-01,985.3333333333334,4.433333333333334,6.892979993399983,0.026745397707537366,0.08997050147492636,38964.0,5512302.0,117.00477583884005,172.19944977847507,,434.61,18282.84,136252.87,2.1333333333333333,10334633.0,6.800000000000001
viana-do-castelo,4T2018,2018,4,2018-10-01,991.3333333333334,4.6000000000000005,6.89905083835199,0.006089309878213767,0.08421436383521685,39066.0,5414883.0,114.63685212246476,172.65023367841872,2.64,498.33,18781.17,136252.87,2.233333333333334,10334633.0,6.7
viana-do-castelo,1T2019,2019,1,2019-01-01,977.0,4.633333333333333,6.884486652042782,-0.01445864156018839,0.04454739843193156,36954.0,5261090.0,117.7466059092851,163.31635527958545,2.8666666666666667,445.76,19226.93,148342.92,2.366666666666667,10354446.0,6.9
viana-do-castelo,2T2019,2019,2,2019-04-01,973.3333333333334,5.366666666666667,6.880726606594218,-0.003752985329239178,0.014241055922195267,36681.0,5414806.0,122.08880842455076,162.10984542973628,3.1566666666666667,415.35,19642.28,148342.92,2.466666666666667,10354446.0,6.300000000000001
viana-do-castelo,3T2019,2019,3,2019-07-01,990.3333333333334,5.2,6.898041586794498,0.017465753424657615,0.005074424898511509,39554.0,5800028.0,121.2757031962132,174.80692527814915,2.4133333333333336,418.47,20060.75,148342.92,2.4000000000000004,10354446.0,6.2
viana-do-castelo,4T2019,2019,4,2019-10-01,990.6666666666666,5.333333333333333,6.89837811716954,0.0003365870077414179,-0.0006724949562878502,41676.0,6136268.0,121.77339389322496,184.18499817697688,2.1866666666666665,490.46,20551.21,148342.92,2.4000000000000004,10354446.0,6.800000000000001
viana-do-castelo,1T2020,2020,1,2020-01-01,983.6666666666666,5.366666666666667,6.89128708627483,-0.0070659488559892125,0.006823609689525778,36399.0,5785538.0,131.4584231641285,160.86356052989206,2.21,468.51,21019.72,150377.77,2.533333333333333,10384846.0,6.9
viana-do-castelo,2T2020,2020,2,2020-04-01,1001.3333333333334,5.633333333333333,6.909087724215916,0.017960013554727317,0.02876712328767117,26379.0,4125502.0,129.34587844472952,116.5806715354274,2.21,274.49,21294.21,150377.77,2.2,10384846.0,5.7
viana-do-castelo,3T2020,2020,3,2020-07-01,990.6666666666666,5.2,6.89837811716954,-0.010652463382157196,0.0003365870077414179,35596.0,5427603.0,126.10752326248976,157.31474218033566,2.08,352.27,21646.48,150377.77,2.1333333333333333,10384846.0,8.200000000000001
viana-do-castelo,4T2020,2020,4,2020-10-01,1009.6666666666666,5.1,6.917375522359127,0.019179004037685132,0.019179004037685132,39139.0,6098441.0,128.86744612614154,172.97285352837838,2.1266666666666665,488.87,22135.35,150377.77,2.1,10384846.0,7.300000000000001
viana-do-castelo,1T2021,2021,1,2021-01-01,1022.6666666666666,5.133333333333334,6.930168873819037,0.012875536480686733,0.0396475770925111,34614.0,5595240.0,133.69065495381548,152.97484228087814,1.9566666666666668,345.02,22480.37,164176.4,1.9000000000000001,,7.2
viana-do-castelo,2T2021,2021,2,2021-04-01,1041.0,5.233333333333333,6.947937068614969,0.01792698826597139,0.03961384820239666,41736.0,6933006.0,137.38675721914424,184.45016517694373,2.1933333333333334,512.35,22992.72,164176.4,2.866666666666667,,6.9
viana-do-castelo,3T2021,2021,3,2021-07-01,1067.6666666666667,5.8,6.973230860941048,0.025616394492475214,0.07772543741588178,43447.0,7345978.0,139.83759623515712,192.0118441259985,2.18,570.74,23563.46,164176.4,4.033333333333334,,6.300000000000001
viana-do-castelo,4T2021,2021,4,2021-10-01,1071.6666666666667,5.833333333333333,6.9769703480036105,0.0037464876678114933,0.06140640475404435,45885.0,8225207.0,148.2552976019511,202.7864632246517,2.1533333333333333,700.74,24264.2,164176.4,5.300000000000001,,6.300000000000001
viana-do-castelo,1T2022,2022,1,2022-01-01,1086.6666666666667,6.033333333333334,6.990870185692644,0.013996889580093264,0.06258148631030003,43544.0,8081797.0,153.50189341648706,192.44053077594492,2.3266666666666667,615.95,24880.15,175732.61,6.766666666666667,10764411.0,6.0
viana-do-castelo,2T2022,2022,2,2022-04-01,1118.0,6.233333333333333,7.0192966537150445,0.028834355828220692,0.07396733909702213,43607.0,8287705.0,157.1853964180325,192.71895612591013,2.98,1047.15,25927.3,175732.61,8.666666666666666,10764411.0,5.9
viana-do-castelo,3T2022,2022,3,2022-07-01,1165.3333333333333,7.3999999999999995,7.060762448107316,0.042337507453786394,0.09147674055572885,42223.0,8051492.0,157.71078703058802,186.6024373266747,3.2266666666666666,738.85,26666.15,175732.61,10.333333333333334,10764411.0,5.9
viana-do-castelo,4T2022,2022,4,2022-10-01,1190.3333333333333,7.7,7.081988658926338,0.02145308924485123,0.11073094867807143,38526.0,7362219.0,158.04797371910158,170.26373067871702,3.9066666666666667,762.23,27428.38,175732.61,11.566666666666668,10764411.0,6.7
viana-do-castelo,1T2023,2023,1,2023-01-01,1263.6666666666667,8.299999999999999,7.141772826848225,0.06160739288714656,0.16288343558282214,34493.0,6857332.0,164.42139501587408,152.440088830945,4.003333333333333,850.7,28279.08,192753.71,,11067026.0,7.2
viana-do-castelo,2T2023,2023,2,2023-04-01,1386.3333333333333,7.733333333333333,7.234417651074802,0.09707201266156673,0.24001192605843769,33624.0,6904628.0,169.83415260390527,148.59958678142505,4.073333333333333,1030.38,29309.46,192753.71,,11067026.0,6.1000000000000005
viana-do-castelo,3T2023,2023,3,2023-07-01,1453.3333333333333,8.9,7.28161504767497,0.04832892522240928,0.2471395881006866,34256.0,7072380.0,170.75092220163313,151.39267918107592,3.9966666666666666,1140.31,30449.77,192753.71,,11067026.0,6.1000000000000005
viana-do-castelo,4T2023,2023,4,2023-10-01,1424.0,8.166666666666666,7.261225091971921,-0.020183486238532056,0.19630355642677122,34126.0,7174277.0,173.87088910761483,150.81815068114773,3.966666666666667,853.13,31302.9,192753.71,,11067026.0,6.6000000000000005
viana-do-castelo,1T2024,2024,1,2024-01-01,1441.3333333333333,8.166666666666666,7.273323890090989,0.01217228464419473,0.14059614877341065,33077.0,6730533.0,168.28967248471187,146.18214763172722,3.813333333333333,664.25,31967.15,201383.75,,11295785.0,6.800000000000001
viana-do-castelo,2T2024,2024,2,2024-04-01,1443.3333333333333,8.433333333333332,7.274710532328426,0.0013876040703053594,0.041115652801154035,37125.0,7876682.0,175.47327047702692,164.072081229491,3.8699999999999997,863.79,32830.94,201383.75,,11295785.0,6.2
viana-do-castelo,3T2024,2024,3,2024-07-01,1437.6666666666667,8.166666666666666,7.270776707979733,-0.00392609699769042,-0.010779816513761364,40909.0,9052016.0,183.003994750677,180.7952800274006,3.6733333333333333,962.02,33792.96,201383.75,,11295785.0,6.2
viana-do-castelo,4T2024,2024,4,2024-10-01,1473.6666666666667,8.466666666666667,7.295508905158133,0.025040575005796484,0.03487827715355807,45214.0,10173942.0,186.10174614443363,199.8210122750224,3.41,1048.07,34841.03,201383.75,,11295785.0,6.7
viana-do-castelo,1T2025,2025,1,2025-01-01,1494.3333333333333,9.0,7.309435455487329,0.01402397647591025,0.03677150786308969,41358.0,9617638.0,192.3282226547581,182.77961307715256,3.4499999999999997,968.9,35809.93,213730.82,,11405627.0,6.6000000000000005
vila-real,1T2015,2015,1,2015-01-01,817.0,3.3,6.705639094860003,,,21762.0,2662680.0,101.19388995618124,96.176070887978,,319.12,12554.79,125514.7,0.7000000000000001,10381838.0,14.2
vila-real,2T2015,2015,2,2015-04-01,797.0,3.4,6.680854678790215,-0.0244798041615667,,20614.0,2509888.0,100.69923957118108,91.10254228861218,,297.14,12851.93,125514.7,0.8333333333333334,10381838.0,12.4
vila-real,3T2015,2015,3,2015-07-01,815.6666666666666,3.7000000000000006,6.704005774774562,0.02342116269343375,,22928.0,2697752.0,97.31280042246271,101.32914958733386,,319.68,13171.62,125514.7,1.1333333333333335,10381838.0,12.3
vila-real,4T2015,2015,4,2015-10-01,806.6666666666666,3.466666666666667,6.692910530482623,-0.011033919084593391,,25205.0,3071762.0,100.79407005017497,111.39223723607596,,405.34,13576.96,125514.7,1.2000000000000002,10381838.0,12.5
vila-real,1T2016,2016,1,2016-01-01,814.6666666666666,3.4333333333333336,6.702779031623376,0.009917355371900749,-0.002855977152182776,24926.0,3001077.0,99.57691524589762,110.1592106862301,,434.9,14011.86,127838.92,1.3666666666666665,10356516.0,12.8
vila-real,2T2016,2016,2,2016-04-01,804.0,4.666666666666667,6.6895992691789665,-0.013093289689034338,0.008782936010037545,26890.0,3267885.0,100.5101875107177,118.83901048514512,,401.38,14413.24,127838.92,1.3666666666666665,10356516.0,11.2
vila-real,3T2016,2016,3,2016-07-01,793.0,3.5,6.675823221634848,-0.013681592039801016,-0.02778912954638324,26675.0,3173236.0,98.38571929954205,117.8888287352639,,331.47,14744.71,127838.92,1.2000000000000002,10356516.0,10.9
vila-real,4T2016,2016,4,2016-10-01,797.3333333333334,3.5,6.681272826402413,0.005464480874316946,-0.01157024793388417,28999.0,3551512.0,101.2894901297318,128.15963053398005,,408.85,15153.56,127838.92,1.2000000000000002,10356516.0,10.8
vila-real,1T2017,2017,1,2017-01-01,803.3333333333334,5.066666666666666,6.688769737816591,0.007525083612040184,-0.013911620294598914,29975.0,3800102.0,104.85042196590872,132.4730137334409,,489.78,15643.34,138586.19,1.2666666666666668,10340124.0,10.4
vila-real,2T2017,2017,2,2017-04-01,783.6666666666666,3.233333333333333,6.66398375987196,-0.02448132780083001,-0.02529021558872313,31197.0,4021419.0,106.61065537213086,137.8735816327658,,370.69,16014.03,138586.19,1.3333333333333333,10340124.0,9.1
vila-real,3T2017,2017,3,2017-07-01,760.0,3.466666666666667,6.633318433280377,-0.030199914929817107,-0.04161412358133665,32722.0,4258992.0,107.64679513938984,144.61324288192336,,384.08,16398.1,138586.19,1.5,10340124.0,8.8
vila-real,4T2017,2017,4,2017-10-01,757.3333333333334,3.6666666666666665,6.629803491172932,-0.0035087719298244613,-0.050167224080267525,35940.0,4898678.0,112.72881483438267,158.83503298014563,,440.43,16838.54,138586.19,1.7666666666666668,10340124.0,8.3
vila-real,1T2018,2018,1,2018-01-01,758.0,3.6,6.630683385642372,0.0008802816901407606,-0.056431535269709565,34449.0,4755125.0,114.16144018167434,152.2456330309693,,495.45,17333.99,136252.87,1.8,10334633.0,8.0
vila-real,2T2018,2018,2,2018-04-01,793.6666666666666,4.233333333333333,6.676663557818753,0.04705364995602457,0.012760527435133895,38730.0,5425227.0,115.8522674050557,171.16529847860434,,514.24,17848.23,136252.87,1.9000000000000001,10334633.0,6.9
vila-real,3T2018,2018,3,2018-07-01,825.0,4.1,6.715383386334681,0.03947921041579172,0.08552631578947367,38964.0,5512302.0,117.00477583884005,172.19944977847507,,434.61,18282.84,136252.87,2.1333333333333333,10334633.0,6.800000000000001
vila-real,4T2018,2018,4,2018-10-01,764.6666666666666,,6.6394400090212065,-0.07313131313131316,0.009683098591549255,39066.0,5414883.0,114.63685212246476,172.65023367841872,2.64,498.33,18781.17,136252.87,2.233333333333334,10334633.0,6.7
vila-real,1T2019,2019,1,2019-01-01,748.0,,6.617402977974478,-0.021795989537924942,-0.01319261213720313,36954.0,5261090.0,117.7466059092851,163.31635527958545,2.8666666666666667,445.76,19226.93,148342.92,2.366666666666667,10354446.0,6.9
vila-real,2T2019,2019,2,2019-04-01,753.3333333333334,4.733333333333333,6.624507803598222,0.007130124777183555,-0.05081898362032755,36681.0,5414806.0,122.08880842455076,162.10984542973628,3.1566666666666667,415.35,19642.28,148342.92,2.466666666666667,10354446.0,6.300000000000001
vila-real,3T2019,2019,3,2019-07-01,755.6666666666666,4.366666666666666,6.627600361839419,0.003097345132743179,-0.08404040404040414,39554.0,5800028.0,121.2757031962132,174.80692527814915,2.4133333333333336,418.47,20060.75,148342.92,2.4000000000000004,10354446.0,6.2
vila-real,4T2019,2019,4,2019-10-01,738.6666666666666,4.35,6.604846759199065,-0.02249669166299073,-0.03400174367916309,41676.0,6136268.0,121.77339389322496,184.18499817697688,2.1866666666666665,490.46,20551.21,148342.92,2.4000000000000004,10354446.0,6.800000000000001
vila-real,1T2020,2020,1,2020-01-01,739.3333333333334,,6.605748879242203,0.0009025270758122872,-0.01158645276292325,36399.0,5785538.0,131.4584231641285,160.86356052989206,2.21,468.51,21019.72,150377.77,2.533333333333333,10384846.0,6.9
vila-real,2T2020,2020,2,2020-04-01,752.3333333333334,,6.623179488149426,0.017583408476104623,-0.0013274336283185528,26379.0,4125502.0,129.34587844472952,116.5806715354274,2.21,274.49,21294.21,150377.77,2.2,10384846.0,5.7
vila-real,3T2020,2020,3,2020-07-01,772.6666666666666,4.466666666666667,6.649847735231587,0.027027027027026973,0.02249669166299073,35596.0,5427603.0,126.10752326248976,157.31474218033566,2.08,352.27,21646.48,150377.77,2.1333333333333333,10384846.0,8.200000000000001
vila-real,4T2020,2020,4,2020-10-01,846.6666666666666,4.0,6.7413070713444725,0.09577221742881803,0.14620938628158853,39139.0,6098441.0,128.86744612614154,172.97285352837838,2.1266666666666665,488.87,22135.35,150377.77,2.1,10384846.0,7.300000000000001
vila-real,1T2021,2021,1,2021-01-01,846.3333333333334,4.9,6.740913293036569,-0.0003937007874015297,0.1447249774571686,34614.0,5595240.0,133.69065495381548,152.97484228087814,1.9566666666666668,345.02,22480.37,164176.4,1.9000000000000001,,7.2
vila-real,2T2021,2021,2,2021-04-01,860.0,4.466666666666666,6.756932389247553,0.016148089799133514,0.1431103234381923,41736.0,6933006.0,137.38675721914424,184.45016517694373,2.1933333333333334,512.35,22992.72,164176.4,2.866666666666667,,6.9
vila-real,3T2021,2021,3,2021-07-01,916.3333333333334,4.7,6.820380199497136,0.06550387596899232,0.18593615185504753,43447.0,7345978.0,139.83759623515712,192.0118441259985,2.18,570.74,23563.46,164176.4,4.033333333333334,,6.300000000000001
vila-real,4T2021,2021,4,2021-10-01,913.3333333333334,4.633333333333333,6.817100910714006,-0.0032739177882866732,0.07874015748031504,45885.0,8225207.0,148.2552976019511,202.7864632246517,2.1533333333333333,700.74,24264.2,164176.4,5.300000000000001,,6.300000000000001
vila-real,1T2022,2022,1,2022-01-01,910.3333333333334,4.533333333333334,6.813810832805595,-0.003284671532846728,0.075620322961796,43544.0,8081797.0,153.50189341648706,192.44053077594492,2.3266666666666667,615.95,24880.15,175732.61,6.766666666666667,10764411.0,6.0
vila-real,2T2022,2022,2,2022-04-01,867.0,4.3,6.7650389767805414,-0.04760161113145367,0.008139534883720989,43607.0,8287705.0,157.1853964180325,192.71895612591013,2.98,1047.15,25927.3,175732.61,8.666666666666666,10764411.0,5.9
vila-real,3T2022,2022,3,2022-07-01,895.0,5.166666666666667,6.796823718274855,0.032295271049596286,-0.023281193161149516,42223.0,8051492.0,157.71078703058802,186.6024373266747,3.2266666666666666,738.85,26666.15,175732.61,10.333333333333334,10764411.0,5.9
vila-real,4T2022,2022,4,2022-10-01,948.0,6.033333333333334,6.854354502255021,0.05921787709497206,0.03795620437956204,38526.0,7362219.0,158.04797371910158,170.26373067871702,3.9066666666666667,762.23,27428.38,175732.61,11.566666666666668,10764411.0,6.7
vila-real,1T2023,2023,1,2023-01-01,943.6666666666666,5.433333333333334,6.8497729964437895,-0.004571026722925531,0.03661662394727205,34493.0,6857332.0,164.42139501587408,152.440088830945,4.003333333333333,850.7,28279.08,192753.71,,11067026.0,7.2
vila-real,2T2023,2023,2,2023-04-01,954.6666666666666,5.8,6.8613622394124265,0.011656658424584965,0.10111495578623608,33624.0,6904628.0,169.83415260390527,148.59958678142505,4.073333333333333,1030.38,29309.46,192753.71,,11067026.0,6.1000000000000005
vila-real,3T2023,2023,3,2023-07-01,957.3333333333334,6.466666666666666,6.864151641500005,0.0027932960893854997,0.06964618249534449,34256.0,7072380.0,170.75092220163313,151.39267918107592,3.9966666666666666,1140.31,30449.77,192753.71,,11067026.0,6.1000000000000005
vila-real,4T2023,2023,4,2023-10-01,951.0,6.233333333333333,6.85751406254539,-0.006615598885793883,0.0031645569620253333,34126.0,7174277.0,173.87088910761483,150.81815068114773,3.966666666666667,853.13,31302.9,192753.71,,11067026.0,6.6000000000000005
vila-real,1T2024,2024,1,2024-01-01,968.6666666666666,5.8999999999999995,6.875920555462119,0.01857693655800907,0.026492405510420314,33077.0,6730533.0,168.28967248471187,146.18214763172722,3.813333333333333,664.25,31967.15,201383.75,,11295785.0,6.800000000000001
vila-real,2T2024,2024,2,2024-04-01,977.3333333333334,5.933333333333334,6.884827774338432,0.008947006194081286,0.023743016759776525,37125.0,7876682.0,175.47327047702692,164.072081229491,3.8699999999999997,863.79,32830.94,201383.75,,11295785.0,6.2
vila-real,3T2024,2024,3,2024-07-01,1022.3333333333334,6.5,6.929842875446142,0.046043656207366945,0.0678969359331476,40909.0,9052016.0,183.003994750677,180.7952800274006,3.6733333333333333,962.02,33792.96,201383.75,,11295785.0,6.2
vila-real,4T2024,2024,4,2024-10-01,1045.3333333333333,7.433333333333334,6.952091092802188,0.02249755461362879,0.09919383105502977,45214.0,10173942.0,186.10174614443363,199.8210122750224,3.41,1048.07,34841.03,201383.75,,11295785.0,6.7
vila-real,1T2025,2025,1,2025-01-01,1068.3333333333333,7.866666666666666,6.97385508068666,0.022002551020408267,0.1028905712319339,41358.0,9617638.0,192.3282226547581,182.77961307715256,3.4499999999999997,968.9,35809.93,213730.82,,11405627.0,6.6000000000000005
viseu,1T2015,2015,1,2015-01-01,727.6666666666666,3.1,6.5898430678818345,,,21762.0,2662680.0,101.19388995618124,96.176070887978,,319.12,12554.79,125514.7,0.7000000000000001,10381838.0,14.2
viseu,2T2015,2015,2,2015-04-01,726.6666666666666,3.5,6.588467867115025,-0.0013742556115436955,,20614.0,2509888.0,100.69923957118108,91.10254228861218,,297.14,12851.93,125514.7,0.8333333333333334,10381838.0,12.4
viseu,3T2015,2015,3,2015-07-01,738.6666666666666,3.5666666666666664,6.604846759199065,0.016513761467889854,,22928.0,2697752.0,97.31280042246271,101.32914958733386,,319.68,13171.62,125514.7,1.1333333333333335,10381838.0,12.3
viseu,4T2015,2015,4,2015-10-01,735.6666666666666,3.6666666666666665,6.600777117588627,-0.004061371841155181,,25205.0,3071762.0,100.79407005017497,111.39223723607596,,405.34,13576.96,125514.7,1.2000000000000002,10381838.0,12.5
viseu,1T2016,2016,1,2016-01-01,750.6666666666666,3.3666666666666667,6.620961700591471,0.02038966923425467,0.031607879065506106,24926.0,3001077.0,99.57691524589762,110.1592106862301,,434.9,14011.86,127838.92,1.3666666666666665,10356516.0,12.8
viseu,2T2016,2016,2,2016-04-01,756.6666666666666,3.3333333333333335,6.628922821807339,0.00799289520426294,0.041284403669724856,26890.0,3267885.0,100.5101875107177,118.83901048514512,,401.38,14413.24,127838.92,1.3666666666666665,10356516.0,11.2
viseu,3T2016,2016,3,2016-07-01,743.0,3.3666666666666667,6.610696044717759,-0.018061674008810535,0.005866425992779867,26675.0,3173236.0,98.38571929954205,117.8888287352639,,331.47,14744.71,127838.92,1.2000000000000002,10356516.0,10.9
viseu,4T2016,2016,4,2016-10-01,723.3333333333334,3.1666666666666665,6.583870157866396,-0.026469268730372364,-0.016764839148164845,28999.0,3551512.0,101.2894901297318,128.15963053398005,,408.85,15153.56,127838.92,1.2000000000000002,10356516.0,10.8
viseu,1T2017,2017,1,2017-01-01,728.6666666666666,3.266666666666667,6.591216380068374,0.007373271889400845,-0.02930728241563052,29975.0,3800102.0,104.85042196590872,132.4730137334409,,489.78,15643.34,138586.19,1.2666666666666668,10340124.0,10.4
viseu,2T2017,2017,2,2017-04-01,721.3333333333334,3.1666666666666665,6.581101351298263,-0.010064043915827936,-0.0466960352422906,31197.0,4021419.0,106.61065537213086,137.8735816327658,,370.69,16014.03,138586.19,1.3333333333333333,10340124.0,9.1
viseu,3T2017,2017,3,2017-07-01,732.0,3.2999999999999994,6.595780513961311,0.014787430683918634,-0.014804845222072704,32722.0,4258992.0,107.64679513938984,144.61324288192336,,384.08,16398.1,138586.19,1.5,10340124.0,8.8
viseu,4T2017,2017,4,2017-10-01,744.3333333333334,3.4333333333333336,6.612488963172048,0.01684881602914401,0.029032258064516148,35940.0,4898678.0,112.72881483438267,158.83503298014563,,440.43,16838.54,138586.19,1.7666666666666668,10340124.0,8.3
viseu,1T2018,2018,1,2018-01-01,733.6666666666666,3.6,6.598054792858352,-0.014330497089117933,0.006861848124428249,34449.0,4755125.0,114.16144018167434,152.2456330309693,,495.45,17333.99,136252.87,1.8,10334633.0,8.0
viseu,2T2018,2018,2,2018-04-01,726.3333333333334,3.8000000000000003,6.58800904627651,-0.009995456610631392,0.006931608133086797,38730.0,5425227.0,115.8522674050557,171.16529847860434,,514.24,17848.23,136252.87,1.9000000000000001,10334633.0,6.9
viseu,3T2018,2018,3,2018-07-01,792.6666666666666,3.766666666666667,6.675402788582617,0.09132629646626889,0.08287795992714031,38964.0,5512302.0,117.00477583884005,172.19944977847507,,434.61,18282.84,136252.87,2.1333333333333333,10334633.0,6.800000000000001
viseu,4T2018,2018,4,2018-10-01,745.3333333333334,3.6,6.61383154560688,-0.059714045416316086,0.0013434841021047195,39066.0,5414883.0,114.63685212246476,172.65023367841872,2.64,498.33,18781.17,136252.87,2.233333333333334,10334633.0,6.7
viseu,1T2019,2019,1,2019-01-01,746.3333333333334,3.533333333333333,6.615172327930646,0.0013416815742397503,0.01726487960018175,36954.0,5261090.0,117.7466059092851,163.31635527958545,2.8666666666666667,445.76,19226.93,148342.92,2.366666666666667,10354446.0,6.9
viseu,2T2019,2019,2,2019-04-01,754.3333333333334,3.6999999999999997,6.625834356965428,0.010719071013845394,0.03854979348324927,36681.0,5414806.0,122.08880842455076,162.10984542973628,3.1566666666666667,415.35,19642.28,148342.92,2.466666666666667,10354446.0,6.300000000000001
viseu,3T2019,2019,3,2019-07-01,750.3333333333334,3.6666666666666665,6.620517552238622,-0.005302695536897883,-0.05340622371740944,39554.0,5800028.0,121.2757031962132,174.80692527814915,2.4133333333333336,418.47,20060.75,148342.92,2.4000000000000004,10354446.0,6.2
viseu,4T2019,2019,4,2019-10-01,737.3333333333334,4.5,6.603040073974116,-0.017325633051976874,-0.01073345259391767,41676.0,6136268.0,121.77339389322496,184.18499817697688,2.1866666666666665,490.46,20551.21,148342.92,2.4000000000000004,10354446.0,6.800000000000001
viseu,1T2020,2020,1,2020-01-01,786.0,4.233333333333333,6.666956792429207,0.06600361663652787,0.05314872711031704,36399.0,5785538.0,131.4584231641285,160.86356052989206,2.21,468.51,21019.72,150377.77,2.533333333333333,10384846.0,6.9
viseu,2T2020,2020,2,2020-04-01,811.0,4.533333333333334,6.698268054115413,0.03180661577608146,0.07512152010605377,26379.0,4125502.0,129.34587844472952,116.5806715354274,2.21,274.49,21294.21,150377.77,2.2,10384846.0,5.7
viseu,3T2020,2020,3,2020-07-01,831.6666666666666,4.666666666666667,6.723431719517509,0.025482942868886083,0.10839626832518867,35596.0,5427603.0,126.10752326248976,157.31474218033566,2.08,352.27,21646.48,150377.77,2.1333333333333333,10384846.0,8.200000000000001
viseu,4T2020,2020,4,2020-10-01,855.0,5.1000000000000005,6.75110146893676,0.028056112224448926,0.1595840867992766,39139.0,6098441.0,128.86744612614154,172.97285352837838,2.1266666666666665,488.87,22135.35,150377.77,2.1,10384846.0,7.300000000000001
viseu,1T2021,2021,1,2021-01-01,860.3333333333334,4.933333333333334,6.757319911050504,0.006237816764132598,0.09457167090754881,34614.0,5595240.0,133.69065495381548,152.97484228087814,1.9566666666666668,345.02,22480.37,164176.4,1.9000000000000001,,7.2
viseu,2T2021,2021,2,2021-04-01,850.6666666666666,5.266666666666667,6.7460203557965706,-0.011235955056179914,0.04891080969995887,41736.0,6933006.0,137.38675721914424,184.45016517694373,2.1933333333333334,512.35,22992.72,164176.4,2.866666666666667,,6.9
viseu,3T2021,2021,3,2021-07-01,844.0,5.0,6.738152494595957,-0.00783699059561127,0.014829659318637223,43447.0,7345978.0,139.83759623515712,192.0118441259985,2.18,570.74,23563.46,164176.4,4.033333333333334,,6.300000000000001
viseu,4T2021,2021,4,2021-10-01,874.6666666666666,4.7,6.77384286139587,0.03633491311216419,0.02300194931773869,45885.0,8225207.0,148.2552976019511,202.7864632246517,2.1533333333333333,700.74,24264.2,164176.4,5.300000000000001,,6.300000000000001
viseu,1T2022,2022,1,2022-01-01,878.3333333333334,4.966666666666667,6.778026172307353,0.0041920731707318915,0.020922123208058974,43544.0,8081797.0,153.50189341648706,192.44053077594492,2.3266666666666667,615.95,24880.15,175732.61,6.766666666666667,10764411.0,6.0
viseu,2T2022,2022,2,2022-04-01,885.3333333333334,5.166666666666667,6.785964221928215,0.007969639468690781,0.040752351097178785,43607.0,8287705.0,157.1853964180325,192.71895612591013,2.98,1047.15,25927.3,175732.61,8.666666666666666,10764411.0,5.9
viseu,3T2022,2022,3,2022-07-01,903.0,5.3,6.805722553416985,0.019954819277108404,0.0699052132701421,42223.0,8051492.0,157.71078703058802,186.6024373266747,3.2266666666666666,738.85,26666.15,175732.61,10.333333333333334,10764411.0,5.9
viseu,4T2022,2022,4,2022-10-01,938.3333333333334,5.533333333333334,6.844105251905681,0.03912882982650423,0.07278963414634165,38526.0,7362219.0,158.04797371910158,170.26373067871702,3.9066666666666667,762.23,27428.38,175732.61,11.566666666666668,10764411.0,6.7
viseu,1T2023,2023,1,2023-01-01,921.0,6.166666666666667,6.825460036255307,-0.01847246891651866,0.04857685009487667,34493.0,6857332.0,164.42139501587408,152.440088830945,4.003333333333333,850.7,28279.08,192753.71,,11067026.0,7.2
viseu,2T2023,2023,2,2023-04-01,976.6666666666666,5.8,6.884145413343004,0.0604415490408976,0.10316265060240948,33624.0,6904628.0,169.83415260390527,148.59958678142505,4.073333333333333,1030.38,29309.46,192753.71,,11067026.0,6.1000000000000005
viseu,3T2023,2023,3,2023-07-01,1022.3333333333334,6.866666666666667,6.929842875446142,0.04675767918088747,0.13215208564045788,34256.0,7072380.0,170.75092220163313,151.39267918107592,3.9966666666666666,1140.31,30449.77,192753.71,,11067026.0,6.1000000000000005
viseu,4T2023,2023,4,2023-10-01,1057.3333333333333,6.900000000000001,6.963505294086628,0.03423540919465262,0.1268206039076376,34126.0,7174277.0,173.87088910761483,150.81815068114773,3.966666666666667,853.13,31302.9,192753.71,,11067026.0,6.6000000000000005
viseu,1T2024,2024,1,2024-01-01,1085.0,7.266666666666667,6.98933526597456,0.026166456494325363,0.1780673181324648,33077.0,6730533.0,168.28967248471187,146.18214763172722,3.813333333333333,664.25,31967.15,201383.75,,11295785.0,6.800000000000001
viseu,2T2024,2024,2,2024-04-01,1128.0,7.066666666666666,7.028201432058005,0.03963133640552985,0.15494880546075085,37125.0,7876682.0,175.47327047702692,164.072081229491,3.8699999999999997,863.79,32830.94,201383.75,,11295785.0,6.2
viseu,3T2024,2024,3,2024-07-01,1080.6666666666667,7.033333333333334,6.985333413627512,-0.04196217494089827,0.05705901532442126,40909.0,9052016.0,183.003994750677,180.7952800274006,3.6733333333333333,962.02,33792.96,201383.75,,11295785.0,6.2
viseu,4T2024,2024,4,2024-10-01,1120.6666666666667,7.2,7.021679025300451,0.03701418877236273,0.0598991172761667,45214.0,10173942.0,186.10174614443363,199.8210122750224,3.41,1048.07,34841.03,201383.75,,11295785.0,6.7
viseu,1T2025,2025,1,2025-01-01,1144.3333333333333,7.333333333333333,7.042577504789582,0.021118381915526285,0.05468509984639014,41358.0,9617638.0,192.3282226547581,182.77961307715256,3.4499999999999997,968.9,35809.93,213730.82,,11405627.0,6.6000000000000005
