district,quarter,period,year,quarter,date,price_sqm_sale,price_sqm_rental,log_price,price_growth_qoq,price_growth_yoy,transaction_count,transaction_value_thousands,value_index,volume_index,mortgage_rate_fixed,fdi_real_estate_transactions_meur,fdi_realestate_stock_meur_national,fdi_total_stock_meur_national,construction_cost_yoy_growth_pct_national,population_national,unemployment_rate_pct_regional,log_price_lag1,t
aveiro,2015-01-01,1T2015,2015,2015Q1,2015-01-01,782.6666666666666,3.7,6.662706892279878,,,21762.0,2662680.0,101.19388995618124,96.176070887978,,319.12,12554.79,125514.7,0.7000000000000001,10381838.0,14.2,,0
aveiro,2015-04-01,2T2015,2015,2015Q2,2015-04-01,789.0,3.766666666666667,6.670766320845874,0.008059428565996285,,20614.0,2509888.0,100.69923957118108,91.10254228861218,,297.14,12851.93,125514.7,0.8333333333333334,10381838.0,12.4,6.662706892279878,1
aveiro,2015-07-01,3T2015,2015,2015Q3,2015-07-01,825.0,3.9333333333333336,6.715383386334681,0.04461706548880695,,22928.0,2697752.0,97.31280042246271,101.32914958733386,,319.68,13171.62,125514.7,1.1333333333333335,10381838.0,12.3,6.670766320845874,2
aveiro,2015-10-01,4T2015,2015,2015Q4,2015-10-01,823.3333333333334,3.9,6.713361140953913,-0.002022245380767451,,25205.0,3071762.0,100.79407005017497,111.39223723607596,,405.34,13576.96,125514.7,1.2000000000000002,10381838.0,12.5,6.715383386334681,3
aveiro,2016-01-01,1T2016,2016,2016Q1,2016-01-01,804.6666666666666,4.0,6.690428112989367,-0.022933027964546326,0.027721220709489458,24926.0,3001077.0,99.57691524589762,110.1592106862301,,434.9,14011.86,127838.92,1.3666666666666665,10356516.0,12.8,6.713361140953913,4
aveiro,2016-04-01,2T2016,2016,2016Q2,2016-04-01,802.0,4.033333333333333,6.687108607866515,-0.0033195051228522843,0.01634228702064089,26890.0,3267885.0,100.5101875107177,118.83901048514512,,401.38,14413.24,127838.92,1.3666666666666665,10356516.0,11.2,6.690428112989367,5
aveiro,2016-07-01,3T2016,2016,2016Q3,2016-07-01,801.6666666666666,4.1000000000000005,6.686692893871752,-0.00041571399476314497,-0.028690492462929207,26675.0,3173236.0,98.38571929954205,117.8888287352639,,331.47,14744.71,127838.92,1.2000000000000002,10356516.0,10.9,6.687108607866515,6
aveiro,2016-10-01,4T2016,2016,2016Q4,2016-10-01,811.6666666666666,4.066666666666666,6.69908974684858,0.012396852976828576,-0.01427139410533318,28999.0,3551512.0,101.2894901297318,128.15963053398005,,408.85,15153.56,127838.92,1.2000000000000002,10356516.0,10.8,6.686692893871752,7
aveiro,2017-01-01,1T2017,2017,2017Q1,2017-01-01,814.0,4.033333333333333,6.70196036600254,0.002870619153959808,0.011532253013172955,29975.0,3800102.0,104.85042196590872,132.4730137334409,,489.78,15643.34,138586.19,1.2666666666666668,10340124.0,10.4,6.69908974684858,8
aveiro,2017-04-01,2T2017,2017,2017Q2,2017-04-01,827.6666666666666,4.066666666666666,6.718610496840057,0.016650130837517096,0.031501888973542336,31197.0,4021419.0,106.61065537213086,137.8735816327658,,370.69,16014.03,138586.19,1.3333333333333333,10340124.0,9.1,6.70196036600254,9
aveiro,2017-07-01,3T2017,2017,2017Q3,2017-07-01,839.0,4.466666666666667,6.732210706467206,0.013600209627148807,0.04551781259545429,32722.0,4258992.0,107.64679513938984,144.61324288192336,,384.08,16398.1,138586.19,1.5,10340124.0,8.8,6.718610496840057,10
aveiro,2017-10-01,4T2017,2017,2017Q4,2017-10-01,865.6666666666666,4.533333333333333,6.763499922994638,0.03128921652743255,0.06441017614605826,35940.0,4898678.0,112.72881483438267,158.83503298014563,,440.43,16838.54,138586.19,1.7666666666666668,10340124.0,8.3,6.732210706467206,11
aveiro,2018-01-01,1T2018,2018,2018Q1,2018-01-01,873.0,4.466666666666667,6.771935555839602,0.008435632844963514,0.06997518983706197,34449.0,4755125.0,114.16144018167434,152.2456330309693,,495.45,17333.99,136252.87,1.8,10334633.0,8.0,6.763499922994638,12
aveiro,2018-04-01,2T2018,2018,2018Q2,2018-04-01,880.3333333333334,4.8,6.780300623629023,0.0083650677894207,0.06169012678896557,38730.0,5425227.0,115.8522674050557,171.16529847860434,,514.24,17848.23,136252.87,1.9,10334633.0,6.9,6.771935555839602,13
aveiro,2018-07-01,3T2018,2018,2018Q3,2018-07-01,980.3333333333334,5.0,6.8878926498858855,0.10759202625686282,0.15568194341867958,38964.0,5512302.0,117.00477583884005,172.19944977847507,,434.61,18282.84,136252.87,2.1333333333333333,10334633.0,6.800000000000001,6.780300623629023,14
aveiro,2018-10-01,4T2018,2018,2018Q4,2018-10-01,984.0,5.1000000000000005,6.891625897052253,0.0037332471663678035,0.12812597405761483,39066.0,5414883.0,114.63685212246476,172.65023367841872,2.64,498.33,18781.17,136252.87,2.233333333333334,10334633.0,6.7,6.8878926498858855,15
aveiro,2019-01-01,1T2019,2019,2019Q1,2019-01-01,1008.3333333333334,5.3,6.916054081796832,0.024428184744579085,0.1441185259572304,36954.0,5261090.0,117.7466059092851,163.31635527958545,2.8666666666666667,445.76,19226.93,148342.92,2.366666666666667,10354446.0,6.9,6.891625897052253,16
aveiro,2019-04-01,2T2019,2019,2019Q2,2019-04-01,1044.3333333333333,5.599999999999999,6.951134002284082,0.035079920487249616,0.17083337865505932,36681.0,5414806.0,122.08880842455076,162.10984542973628,3.1566666666666667,415.35,19642.28,148342.92,2.466666666666667,10354446.0,6.300000000000001,6.916054081796832,17
aveiro,2019-07-01,3T2019,2019,2019Q3,2019-07-01,1061.6666666666667,6.1000000000000005,6.967595279338154,0.016461277054071743,0.07970262945226825,39554.0,5800028.0,121.2757031962132,174.80692527814915,2.4133333333333336,418.47,20060.75,148342.92,2.4000000000000004,10354446.0,6.2,6.951134002284082,18
aveiro,2019-10-01,4T2019,2019,2019Q4,2019-10-01,1073.0,6.333333333333333,6.9782137426306985,0.010618463292544789,0.08658784557844523,41676.0,6136268.0,121.77339389322496,184.18499817697688,2.1866666666666665,490.46,20551.21,148342.92,2.4000000000000004,10354446.0,6.800000000000001,6.967595279338154,19
aveiro,2020-01-01,1T2020,2020,2020Q1,2020-01-01,1110.0,6.5,7.01211529430638,0.03390155167568132,0.09606121250954747,36399.0,5785538.0,131.4584231641285,160.86356052989206,2.21,468.51,21019.72,150377.77,2.533333333333333,10384846.0,6.9,6.9782137426306985,20
aveiro,2020-04-01,2T2020,2020,2020Q2,2020-04-01,1136.3333333333333,6.566666666666666,7.035561983469793,0.023446689163413303,0.08442798118571115,26379.0,4125502.0,129.34587844472952,116.5806715354274,2.21,274.49,21294.21,150377.77,2.2,10384846.0,5.7,7.01211529430638,21
aveiro,2020-07-01,3T2020,2020,2020Q3,2020-07-01,1183.0,6.7,7.075808863978387,0.04024688050859382,0.10821358464023323,35596.0,5427603.0,126.10752326248976,157.31474218033566,2.08,352.27,21646.48,150377.77,2.1333333333333333,10384846.0,8.200000000000001,7.035561983469793,22
aveiro,2020-10-01,4T2020,2020,2020Q4,2020-10-01,1231.6666666666667,6.8999999999999995,7.116123544714193,0.04031468073580591,0.13790980208349435,39139.0,6098441.0,128.86744612614154,172.97285352837838,2.1266666666666665,488.87,22135.35,150377.77,2.1,10384846.0,7.300000000000001,7.075808863978387,23
aveiro,2021-01-01,1T2021,2021,2021Q1,2021-01-01,1281.0,7.066666666666666,7.155396301896734,0.039272757182541085,0.14328100759035411,34614.0,5595240.0,133.69065495381548,152.97484228087814,1.9566666666666668,345.02,22480.37,164176.4,1.9,,7.2,7.116123544714193,24
aveiro,2021-04-01,2T2021,2021,2021Q2,2021-04-01,1296.3333333333333,6.8,7.167295045487638,0.011898743590903926,0.13173306201784474,41736.0,6933006.0,137.38675721914424,184.45016517694373,2.193333333333334,512.35,22992.72,164176.4,2.866666666666667,,6.9,7.155396301896734,25
aveiro,2021-07-01,3T2021,2021,2021Q3,2021-07-01,1344.3333333333333,6.733333333333333,7.203653506205258,0.03635846071762039,0.1278446422268713,43447.0,7345978.0,139.83759623515712,192.0118441259985,2.18,570.74,23563.46,164176.4,4.033333333333334,,6.300000000000001,7.167295045487638,26
aveiro,2021-10-01,4T2021,2021,2021Q4,2021-10-01,1369.6666666666667,6.766666666666667,7.2223226802153,0.018669174010041978,0.10619913550110738,45885.0,8225207.0,148.2552976019511,202.7864632246517,2.1533333333333333,700.74,24264.2,164176.4,5.300000000000001,,6.300000000000001,7.203653506205258,27
aveiro,2022-01-01,1T2022,2022,2022Q1,2022-01-01,1417.6666666666667,6.966666666666666,7.256767606585524,0.03444492637022378,0.10137130468879008,43544.0,8081797.0,153.50189341648706,192.44053077594492,2.3266666666666667,615.95,24880.15,175732.61,6.766666666666667,10764411.0,6.0,7.2223226802153,28
aveiro,2022-04-01,2T2022,2022,2022Q2,2022-04-01,1501.3333333333333,6.933333333333334,7.314108881151417,0.057341274565892775,0.14681383566377892,43607.0,8287705.0,157.1853964180325,192.71895612591013,2.98,1047.15,25927.3,175732.61,8.666666666666666,10764411.0,5.9,7.256767606585524,29
aveiro,2022-07-01,3T2022,2022,2022Q3,2022-07-01,1580.0,7.266666666666667,7.365180126021013,0.05107124486959602,0.16152661981575456,42223.0,8051492.0,157.71078703058802,186.6024373266747,3.2266666666666666,738.85,26666.15,175732.61,10.333333333333334,10764411.0,5.9,7.314108881151417,30
aveiro,2022-10-01,4T2022,2022,2022Q4,2022-10-01,1641.6666666666667,7.966666666666666,7.40346726493808,0.03828713891706759,0.18114458472278017,38526.0,7362219.0,158.04797371910158,170.26373067871702,3.9066666666666663,762.23,27428.38,175732.61,11.566666666666668,10764411.0,6.7,7.365180126021013,31
aveiro,2023-01-01,1T2023,2023,2023Q1,2023-01-01,1660.6666666666667,8.266666666666667,7.414974407154016,0.01150714221593585,0.15820680056849223,34493.0,6857332.0,164.42139501587408,152.440088830945,4.003333333333333,850.7,28279.08,192753.71,,11067026.0,7.2,7.40346726493808,32
aveiro,2023-04-01,2T2023,2023,2023Q2,2023-04-01,1665.6666666666667,8.166666666666666,7.417980722676095,0.0030063155220787507,0.10387184152467821,33624.0,6904628.0,169.83415260390527,148.59958678142505,4.073333333333333,1030.38,29309.46,192753.71,,11067026.0,6.1000000000000005,7.414974407154016,33
aveiro,2023-07-01,3T2023,2023,2023Q3,2023-07-01,1662.3333333333333,9.466666666666669,7.415977516878013,-0.0020032057980818863,0.0507973908570003,34256.0,7072380.0,170.75092220163313,151.39267918107592,3.9966666666666666,1140.31,30449.77,192753.71,,11067026.0,6.1000000000000005,7.417980722676095,34
aveiro,2023-10-01,4T2023,2023,2023Q4,2023-10-01,1658.0,9.333333333333334,7.41336733569524,-0.0026101811827734522,0.009900070757159263,34126.0,7174277.0,173.87088910761483,150.81815068114773,3.966666666666667,853.13,31302.9,192753.71,,11067026.0,6.6000000000000005,7.415977516878013,35
aveiro,2024-01-01,1T2024,2024,2024Q1,2024-01-01,1684.0,9.2,7.428927194802272,0.015559859107032281,0.013952787648255693,33077.0,6730533.0,168.28967248471187,146.18214763172722,3.813333333333333,664.25,31967.15,201383.75,,11295785.0,6.800000000000001,7.41336733569524,36
aveiro,2024-04-01,2T2024,2024,2024Q2,2024-04-01,1713.6666666666667,9.7,7.446390603387395,0.017463408585123297,0.02840988071130024,37125.0,7876682.0,175.47327047702692,164.072081229491,3.87,863.79,32830.94,201383.75,,11295785.0,6.2,7.428927194802272,37
aveiro,2024-07-01,3T2024,2024,2024Q3,2024-07-01,1731.3333333333333,9.533333333333331,7.456647103554584,0.010256500167188598,0.040669586676570724,40909.0,9052016.0,183.003994750677,180.7952800274006,3.673333333333334,962.02,33792.96,201383.75,,11295785.0,6.2,7.446390603387395,38
aveiro,2024-10-01,4T2024,2024,2024Q4,2024-10-01,1772.6666666666667,9.633333333333333,7.480240283134855,0.023593179580271517,0.0668729474396157,45214.0,10173942.0,186.10174614443363,199.8210122750224,3.41,1048.07,34841.03,201383.75,,11295785.0,6.7,7.456647103554584,39
aveiro,2025-01-01,1T2025,2025,2025Q1,2025-01-01,1825.3333333333333,9.6,7.509517897740229,0.02927761460537326,0.08059070293795667,41358.0,9617638.0,192.3282226547581,182.77961307715256,3.4499999999999997,968.9,35809.93,213730.82,,11405627.0,6.6000000000000005,7.480240283134855,40
azores,2015-01-01,1T2015,2015,2015Q1,2015-01-01,934.3333333333334,,6.839833262496678,,,21762.0,2662680.0,101.19388995618124,96.176070887978,,319.12,12554.79,125514.7,0.7000000000000001,10381838.0,14.8,,0
azores,2015-04-01,2T2015,2015,2015Q2,2015-04-01,951.6666666666666,,6.858214833422001,0.018381570925322777,,20614.0,2509888.0,100.69923957118108,91.10254228861218,,297.14,12851.93,125514.7,0.8333333333333334,10381838.0,11.2,6.839833262496678,1
azores,2015-07-01,3T2015,2015,2015Q3,2015-07-01,930.6666666666666,,6.835901175214153,-0.02231365820784781,,22928.0,2697752.0,97.31280042246271,101.32914958733386,,319.68,13171.62,125514.7,1.1333333333333335,10381838.0,12.0,6.858214833422001,2
azores,2015-10-01,4T2015,2015,2015Q4,2015-10-01,884.0,,6.784457062637643,-0.05144411257650994,,25205.0,3071762.0,100.79407005017497,111.39223723607596,,405.34,13576.96,125514.7,1.2000000000000002,10381838.0,12.5,6.835901175214153,3
azores,2016-01-01,1T2016,2016,2016Q1,2016-01-01,884.5,,6.78502251359984,0.000565450962196401,-0.05481074889683857,24926.0,3001077.0,99.57691524589762,110.1592106862301,,434.9,14011.86,127838.92,1.3666666666666665,10356516.0,12.2,6.784457062637643,4
azores,2016-04-01,2T2016,2016,2016Q2,2016-04-01,867.611111111111,,6.7657435855916805,-0.019278928008159113,-0.09247124783032046,26890.0,3267885.0,100.5101875107177,118.83901048514512,,401.38,14413.24,127838.92,1.3666666666666665,10356516.0,11.0,6.78502251359984,5
azores,2016-07-01,3T2016,2016,2016Q3,2016-07-01,862.3333333333334,,6.759641893517919,-0.0061016920737611,-0.07625928169623375,26675.0,3173236.0,98.38571929954205,117.8888287352639,,331.47,14744.71,127838.92,1.2000000000000002,10356516.0,10.6,6.7657435855916805,6
azores,2016-10-01,4T2016,2016,2016Q4,2016-10-01,848.6666666666666,,6.743666490449242,-0.015975403068677174,-0.040790572188400986,28999.0,3551512.0,101.2894901297318,128.15963053398005,,408.85,15153.56,127838.92,1.2000000000000002,10356516.0,10.3,6.759641893517919,7
azores,2017-01-01,1T2017,2017,2017Q1,2017-01-01,872.0,,6.77078942390898,0.027122933459737375,-0.014233089690860012,29975.0,3800102.0,104.85042196590872,132.4730137334409,,489.78,15643.34,138586.19,1.2666666666666668,10340124.0,9.2,6.743666490449242,8
azores,2017-04-01,2T2017,2017,2017Q2,2017-04-01,861.1666666666666,,6.758288059059129,-0.012501364849850205,-0.007455526532551104,31197.0,4021419.0,106.61065537213086,137.8735816327658,,370.69,16014.03,138586.19,1.3333333333333333,10340124.0,10.1,6.77078942390898,9
azores,2017-07-01,3T2017,2017,2017Q3,2017-07-01,838.5833333333334,,6.731713960145333,-0.026574098913796362,-0.027927933372586367,32722.0,4258992.0,107.64679513938984,144.61324288192336,,384.08,16398.1,138586.19,1.5,10340124.0,8.200000000000001,6.758288059059129,10
azores,2017-10-01,4T2017,2017,2017Q4,2017-10-01,856.0833333333334,,6.7523677234282635,0.02065376328293045,0.008701232979021256,35940.0,4898678.0,112.72881483438267,158.83503298014563,,440.43,16838.54,138586.19,1.7666666666666668,10340124.0,8.1,6.731713960145333,11
azores,2018-01-01,1T2018,2018,2018Q1,2018-01-01,839.3333333333334,,6.732607925936183,-0.0197597974920809,-0.03818149797279702,34449.0,4755125.0,114.16144018167434,152.2456330309693,,495.45,17333.99,136252.87,1.8,10334633.0,8.9,6.7523677234282635,12
azores,2018-04-01,2T2018,2018,2018Q2,2018-04-01,855.9166666666666,,6.752173019377804,0.019565093441621606,-0.006115039681325207,38730.0,5425227.0,115.8522674050557,171.16529847860434,,514.24,17848.23,136252.87,1.9,10334633.0,8.1,6.732607925936183,13
azores,2018-07-01,3T2018,2018,2018Q3,2018-07-01,916.3333333333334,,6.820380199497136,0.06820718011933202,0.08866623935180318,38964.0,5512302.0,117.00477583884005,172.19944977847507,,434.61,18282.84,136252.87,2.1333333333333333,10334633.0,8.6,6.752173019377804,14
azores,2018-10-01,4T2018,2018,2018Q4,2018-10-01,892.0,,6.79346613258001,-0.02691406691712661,0.04109840915174612,39066.0,5414883.0,114.63685212246476,172.65023367841872,2.64,498.33,18781.17,136252.87,2.233333333333334,10334633.0,8.200000000000001,6.820380199497136,15
azores,2019-01-01,1T2019,2019,2019Q1,2019-01-01,864.5,,6.7621513051233455,-0.03131482745666414,0.029543379187162877,36954.0,5261090.0,117.7466059092851,163.31635527958545,2.8666666666666667,445.76,19226.93,148342.92,2.366666666666667,10354446.0,8.3,6.79346613258001,16
azores,2019-04-01,2T2019,2019,2019Q2,2019-04-01,835.5833333333334,7.0,6.728130083735925,-0.034021221387420475,-0.024042935641879204,36681.0,5414806.0,122.08880842455076,162.10984542973628,3.1566666666666667,415.35,19642.28,148342.92,2.466666666666667,10354446.0,8.0,6.7621513051233455,17
azores,2019-07-01,3T2019,2019,2019Q3,2019-07-01,840.5,6.3,6.7339969528486705,0.005866869112745476,-0.08638324664846575,39554.0,5800028.0,121.2757031962132,174.80692527814915,2.4133333333333336,418.47,20060.75,148342.92,2.4000000000000004,10354446.0,7.300000000000001,6.728130083735925,18
azores,2019-10-01,4T2019,2019,2019Q4,2019-10-01,845.25,6.833333333333333,6.739632441587996,0.0056354887393252895,-0.05383369099201385,41676.0,6136268.0,121.77339389322496,184.18499817697688,2.1866666666666665,490.46,20551.21,148342.92,2.4000000000000004,10354446.0,7.5,6.7339969528486705,19
azores,2020-01-01,1T2020,2020,2020Q1,2020-01-01,880.3333333333334,6.6,6.780300623629023,0.040668182041026846,0.018149318505677137,36399.0,5785538.0,131.4584231641285,160.86356052989206,2.21,468.51,21019.72,150377.77,2.533333333333333,10384846.0,7.1000000000000005,6.739632441587996,20
azores,2020-04-01,2T2020,2020,2020Q2,2020-04-01,923.3333333333334,6.2,6.827990310513274,0.04768968688425179,0.0998602267773494,26379.0,4125502.0,129.34587844472952,116.5806715354274,2.21,274.49,21294.21,150377.77,2.2,10384846.0,4.7,6.780300623629023,21
azores,2020-07-01,3T2020,2020,2020Q3,2020-07-01,931.6666666666666,6.8999999999999995,6.83697509692109,0.008984786407815193,0.10297814407241912,35596.0,5427603.0,126.10752326248976,157.31474218033566,2.08,352.27,21646.48,150377.77,2.1333333333333333,10384846.0,6.6000000000000005,6.827990310513274,22
azores,2020-10-01,4T2020,2020,2020Q4,2020-10-01,928.9166666666666,6.933333333333334,6.834019032601623,-0.0029560643194663783,0.09438659101362745,39139.0,6098441.0,128.86744612614154,172.97285352837838,2.1266666666666665,488.87,22135.35,150377.77,2.1,10384846.0,5.4,6.83697509692109,23
azores,2021-01-01,1T2021,2021,2021Q1,2021-01-01,959.5833333333334,7.7,6.866499162466785,0.0324801298651618,0.0861985388377624,34614.0,5595240.0,133.69065495381548,152.97484228087814,1.9566666666666668,345.02,22480.37,164176.4,1.9,,6.5,6.834019032601623,24
azores,2021-04-01,2T2021,2021,2021Q2,2021-04-01,956.3333333333334,7.333333333333333,6.863106527313255,-0.0033926351535296106,0.035116216799981004,41736.0,6933006.0,137.38675721914424,184.45016517694373,2.193333333333334,512.35,22992.72,164176.4,2.866666666666667,,6.7,6.866499162466785,25
azores,2021-07-01,3T2021,2021,2021Q3,2021-07-01,958.65,7.033333333333334,6.8655260447644,0.0024195174511447703,0.02855094784331058,43447.0,7345978.0,139.83759623515712,192.0118441259985,2.18,570.74,23563.46,164176.4,4.033333333333334,,6.7,6.863106527313255,26
azores,2021-10-01,4T2021,2021,2021Q4,2021-10-01,1023.95,6.466666666666666,6.931422976282321,0.06589693151792098,0.09740394368069794,45885.0,8225207.0,148.2552976019511,202.7864632246517,2.1533333333333333,700.74,24264.2,164176.4,5.300000000000001,,8.1,6.8655260447644,27
azores,2022-01-01,1T2022,2022,2022Q1,2022-01-01,1084.4222222222222,7.15,6.9888026100576806,0.05737963377535937,0.12230344759089551,43544.0,8081797.0,153.50189341648706,192.44053077594492,2.3266666666666667,615.95,24880.15,175732.61,6.766666666666667,10764411.0,6.5,6.931422976282321,28
azores,2022-04-01,2T2022,2022,2022Q2,2022-04-01,1075.8555555555556,6.95,6.98087148966172,-0.007931120395960889,0.11776496234846423,43607.0,8287705.0,157.1853964180325,192.71895612591013,2.98,1047.15,25927.3,175732.61,8.666666666666666,10764411.0,6.2,6.9888026100576806,29
azores,2022-07-01,3T2022,2022,2022Q3,2022-07-01,1133.2222222222224,,7.032820377914299,0.05194888825257937,0.16729433314989883,42223.0,8051492.0,157.71078703058802,186.6024373266747,3.2266666666666666,738.85,26666.15,175732.61,10.333333333333334,10764411.0,6.1,6.98087148966172,30
azores,2022-10-01,4T2022,2022,2022Q4,2022-10-01,1171.0777777777778,8.15,7.065679781355953,0.03285940344165361,0.13425680507363147,38526.0,7362219.0,158.04797371910158,170.26373067871702,3.9066666666666663,762.23,27428.38,175732.61,11.566666666666668,10764411.0,5.6,7.032820377914299,31
azores,2023-01-01,1T2023,2023,2023Q1,2023-01-01,1268.177777777778,,7.145336328464386,0.07965654710843317,0.15653371840670527,34493.0,6857332.0,164.42139501587408,152.440088830945,4.003333333333333,850.7,28279.08,192753.71,,11067026.0,6.3,7.065679781355953,32
azores,2023-04-01,2T2023,2023,2023Q2,2023-04-01,1231.1333333333334,8.9,7.115690433343663,-0.0296458951207228,0.13481894368194336,33624.0,6904628.0,169.83415260390527,148.59958678142505,4.073333333333333,1030.38,29309.46,192753.71,,11067026.0,6.7,7.145336328464386,33
azores,2023-07-01,3T2023,2023,2023Q3,2023-07-01,1263.5333333333333,,7.14166730822409,0.02597687488042677,0.10884693030979076,34256.0,7072380.0,170.75092220163313,151.39267918107592,3.9966666666666666,1140.31,30449.77,192753.71,,11067026.0,6.0,7.115690433343663,34
azores,2023-10-01,4T2023,2023,2023Q4,2023-10-01,1365.9444444444443,9.9,7.21960136905803,0.0779340608339405,0.15392158770207764,34126.0,7174277.0,173.87088910761483,150.81815068114773,3.966666666666667,853.13,31302.9,192753.71,,11067026.0,6.9,7.14166730822409,35
azores,2024-01-01,1T2024,2024,2024Q1,2024-01-01,1405.8333333333333,8.766666666666666,7.248385525752013,0.028784156693983043,0.10304919728762751,33077.0,6730533.0,168.28967248471187,146.18214763172722,3.813333333333333,664.25,31967.15,201383.75,,11295785.0,6.7,7.21960136905803,36
azores,2024-04-01,2T2024,2024,2024Q2,2024-04-01,1385.388888888889,,7.233736165409735,-0.01464936034227815,0.11804573206607216,37125.0,7876682.0,175.47327047702692,164.072081229491,3.87,863.79,32830.94,201383.75,,11295785.0,5.5,7.248385525752013,37
azores,2024-07-01,3T2024,2024,2024Q3,2024-07-01,1441.3333333333333,,7.273323890090989,0.03958772468125371,0.1316565818668991,40909.0,9052016.0,183.003994750677,180.7952800274006,3.673333333333334,962.02,33792.96,201383.75,,11295785.0,4.9,7.233736165409735,38
azores,2024-10-01,4T2024,2024,2024Q4,2024-10-01,1424.111111111111,9.9,7.261303116393605,-0.01202077369738408,0.041701747335574524,45214.0,10173942.0,186.10174614443363,199.8210122750224,3.41,1048.07,34841.03,201383.75,,11295785.0,5.4,7.273323890090989,39
azores,2025-01-01,1T2025,2025,2025Q1,2025-01-01,1485.111111111111,10.466666666666669,7.303244870734796,0.04194175434119085,0.05485934498278233,41358.0,9617638.0,192.3282226547581,182.77961307715256,3.4499999999999997,968.9,35809.93,213730.82,,11405627.0,5.7,7.261303116393605,40
beja,2015-01-01,1T2015,2015,2015Q1,2015-01-01,792.3333333333334,3.9,6.674982178692084,,,21762.0,2662680.0,101.19388995618124,96.176070887978,,319.12,12554.79,125514.7,0.7000000000000001,10381838.0,14.2,,0
beja,2015-04-01,2T2015,2015,2015Q2,2015-04-01,824.3333333333334,,6.714574978853307,0.03959280016122246,,20614.0,2509888.0,100.69923957118108,91.10254228861218,,297.14,12851.93,125514.7,0.8333333333333334,10381838.0,12.4,6.674982178692084,1
beja,2015-07-01,3T2015,2015,2015Q3,2015-07-01,813.3333333333334,4.05,6.701141029619138,-0.01343394923416863,,22928.0,2697752.0,97.31280042246271,101.32914958733386,,319.68,13171.62,125514.7,1.1333333333333335,10381838.0,12.3,6.714574978853307,2
beja,2015-10-01,4T2015,2015,2015Q4,2015-10-01,814.6666666666666,4.166666666666667,6.702779031623376,0.0016380020042383592,,25205.0,3071762.0,100.79407005017497,111.39223723607596,,405.34,13576.96,125514.7,1.2000000000000002,10381838.0,12.5,6.701141029619138,3
beja,2016-01-01,1T2016,2016,2016Q1,2016-01-01,834.6666666666666,4.2,6.727032443551879,0.02425341192850272,0.052050264859794915,24926.0,3001077.0,99.57691524589762,110.1592106862301,,434.9,14011.86,127838.92,1.3666666666666665,10356516.0,12.8,6.702779031623376,4
beja,2016-04-01,2T2016,2016,2016Q2,2016-04-01,824.3333333333334,4.133333333333333,6.714574978853307,-0.012457464698572451,0.0,26890.0,3267885.0,100.5101875107177,118.83901048514512,,401.38,14413.24,127838.92,1.3666666666666665,10356516.0,11.2,6.727032443551879,5
beja,2016-07-01,3T2016,2016,2016Q3,2016-07-01,806.6666666666666,4.3,6.692910530482623,-0.021664448370684042,-0.008230499136515412,26675.0,3173236.0,98.38571929954205,117.8888287352639,,331.47,14744.71,127838.92,1.2000000000000002,10356516.0,10.9,6.714574978853307,6
beja,2016-10-01,4T2016,2016,2016Q4,2016-10-01,783.6666666666666,4.166666666666667,6.66398375987196,-0.028926770610662622,-0.038795271751416394,28999.0,3551512.0,101.2894901297318,128.15963053398005,,408.85,15153.56,127838.92,1.2000000000000002,10356516.0,10.8,6.692910530482623,7
beja,2017-01-01,1T2017,2017,2017Q1,2017-01-01,766.6666666666666,4.633333333333333,6.6420521132491315,-0.021931646622828538,-0.08498033030274765,29975.0,3800102.0,104.85042196590872,132.4730137334409,,489.78,15643.34,138586.19,1.2666666666666668,10340124.0,10.4,6.66398375987196,8
beja,2017-04-01,2T2017,2017,2017Q2,2017-04-01,776.0,4.4,6.654152520183219,0.012100406934087538,-0.060422458670087664,31197.0,4021419.0,106.61065537213086,137.8735816327658,,370.69,16014.03,138586.19,1.3333333333333333,10340124.0,9.1,6.6420521132491315,9
beja,2017-07-01,3T2017,2017,2017Q3,2017-07-01,769.0,4.2,6.645090969505644,-0.009061550677574637,-0.04781956097697826,32722.0,4258992.0,107.64679513938984,144.61324288192336,,384.08,16398.1,138586.19,1.5,10340124.0,8.8,6.654152520183219,10
beja,2017-10-01,4T2017,2017,2017Q4,2017-10-01,774.6666666666666,,6.6524328293036925,0.007341859798048134,-0.011550930568267503,35940.0,4898678.0,112.72881483438267,158.83503298014563,,440.43,16838.54,138586.19,1.7666666666666668,10340124.0,8.3,6.645090969505644,11
beja,2018-01-01,1T2018,2018,2018Q1,2018-01-01,785.0,,6.665683717782408,0.013250888478715694,0.02363160453327673,34449.0,4755125.0,114.16144018167434,152.2456330309693,,495.45,17333.99,136252.87,1.8,10334633.0,8.0,6.6524328293036925,12
beja,2018-04-01,2T2018,2018,2018Q2,2018-04-01,803.6666666666666,,6.6891845895130615,0.023500871730653294,0.035032069329842486,38730.0,5425227.0,115.8522674050557,171.16529847860434,,514.24,17848.23,136252.87,1.9,10334633.0,6.9,6.665683717782408,13
beja,2018-07-01,3T2018,2018,2018Q3,2018-07-01,872.3333333333334,,6.771171613862037,0.08198702434897509,0.1260806443563922,38964.0,5512302.0,117.00477583884005,172.19944977847507,,434.61,18282.84,136252.87,2.1333333333333333,10334633.0,6.800000000000001,6.6891845895130615,14
beja,2018-10-01,4T2018,2018,2018Q4,2018-10-01,799.6666666666666,,6.684194974171585,-0.08697663969045166,0.03176214486789242,39066.0,5414883.0,114.63685212246476,172.65023367841872,2.64,498.33,18781.17,136252.87,2.233333333333334,10334633.0,6.7,6.771171613862037,15
beja,2019-01-01,1T2019,2019,2019Q1,2019-01-01,792.6666666666666,,6.675402788582617,-0.008792185588967882,0.00971907080020884,36954.0,5261090.0,117.7466059092851,163.31635527958545,2.8666666666666667,445.76,19226.93,148342.92,2.366666666666667,10354446.0,6.9,6.684194974171585,16
beja,2019-04-01,2T2019,2019,2019Q2,2019-04-01,786.3333333333334,,6.667380790739565,-0.00802199784305202,-0.021803798773496474,36681.0,5414806.0,122.08880842455076,162.10984542973628,3.1566666666666667,415.35,19642.28,148342.92,2.466666666666667,10354446.0,6.300000000000001,6.675402788582617,17
beja,2019-07-01,3T2019,2019,2019Q3,2019-07-01,783.0,,6.663132695990803,-0.004248094748762199,-0.10803891787123376,39554.0,5800028.0,121.2757031962132,174.80692527814915,2.4133333333333336,418.47,20060.75,148342.92,2.4000000000000004,10354446.0,6.2,6.667380790739565,18
beja,2019-10-01,4T2019,2019,2019Q4,2019-10-01,798.0,,6.682108597449809,0.018975901459006295,-0.0020863767217758067,41676.0,6136268.0,121.77339389322496,184.18499817697688,2.1866666666666665,490.46,20551.21,148342.92,2.4000000000000004,10354446.0,6.800000000000001,6.663132695990803,19
beja,2020-01-01,1T2020,2020,2020Q1,2020-01-01,795.3333333333334,,6.678761313989752,-0.003347283460056971,0.0033585254071351045,36399.0,5785538.0,131.4584231641285,160.86356052989206,2.21,468.51,21019.72,150377.77,2.533333333333333,10384846.0,6.9,6.682108597449809,20
beja,2020-04-01,2T2020,2020,2020Q2,2020-04-01,763.6666666666666,,6.638131393785386,-0.040629920204366066,-0.02924939695417894,26379.0,4125502.0,129.34587844472952,116.5806715354274,2.21,274.49,21294.21,150377.77,2.2,10384846.0,5.7,6.678761313989752,21
beja,2020-07-01,3T2020,2020,2020Q3,2020-07-01,779.0,,6.658011045870748,0.01987965208536213,-0.0051216501200546105,35596.0,5427603.0,126.10752326248976,157.31474218033566,2.08,352.27,21646.48,150377.77,2.1333333333333333,10384846.0,8.200000000000001,6.638131393785386,22
beja,2020-10-01,4T2020,2020,2020Q4,2020-10-01,771.6666666666666,,6.648552677852225,-0.009458368018523622,-0.03355591959758453,39139.0,6098441.0,128.86744612614154,172.97285352837838,2.1266666666666665,488.87,22135.35,150377.77,2.1,10384846.0,7.300000000000001,6.658011045870748,23
beja,2021-01-01,1T2021,2021,2021Q1,2021-01-01,775.0,,6.652863029353347,0.004310351501122689,-0.025898284636404867,34614.0,5595240.0,133.69065495381548,152.97484228087814,1.9566666666666668,345.02,22480.37,164176.4,1.9,,7.2,6.648552677852225,24
beja,2021-04-01,2T2021,2021,2021Q2,2021-04-01,773.3333333333334,,6.650710175992246,-0.002152853361101492,0.012578782206859707,41736.0,6933006.0,137.38675721914424,184.45016517694373,2.193333333333334,512.35,22992.72,164176.4,2.866666666666667,,6.9,6.652863029353347,25
beja,2021-07-01,3T2021,2021,2021Q3,2021-07-01,798.3333333333334,,6.682526221176906,0.031816045184660524,0.0245151753061581,43447.0,7345978.0,139.83759623515712,192.0118441259985,2.18,570.74,23563.46,164176.4,4.033333333333334,,6.300000000000001,6.650710175992246,26
beja,2021-10-01,4T2021,2021,2021Q4,2021-10-01,823.0,,6.71295620067707,0.030429979500163462,0.06440352282484518,45885.0,8225207.0,148.2552976019511,202.7864632246517,2.1533333333333333,700.74,24264.2,164176.4,5.300000000000001,,6.300000000000001,6.682526221176906,27
beja,2022-01-01,1T2022,2022,2022Q1,2022-01-01,834.6666666666666,,6.727032443551879,0.014076242874809353,0.07416941419853185,43544.0,8081797.0,153.50189341648706,192.44053077594492,2.3266666666666667,615.95,24880.15,175732.61,6.766666666666667,10764411.0,6.0,6.71295620067707,28
beja,2022-04-01,2T2022,2022,2022Q2,2022-04-01,827.3333333333334,,6.7182076770964425,-0.008824766455436617,0.06749750110419672,43607.0,8287705.0,157.1853964180325,192.71895612591013,2.98,1047.15,25927.3,175732.61,8.666666666666666,10764411.0,5.9,6.727032443551879,29
beja,2022-07-01,3T2022,2022,2022Q3,2022-07-01,867.0,,6.7650389767805414,0.04683129968409894,0.08251275560363514,42223.0,8051492.0,157.71078703058802,186.6024373266747,3.2266666666666666,738.85,26666.15,175732.61,10.333333333333334,10764411.0,5.9,6.7182076770964425,30
beja,2022-10-01,4T2022,2022,2022Q4,2022-10-01,931.0,,6.836259277277067,0.07122030049652572,0.1233030765999974,38526.0,7362219.0,158.04797371910158,170.26373067871702,3.9066666666666663,762.23,27428.38,175732.61,11.566666666666668,10764411.0,6.7,6.7650389767805414,31
beja,2023-01-01,1T2023,2023,2023Q1,2023-01-01,946.6666666666666,,6.852947042487142,0.01668776521007498,0.12591459893526302,34493.0,6857332.0,164.42139501587408,152.440088830945,4.003333333333333,850.7,28279.08,192753.71,,11067026.0,7.2,6.836259277277067,32
beja,2023-04-01,2T2023,2023,2023Q2,2023-04-01,1005.0,8.0,6.912742820493176,0.059795778006034084,0.19453514339673372,33624.0,6904628.0,169.83415260390527,148.59958678142505,4.073333333333333,1030.38,29309.46,192753.71,,11067026.0,6.1000000000000005,6.852947042487142,33
beja,2023-07-01,3T2023,2023,2023Q3,2023-07-01,1053.3333333333333,8.266666666666667,6.959715017912848,0.04697219741967196,0.19467604113230674,34256.0,7072380.0,170.75092220163313,151.39267918107592,3.9966666666666666,1140.31,30449.77,192753.71,,11067026.0,6.1000000000000005,6.912742820493176,34
beja,2023-10-01,4T2023,2023,2023Q4,2023-10-01,1056.0,8.966666666666667,6.962243464266207,0.002528446353358582,0.1259841869891396,34126.0,7174277.0,173.87088910761483,150.81815068114773,3.966666666666667,853.13,31302.9,192753.71,,11067026.0,6.6000000000000005,6.959715017912848,35
beja,2024-01-01,1T2024,2024,2024Q1,2024-01-01,1068.3333333333333,9.4,6.97385508068666,0.011611616420453608,0.12090803819951823,33077.0,6730533.0,168.28967248471187,146.18214763172722,3.813333333333333,664.25,31967.15,201383.75,,11295785.0,6.800000000000001,6.962243464266207,36
beja,2024-04-01,2T2024,2024,2024Q2,2024-04-01,1099.0,9.7,7.002155954403621,0.028300873716960773,0.08941313391044492,37125.0,7876682.0,175.47327047702692,164.072081229491,3.87,863.79,32830.94,201383.75,,11295785.0,6.2,6.97385508068666,37
beja,2024-07-01,3T2024,2024,2024Q3,2024-07-01,1122.6666666666667,9.2,7.023462086694107,0.02130613229048617,0.06374706878125913,40909.0,9052016.0,183.003994750677,180.7952800274006,3.673333333333334,962.02,33792.96,201383.75,,11295785.0,6.2,7.002155954403621,38
beja,2024-10-01,4T2024,2024,2024Q4,2024-10-01,1194.0,9.2,7.085064293952548,0.061602207258440345,0.1228208296863409,45214.0,10173942.0,186.10174614443363,199.8210122750224,3.41,1048.07,34841.03,201383.75,,11295785.0,6.7,7.023462086694107,39
beja,2025-01-01,1T2025,2025,2025Q1,2025-01-01,1217.0,9.366666666666667,7.104144092987527,0.01907979903497914,0.13028901230086642,41358.0,9617638.0,192.3282226547581,182.77961307715256,3.4499999999999997,968.9,35809.93,213730.82,,11405627.0,6.6000000000000005,7.085064293952548,40
braga,2015-01-01,1T2015,2015,2015Q1,2015-01-01,781.0,3.8,6.660575149839686,,,21762.0,2662680.0,101.19388995618124,96.176070887978,,319.12,12554.79,125514.7,0.7000000000000001,10381838.0,14.2,,0
braga,2015-04-01,2T2015,2015,2015Q2,2015-04-01,753.3333333333334,3.5,6.624507803598222,-0.036067346241464016,,20614.0,2509888.0,100.69923957118108,91.10254228861218,,297.14,12851.93,125514.7,0.8333333333333334,10381838.0,12.4,6.660575149839686,1
braga,2015-07-01,3T2015,2015,2015Q3,2015-07-01,739.3333333333334,3.5666666666666664,6.605748879242203,-0.018758924356019335,,22928.0,2697752.0,97.31280042246271,101.32914958733386,,319.68,13171.62,125514.7,1.1333333333333335,10381838.0,12.3,6.624507803598222,2
braga,2015-10-01,4T2015,2015,2015Q4,2015-10-01,740.3333333333334,3.5,6.6071005352263175,0.0013516559841146858,,25205.0,3071762.0,100.79407005017497,111.39223723607596,,405.34,13576.96,125514.7,1.2000000000000002,10381838.0,12.5,6.605748879242203,3
braga,2016-01-01,1T2016,2016,2016Q1,2016-01-01,754.0,3.466666666666667,6.625392368007956,0.018291832781638817,-0.03518278183172985,24926.0,3001077.0,99.57691524589762,110.1592106862301,,434.9,14011.86,127838.92,1.3666666666666665,10356516.0,12.8,6.6071005352263175,4
braga,2016-04-01,2T2016,2016,2016Q2,2016-04-01,729.6666666666666,3.466666666666667,6.592587808854753,-0.03280455915320335,-0.03191999474346918,26890.0,3267885.0,100.5101875107177,118.83901048514512,,401.38,14413.24,127838.92,1.3666666666666665,10356516.0,11.2,6.625392368007956,5
braga,2016-07-01,3T2016,2016,2016Q3,2016-07-01,739.3333333333334,3.6,6.605748879242203,0.013161070387449847,0.0,26675.0,3173236.0,98.38571929954205,117.8888287352639,,331.47,14744.71,127838.92,1.2000000000000002,10356516.0,10.9,6.592587808854753,6
braga,2016-10-01,4T2016,2016,2016Q4,2016-10-01,737.6666666666666,4.8,6.60349205138294,-0.0022568278592629554,-0.003608483843377641,28999.0,3551512.0,101.2894901297318,128.15963053398005,,408.85,15153.56,127838.92,1.2000000000000002,10356516.0,10.8,6.605748879242203,7
braga,2017-01-01,1T2017,2017,2017Q1,2017-01-01,743.0,4.133333333333334,6.610696044717759,0.0072039933348193586,-0.0146963232901971,29975.0,3800102.0,104.85042196590872,132.4730137334409,,489.78,15643.34,138586.19,1.2666666666666668,10340124.0,10.4,6.60349205138294,8
braga,2017-04-01,2T2017,2017,2017Q2,2017-04-01,762.0,4.066666666666666,6.635946555686647,0.02525051096888742,0.04335874683189367,31197.0,4021419.0,106.61065537213086,137.8735816327658,,370.69,16014.03,138586.19,1.3333333333333333,10340124.0,9.1,6.610696044717759,9
braga,2017-07-01,3T2017,2017,2017Q3,2017-07-01,775.0,4.3,6.652863029353347,0.016916473666700682,0.047114150111144504,32722.0,4258992.0,107.64679513938984,144.61324288192336,,384.08,16398.1,138586.19,1.5,10340124.0,8.8,6.635946555686647,10
braga,2017-10-01,4T2017,2017,2017Q4,2017-10-01,791.6666666666666,4.333333333333333,6.674140427800632,0.02127739844728449,0.07064837641769195,35940.0,4898678.0,112.72881483438267,158.83503298014563,,440.43,16838.54,138586.19,1.7666666666666668,10340124.0,8.3,6.652863029353347,11
braga,2018-01-01,1T2018,2018,2018Q1,2018-01-01,816.3333333333334,4.766666666666667,6.704822768284058,0.030682340483425996,0.09412672356629859,34449.0,4755125.0,114.16144018167434,152.2456330309693,,495.45,17333.99,136252.87,1.8,10334633.0,8.0,6.674140427800632,12
braga,2018-04-01,2T2018,2018,2018Q2,2018-04-01,844.3333333333334,5.033333333333333,6.738547361333565,0.03372459304950759,0.10260080564691876,38730.0,5425227.0,115.8522674050557,171.16529847860434,,514.24,17848.23,136252.87,1.9,10334633.0,6.9,6.704822768284058,13
braga,2018-07-01,3T2018,2018,2018Q3,2018-07-01,909.6666666666666,5.400000000000001,6.813078232040229,0.07453087070666342,0.1602152026868815,38964.0,5512302.0,117.00477583884005,172.19944977847507,,434.61,18282.84,136252.87,2.1333333333333333,10334633.0,6.800000000000001,6.738547361333565,14
braga,2018-10-01,4T2018,2018,2018Q4,2018-10-01,905.0,5.266666666666667,6.807934943699926,-0.005143288340303087,0.13379451589929392,39066.0,5414883.0,114.63685212246476,172.65023367841872,2.64,498.33,18781.17,136252.87,2.233333333333334,10334633.0,6.7,6.813078232040229,15
braga,2019-01-01,1T2019,2019,2019Q1,2019-01-01,920.0,5.433333333333334,6.824373670043086,0.01643872634316068,0.1195509017590286,36954.0,5261090.0,117.7466059092851,163.31635527958545,2.8666666666666667,445.76,19226.93,148342.92,2.366666666666667,10354446.0,6.9,6.807934943699926,16
braga,2019-04-01,2T2019,2019,2019Q2,2019-04-01,956.6666666666666,5.7,6.863455020085557,0.03908135004247093,0.12490765875199195,36681.0,5414806.0,122.08880842455076,162.10984542973628,3.1566666666666667,415.35,19642.28,148342.92,2.466666666666667,10354446.0,6.300000000000001,6.824373670043086,17
braga,2019-07-01,3T2019,2019,2019Q3,2019-07-01,964.0,6.099999999999999,6.871091294610546,0.0076362745249882735,0.0580130625703168,39554.0,5800028.0,121.2757031962132,174.80692527814915,2.4133333333333336,418.47,20060.75,148342.92,2.4000000000000004,10354446.0,6.2,6.863455020085557,18
braga,2019-10-01,4T2019,2019,2019Q4,2019-10-01,965.6666666666666,6.266666666666667,6.8728187091012405,0.0017274144906949118,0.0648837654013148,41676.0,6136268.0,121.77339389322496,184.18499817697688,2.1866666666666665,490.46,20551.21,148342.92,2.4000000000000004,10354446.0,6.800000000000001,6.871091294610546,19
braga,2020-01-01,1T2020,2020,2020Q1,2020-01-01,990.3333333333334,6.433333333333334,6.898041586794498,0.025222877693257928,0.07366791675141204,36399.0,5785538.0,131.4584231641285,160.86356052989206,2.21,468.51,21019.72,150377.77,2.533333333333333,10384846.0,6.9,6.8728187091012405,20
braga,2020-04-01,2T2020,2020,2020Q2,2020-04-01,1016.0,6.3999999999999995,6.923628628138427,0.025587041343928973,0.06017360805287009,26379.0,4125502.0,129.34587844472952,116.5806715354274,2.21,274.49,21294.21,150377.77,2.2,10384846.0,5.7,6.898041586794498,21
braga,2020-07-01,3T2020,2020,2020Q3,2020-07-01,1031.0,6.1000000000000005,6.93828448401696,0.014655855878532797,0.06719318940641461,35596.0,5427603.0,126.10752326248976,157.31474218033566,2.08,352.27,21646.48,150377.77,2.1333333333333333,10384846.0,8.200000000000001,6.923628628138427,22
braga,2020-10-01,4T2020,2020,2020Q4,2020-10-01,1044.0,6.166666666666667,6.950814768442584,0.012530284425623428,0.07799605934134313,39139.0,6098441.0,128.86744612614154,172.97285352837838,2.1266666666666665,488.87,22135.35,150377.77,2.1,10384846.0,7.300000000000001,6.93828448401696,23
braga,2021-01-01,1T2021,2021,2021Q1,2021-01-01,1091.3333333333333,6.033333333333334,6.99515546926297,0.04434070082038666,0.09711388246847186,34614.0,5595240.0,133.69065495381548,152.97484228087814,1.9566666666666668,345.02,22480.37,164176.4,1.9,,7.2,6.950814768442584,24
braga,2021-04-01,2T2021,2021,2021Q2,2021-04-01,1127.6666666666667,5.966666666666666,7.027905880112598,0.03275041084962815,0.10427725197417104,41736.0,6933006.0,137.38675721914424,184.45016517694373,2.193333333333334,512.35,22992.72,164176.4,2.866666666666667,,6.9,6.99515546926297,25
braga,2021-07-01,3T2021,2021,2021Q3,2021-07-01,1150.6666666666667,6.066666666666666,7.0480967635352085,0.020190883422610106,0.10981227951824835,43447.0,7345978.0,139.83759623515712,192.0118441259985,2.18,570.74,23563.46,164176.4,4.033333333333334,,6.300000000000001,7.027905880112598,26
braga,2021-10-01,4T2021,2021,2021Q4,2021-10-01,1198.6666666666667,6.3,7.088965106923402,0.04086834338819312,0.13815033848081804,45885.0,8225207.0,148.2552976019511,202.7864632246517,2.1533333333333333,700.74,24264.2,164176.4,5.300000000000001,,6.300000000000001,7.0480967635352085,27
braga,2022-01-01,1T2022,2022,2022Q1,2022-01-01,1246.0,6.533333333333334,7.1276936993473985,0.038728592423996844,0.13253823008442822,43544.0,8081797.0,153.50189341648706,192.44053077594492,2.3266666666666667,615.95,24880.15,175732.61,6.766666666666667,10764411.0,6.0,7.088965106923402,28
braga,2022-04-01,2T2022,2022,2022Q2,2022-04-01,1304.3333333333333,6.733333333333333,7.173447333542303,0.04575363419490408,0.14554145342970415,43607.0,8287705.0,157.1853964180325,192.71895612591013,2.98,1047.15,25927.3,175732.61,8.666666666666666,10764411.0,5.9,7.1276936993473985,29
braga,2022-07-01,3T2022,2022,2022Q3,2022-07-01,1373.6666666666667,7.033333333333334,7.2252388426707075,0.05179150912840491,0.17714207913549895,42223.0,8051492.0,157.71078703058802,186.6024373266747,3.2266666666666666,738.85,26666.15,175732.61,10.333333333333334,10764411.0,5.9,7.173447333542303,30
braga,2022-10-01,4T2022,2022,2022Q4,2022-10-01,1400.3333333333333,7.233333333333333,7.244465582501272,0.019226739830564554,0.1555004755778704,38526.0,7362219.0,158.04797371910158,170.26373067871702,3.9066666666666663,762.23,27428.38,175732.61,11.566666666666668,10764411.0,6.7,7.2252388426707075,31
braga,2023-01-01,1T2023,2023,2023Q1,2023-01-01,1455.3333333333333,7.666666666666667,7.28299024844178,0.03852466594050785,0.1552965490943814,34493.0,6857332.0,164.42139501587408,152.440088830945,4.003333333333333,850.7,28279.08,192753.71,,11067026.0,7.2,7.244465582501272,32
braga,2023-04-01,2T2023,2023,2023Q2,2023-04-01,1537.6666666666667,8.166666666666666,7.338021394889711,0.05503114644793072,0.16457406134740804,33624.0,6904628.0,169.83415260390527,148.59958678142505,4.073333333333333,1030.38,29309.46,192753.71,,11067026.0,6.1000000000000005,7.28299024844178,33
braga,2023-07-01,3T2023,2023,2023Q3,2023-07-01,1510.6666666666667,8.733333333333334,7.320306333479787,-0.017715061409923294,0.09506749080907984,34256.0,7072380.0,170.75092220163313,151.39267918107592,3.9966666666666666,1140.31,30449.77,192753.71,,11067026.0,6.1000000000000005,7.338021394889711,34
braga,2023-10-01,4T2023,2023,2023Q4,2023-10-01,1509.0,8.633333333333333,7.319202458767849,-0.0011038747119380687,0.07473687626657721,34126.0,7174277.0,173.87088910761483,150.81815068114773,3.966666666666667,853.13,31302.9,192753.71,,11067026.0,6.6000000000000005,7.320306333479787,35
braga,2024-01-01,1T2024,2024,2024Q1,2024-01-01,1519.0,9.066666666666666,7.325807502595773,0.006605043827923929,0.04281725415399329,33077.0,6730533.0,168.28967248471187,146.18214763172722,3.813333333333333,664.25,31967.15,201383.75,,11295785.0,6.800000000000001,7.319202458767849,36
braga,2024-04-01,2T2024,2024,2024Q2,2024-04-01,1605.3333333333333,9.266666666666666,7.381086698320547,0.0552791957247738,0.043065303430836366,37125.0,7876682.0,175.47327047702692,164.072081229491,3.87,863.79,32830.94,201383.75,,11295785.0,6.2,7.325807502595773,37
braga,2024-07-01,3T2024,2024,2024Q3,2024-07-01,1626.6666666666667,9.266666666666666,7.394288210179083,0.013201511858536463,0.07398187669929612,40909.0,9052016.0,183.003994750677,180.7952800274006,3.673333333333334,962.02,33792.96,201383.75,,11295785.0,6.2,7.381086698320547,38
braga,2024-10-01,4T2024,2024,2024Q4,2024-10-01,1672.3333333333333,9.533333333333331,7.421975135816143,0.027686925637059545,0.10277267704829374,45214.0,10173942.0,186.10174614443363,199.8210122750224,3.41,1048.07,34841.03,201383.75,,11295785.0,6.7,7.394288210179083,39
braga,2025-01-01,1T2025,2025,2025Q1,2025-01-01,1673.6666666666667,9.933333333333332,7.422772107366596,0.0007969715504527741,0.09696460477082258,41358.0,9617638.0,192.3282226547581,182.77961307715256,3.4499999999999997,968.9,35809.93,213730.82,,11405627.0,6.6000000000000005,7.421975135816143,40
braganca,2015-01-01,1T2015,2015,2015Q1,2015-01-01,687.6666666666666,,6.5333042244031425,,,21762.0,2662680.0,101.19388995618124,96.176070887978,,319.12,12554.79,125514.7,0.7000000000000001,10381838.0,14.2,,0
braganca,2015-04-01,2T2015,2015,2015Q2,2015-04-01,694.0,,6.542471960506805,0.009167736103662172,,20614.0,2509888.0,100.69923957118108,91.10254228861218,,297.14,12851.93,125514.7,0.8333333333333334,10381838.0,12.4,6.5333042244031425,1
braganca,2015-07-01,3T2015,2015,2015Q3,2015-07-01,698.0,,6.548219102762372,0.0057471422555677165,,22928.0,2697752.0,97.31280042246271,101.32914958733386,,319.68,13171.62,125514.7,1.1333333333333335,10381838.0,12.3,6.542471960506805,2
braganca,2015-10-01,4T2015,2015,2015Q4,2015-10-01,669.0,,6.505784060128229,-0.04243504263414355,,25205.0,3071762.0,100.79407005017497,111.39223723607596,,405.34,13576.96,125514.7,1.2000000000000002,10381838.0,12.5,6.548219102762372,3
braganca,2016-01-01,1T2016,2016,2016Q1,2016-01-01,662.3333333333334,,6.495768953883707,-0.010015106244521732,-0.03753527051943539,24926.0,3001077.0,99.57691524589762,110.1592106862301,,434.9,14011.86,127838.92,1.3666666666666665,10356516.0,12.8,6.505784060128229,4
braganca,2016-04-01,2T2016,2016,2016Q2,2016-04-01,679.0,,6.520621127558696,0.024852173674989153,-0.021850832948108412,26890.0,3267885.0,100.5101875107177,118.83901048514512,,401.38,14413.24,127838.92,1.3666666666666665,10356516.0,11.2,6.495768953883707,5
braganca,2016-07-01,3T2016,2016,2016Q3,2016-07-01,685.3333333333334,,6.529905337906946,0.00928421034825,-0.01831376485542613,26675.0,3173236.0,98.38571929954205,117.8888287352639,,331.47,14744.71,127838.92,1.2000000000000002,10356516.0,10.9,6.520621127558696,6
braganca,2016-10-01,4T2016,2016,2016Q4,2016-10-01,684.6666666666666,,6.528932101820394,-0.0009732360865521983,0.023148041692165222,28999.0,3551512.0,101.2894901297318,128.15963053398005,,408.85,15153.56,127838.92,1.2000000000000002,10356516.0,10.8,6.529905337906946,7
braganca,2017-01-01,1T2017,2017,2017Q1,2017-01-01,698.0,,6.548219102762372,0.019287000941978327,0.05245014887866528,29975.0,3800102.0,104.85042196590872,132.4730137334409,,489.78,15643.34,138586.19,1.2666666666666668,10340124.0,10.4,6.528932101820394,8
braganca,2017-04-01,2T2017,2017,2017Q2,2017-04-01,694.0,,6.542471960506805,-0.0057471422555677165,0.021850832948108412,31197.0,4021419.0,106.61065537213086,137.8735816327658,,370.69,16014.03,138586.19,1.3333333333333333,10340124.0,9.1,6.548219102762372,9
braganca,2017-07-01,3T2017,2017,2017Q3,2017-07-01,677.6666666666666,,6.518655524960237,-0.02381643554656776,-0.011249812946709348,32722.0,4258992.0,107.64679513938984,144.61324288192336,,384.08,16398.1,138586.19,1.5,10340124.0,8.8,6.542471960506805,10
braganca,2017-10-01,4T2017,2017,2017Q4,2017-10-01,668.3333333333334,,6.50478705107256,-0.01386847388767709,-0.02414505074783424,35940.0,4898678.0,112.72881483438267,158.83503298014563,,440.43,16838.54,138586.19,1.7666666666666668,10340124.0,8.3,6.518655524960237,11
braganca,2018-01-01,1T2018,2018,2018Q1,2018-01-01,674.3333333333334,,6.513724548499636,0.008937497427075947,-0.03449455426273662,34449.0,4755125.0,114.16144018167434,152.2456330309693,,495.45,17333.99,136252.87,1.8,10334633.0,8.0,6.50478705107256,12
braganca,2018-04-01,2T2018,2018,2018Q2,2018-04-01,675.3333333333334,,6.515206396140519,0.001481847640882883,-0.02726556436628602,38730.0,5425227.0,115.8522674050557,171.16529847860434,,514.24,17848.23,136252.87,1.9,10334633.0,6.9,6.513724548499636,13
braganca,2018-07-01,3T2018,2018,2018Q3,2018-07-01,692.3333333333334,,6.540067535208003,0.024861139067484217,0.021412010247765956,38964.0,5512302.0,117.00477583884005,172.19944977847507,,434.61,18282.84,136252.87,2.1333333333333333,10334633.0,6.800000000000001,6.515206396140519,14
braganca,2018-10-01,4T2018,2018,2018Q4,2018-10-01,693.0,,6.541029999189903,0.0009624639819003633,0.03624294811734341,39066.0,5414883.0,114.63685212246476,172.65023367841872,2.64,498.33,18781.17,136252.87,2.233333333333334,10334633.0,6.7,6.540067535208003,15
braganca,2019-01-01,1T2019,2019,2019Q1,2019-01-01,701.6666666666666,,6.553458457448372,0.012428458258468389,0.03973390894873585,36954.0,5261090.0,117.7466059092851,163.31635527958545,2.8666666666666667,445.76,19226.93,148342.92,2.366666666666667,10354446.0,6.9,6.541029999189903,16
braganca,2019-04-01,2T2019,2019,2019Q2,2019-04-01,725.0,,6.586171654854675,0.032713197406303074,0.07096525871415604,36681.0,5414806.0,122.08880842455076,162.10984542973628,3.1566666666666667,415.35,19642.28,148342.92,2.466666666666667,10354446.0,6.300000000000001,6.553458457448372,17
braganca,2019-07-01,3T2019,2019,2019Q3,2019-07-01,732.6666666666666,,6.5966908462954565,0.010519191440781839,0.056623311087453665,39554.0,5800028.0,121.2757031962132,174.80692527814915,2.4133333333333336,418.47,20060.75,148342.92,2.4000000000000004,10354446.0,6.2,6.586171654854675,18
braganca,2019-10-01,4T2019,2019,2019Q4,2019-10-01,738.3333333333334,,6.604395393811126,0.007704547515669624,0.06336539462122293,41676.0,6136268.0,121.77339389322496,184.18499817697688,2.1866666666666665,490.46,20551.21,148342.92,2.4000000000000004,10354446.0,6.800000000000001,6.5966908462954565,19
braganca,2020-01-01,1T2020,2020,2020Q1,2020-01-01,739.0,,6.6052979209482015,0.0009025271370752819,0.05183946349982982,36399.0,5785538.0,131.4584231641285,160.86356052989206,2.21,468.51,21019.72,150377.77,2.533333333333333,10384846.0,6.9,6.604395393811126,20
braganca,2020-04-01,2T2020,2020,2020Q2,2020-04-01,748.3333333333334,,6.617848511508245,0.012550590560043595,0.03167685665357034,26379.0,4125502.0,129.34587844472952,116.5806715354274,2.21,274.49,21294.21,150377.77,2.2,10384846.0,5.7,6.6052979209482015,21
braganca,2020-07-01,3T2020,2020,2020Q3,2020-07-01,779.6666666666666,,6.658866477916069,0.04101796640782407,0.06217563162061257,35596.0,5427603.0,126.10752326248976,157.31474218033566,2.08,352.27,21646.48,150377.77,2.1333333333333333,10384846.0,8.200000000000001,6.617848511508245,22
braganca,2020-10-01,4T2020,2020,2020Q4,2020-10-01,763.0,,6.637258031284457,-0.02160844663161221,0.032862637473330736,39139.0,6098441.0,128.86744612614154,172.97285352837838,2.1266666666666665,488.87,22135.35,150377.77,2.1,10384846.0,7.300000000000001,6.658866477916069,23
braganca,2021-01-01,1T2021,2021,2021Q1,2021-01-01,774.3333333333334,,6.652002444102299,0.014744412817842445,0.0467045231540979,34614.0,5595240.0,133.69065495381548,152.97484228087814,1.9566666666666668,345.02,22480.37,164176.4,1.9,,7.2,6.637258031284457,24
braganca,2021-04-01,2T2021,2021,2021Q2,2021-04-01,749.0,,6.618738983517219,-0.03326346058508012,0.0008904720089741858,41736.0,6933006.0,137.38675721914424,184.45016517694373,2.193333333333334,512.35,22992.72,164176.4,2.866666666666667,,6.9,6.652002444102299,25
braganca,2021-07-01,3T2021,2021,2021Q3,2021-07-01,749.3333333333334,,6.6191839223454725,0.0004449388282532496,-0.039682555570596634,43447.0,7345978.0,139.83759623515712,192.0118441259985,2.18,570.74,23563.46,164176.4,4.033333333333334,,6.300000000000001,6.618738983517219,26
braganca,2021-10-01,4T2021,2021,2021Q4,2021-10-01,770.3333333333334,,6.646823321606271,0.027639399260798392,0.009565290321813968,45885.0,8225207.0,148.2552976019511,202.7864632246517,2.1533333333333333,700.74,24264.2,164176.4,5.300000000000001,,6.300000000000001,6.6191839223454725,27
braganca,2022-01-01,1T2022,2022,2022Q1,2022-01-01,775.3333333333334,,6.6532930444105,0.006469722804228972,0.0012906003082004958,43544.0,8081797.0,153.50189341648706,192.44053077594492,2.3266666666666667,615.95,24880.15,175732.61,6.766666666666667,10764411.0,6.0,6.646823321606271,28
braganca,2022-04-01,2T2022,2022,2022Q2,2022-04-01,787.3333333333334,,6.668651708089198,0.01535866367869776,0.04991272457197837,43607.0,8287705.0,157.1853964180325,192.71895612591013,2.98,1047.15,25927.3,175732.61,8.666666666666666,10764411.0,5.9,6.6532930444105,29
braganca,2022-07-01,3T2022,2022,2022Q3,2022-07-01,815.0,,6.703188113240863,0.03453640515166523,0.08400419089539035,42223.0,8051492.0,157.71078703058802,186.6024373266747,3.2266666666666666,738.85,26666.15,175732.61,10.333333333333334,10764411.0,5.9,6.668651708089198,30
braganca,2022-10-01,4T2022,2022,2022Q4,2022-10-01,863.3333333333334,,6.760800866025474,0.05761275278461131,0.11397754441920327,38526.0,7362219.0,158.04797371910158,170.26373067871702,3.9066666666666663,762.23,27428.38,175732.61,11.566666666666668,10764411.0,6.7,6.703188113240863,31
braganca,2023-01-01,1T2023,2023,2023Q1,2023-01-01,862.6666666666666,,6.760028366952682,-0.0007724990727924208,0.10673532254218188,34493.0,6857332.0,164.42139501587408,152.440088830945,4.003333333333333,850.7,28279.08,192753.71,,11067026.0,7.2,6.760800866025474,32
braganca,2023-04-01,2T2023,2023,2023Q2,2023-04-01,877.0,,6.776506992372183,0.01647862541950129,0.10785528428298541,33624.0,6904628.0,169.83415260390527,148.59958678142505,4.073333333333333,1030.38,29309.46,192753.71,,11067026.0,6.1000000000000005,6.760028366952682,33
braganca,2023-07-01,3T2023,2023,2023Q3,2023-07-01,858.6666666666666,,6.755380798556135,-0.0211261938160483,0.05219268531527188,34256.0,7072380.0,170.75092220163313,151.39267918107592,3.9966666666666666,1140.31,30449.77,192753.71,,11067026.0,6.1000000000000005,6.776506992372183,34
braganca,2023-10-01,4T2023,2023,2023Q4,2023-10-01,870.3333333333334,,6.768876280031019,0.013495481474884663,0.008075414005545234,34126.0,7174277.0,173.87088910761483,150.81815068114773,3.966666666666667,853.13,31302.9,192753.71,,11067026.0,6.6000000000000005,6.755380798556135,35
braganca,2024-01-01,1T2024,2024,2024Q1,2024-01-01,868.3333333333334,,6.766575665519357,-0.002300614511661969,0.0065472985666756855,33077.0,6730533.0,168.28967248471187,146.18214763172722,3.813333333333333,664.25,31967.15,201383.75,,11295785.0,6.800000000000001,6.768876280031019,36
braganca,2024-04-01,2T2024,2024,2024Q2,2024-04-01,882.0,,6.782192056006791,0.015616390487434018,0.005685063634608412,37125.0,7876682.0,175.47327047702692,164.072081229491,3.87,863.79,32830.94,201383.75,,11295785.0,6.2,6.766575665519357,37
braganca,2024-07-01,3T2024,2024,2024Q3,2024-07-01,900.0,,6.802394763324311,0.020202707317519497,0.04701396476817621,40909.0,9052016.0,183.003994750677,180.7952800274006,3.673333333333334,962.02,33792.96,201383.75,,11295785.0,6.2,6.782192056006791,38
braganca,2024-10-01,4T2024,2024,2024Q4,2024-10-01,927.3333333333334,,6.832313083815278,0.02991832049096743,0.06343680378425898,45214.0,10173942.0,186.10174614443363,199.8210122750224,3.41,1048.07,34841.03,201383.75,,11295785.0,6.7,6.802394763324311,39
braganca,2025-01-01,1T2025,2025,2025Q1,2025-01-01,904.3333333333334,,6.807198023990822,-0.025115059824456054,0.04062235847146489,41358.0,9617638.0,192.3282226547581,182.77961307715256,3.4499999999999997,968.9,35809.93,213730.82,,11405627.0,6.6000000000000005,6.832313083815278,40
castelo-branco,2015-01-01,1T2015,2015,2015Q1,2015-01-01,738.3333333333334,3.5,6.604395393811126,,,21762.0,2662680.0,101.19388995618124,96.176070887978,,319.12,12554.79,125514.7,0.7000000000000001,10381838.0,14.2,,0
castelo-branco,2015-04-01,2T2015,2015,2015Q2,2015-04-01,733.3333333333334,3.6,6.597600350678298,-0.0067950431328283045,,20614.0,2509888.0,100.69923957118108,91.10254228861218,,297.14,12851.93,125514.7,0.8333333333333334,10381838.0,12.4,6.604395393811126,1
castelo-branco,2015-07-01,3T2015,2015,2015Q3,2015-07-01,733.3333333333334,3.4,6.597600350678298,0.0,,22928.0,2697752.0,97.31280042246271,101.32914958733386,,319.68,13171.62,125514.7,1.1333333333333335,10381838.0,12.3,6.597600350678298,2
castelo-branco,2015-10-01,4T2015,2015,2015Q4,2015-10-01,721.0,3.1,6.580639137284949,-0.01696121339334855,,25205.0,3071762.0,100.79407005017497,111.39223723607596,,405.34,13576.96,125514.7,1.2000000000000002,10381838.0,12.5,6.597600350678298,3
castelo-branco,2016-01-01,1T2016,2016,2016Q1,2016-01-01,685.0,3.1666666666666665,6.529418838262226,-0.051220299022723736,-0.07497655554890059,24926.0,3001077.0,99.57691524589762,110.1592106862301,,434.9,14011.86,127838.92,1.3666666666666665,10356516.0,12.8,6.580639137284949,4
castelo-branco,2016-04-01,2T2016,2016,2016Q2,2016-04-01,679.0,3.6,6.520621127558696,-0.008797710703529305,-0.07697922311960159,26890.0,3267885.0,100.5101875107177,118.83901048514512,,401.38,14413.24,127838.92,1.3666666666666665,10356516.0,11.2,6.529418838262226,5
castelo-branco,2016-07-01,3T2016,2016,2016Q3,2016-07-01,699.6666666666666,3.733333333333333,6.550604031152523,0.029982903593826826,-0.046996319525774766,26675.0,3173236.0,98.38571929954205,117.8888287352639,,331.47,14744.71,127838.92,1.2000000000000002,10356516.0,10.9,6.520621127558696,6
castelo-branco,2016-10-01,4T2016,2016,2016Q4,2016-10-01,683.3333333333334,3.733333333333333,6.526982783464344,-0.023621247688178748,-0.05365635382060496,28999.0,3551512.0,101.2894901297318,128.15963053398005,,408.85,15153.56,127838.92,1.2000000000000002,10356516.0,10.8,6.550604031152523,7
castelo-branco,2017-01-01,1T2017,2017,2017Q1,2017-01-01,677.6666666666666,3.9,6.518655524960237,-0.008327258504107427,-0.010763313301988653,29975.0,3800102.0,104.85042196590872,132.4730137334409,,489.78,15643.34,138586.19,1.2666666666666668,10340124.0,10.4,6.526982783464344,8
castelo-branco,2017-04-01,2T2017,2017,2017Q2,2017-04-01,681.0,3.733333333333333,6.523562306149512,0.004906781189275122,0.002941178590815774,31197.0,4021419.0,106.61065537213086,137.8735816327658,,370.69,16014.03,138586.19,1.3333333333333333,10340124.0,9.1,6.518655524960237,9
castelo-branco,2017-07-01,3T2017,2017,2017Q3,2017-07-01,679.0,3.766666666666667,6.520621127558696,-0.002941178590815774,-0.029982903593826826,32722.0,4258992.0,107.64679513938984,144.61324288192336,,384.08,16398.1,138586.19,1.5,10340124.0,8.8,6.523562306149512,10
castelo-branco,2017-10-01,4T2017,2017,2017Q4,2017-10-01,671.0,3.6333333333333337,6.508769136971682,-0.01185199058701425,-0.018213646492662328,35940.0,4898678.0,112.72881483438267,158.83503298014563,,440.43,16838.54,138586.19,1.7666666666666668,10340124.0,8.3,6.520621127558696,11
castelo-branco,2018-01-01,1T2018,2018,2018Q1,2018-01-01,673.3333333333334,3.733333333333333,6.512240501727141,0.00347136475545895,-0.006415023233095951,34449.0,4755125.0,114.16144018167434,152.2456330309693,,495.45,17333.99,136252.87,1.8,10334633.0,8.0,6.508769136971682,12
castelo-branco,2018-04-01,2T2018,2018,2018Q2,2018-04-01,659.6666666666666,3.6666666666666665,6.491734656934456,-0.02050584479268469,-0.031827649215055764,38730.0,5425227.0,115.8522674050557,171.16529847860434,,514.24,17848.23,136252.87,1.9,10334633.0,6.9,6.512240501727141,13
castelo-branco,2018-07-01,3T2018,2018,2018Q3,2018-07-01,680.6666666666666,3.966666666666667,6.523072710056501,0.03133805312204441,0.0024515824978044165,38964.0,5512302.0,117.00477583884005,172.19944977847507,,434.61,18282.84,136252.87,2.1333333333333333,10334633.0,6.800000000000001,6.491734656934456,14
castelo-branco,2018-10-01,4T2018,2018,2018Q4,2018-10-01,660.6666666666666,3.733333333333333,6.493249426221824,-0.029823283834677028,-0.015519710749858362,39066.0,5414883.0,114.63685212246476,172.65023367841872,2.64,498.33,18781.17,136252.87,2.233333333333334,10334633.0,6.7,6.523072710056501,15
castelo-branco,2019-01-01,1T2019,2019,2019Q1,2019-01-01,678.6666666666666,3.766666666666667,6.520130089002303,0.026880662780479625,0.007889587275162313,36954.0,5261090.0,117.7466059092851,163.31635527958545,2.8666666666666667,445.76,19226.93,148342.92,2.366666666666667,10354446.0,6.9,6.493249426221824,16
castelo-branco,2019-04-01,2T2019,2019,2019Q2,2019-04-01,680.0,4.066666666666666,6.522092798170152,0.0019627091678486863,0.03035814123569569,36681.0,5414806.0,122.08880842455076,162.10984542973628,3.1566666666666667,415.35,19642.28,148342.92,2.466666666666667,10354446.0,6.300000000000001,6.520130089002303,17
castelo-branco,2019-07-01,3T2019,2019,2019Q3,2019-07-01,681.3333333333334,5.066666666666666,6.524051662655485,0.0019588644853332227,0.000978952598984506,39554.0,5800028.0,121.2757031962132,174.80692527814915,2.4133333333333336,418.47,20060.75,148342.92,2.4000000000000004,10354446.0,6.2,6.522092798170152,18
castelo-branco,2019-10-01,4T2019,2019,2019Q4,2019-10-01,689.0,5.3,6.535241271013659,0.011189608358173508,0.04199184479183504,41676.0,6136268.0,121.77339389322496,184.18499817697688,2.1866666666666665,490.46,20551.21,148342.92,2.4000000000000004,10354446.0,6.800000000000001,6.524051662655485,19
castelo-branco,2020-01-01,1T2020,2020,2020Q1,2020-01-01,688.6666666666666,4.6000000000000005,6.534757361011474,-0.0004839100021847287,0.014627272009170689,36399.0,5785538.0,131.4584231641285,160.86356052989206,2.21,468.51,21019.72,150377.77,2.533333333333333,10384846.0,6.9,6.535241271013659,20
castelo-branco,2020-04-01,2T2020,2020,2020Q2,2020-04-01,688.6666666666666,4.8,6.534757361011474,0.0,0.012664562841322002,26379.0,4125502.0,129.34587844472952,116.5806715354274,2.21,274.49,21294.21,150377.77,2.2,10384846.0,5.7,6.534757361011474,21
castelo-branco,2020-07-01,3T2020,2020,2020Q3,2020-07-01,693.6666666666666,4.933333333333334,6.541991537725525,0.0072341767140509106,0.01793987507003969,35596.0,5427603.0,126.10752326248976,157.31474218033566,2.08,352.27,21646.48,150377.77,2.1333333333333333,10384846.0,8.200000000000001,6.534757361011474,22
castelo-branco,2020-10-01,4T2020,2020,2020Q4,2020-10-01,685.3333333333334,4.8,6.529905337906946,-0.012086199818578613,-0.005335933106712432,39139.0,6098441.0,128.86744612614154,172.97285352837838,2.1266666666666665,488.87,22135.35,150377.77,2.1,10384846.0,7.300000000000001,6.541991537725525,23
castelo-branco,2021-01-01,1T2021,2021,2021Q1,2021-01-01,703.6666666666666,4.8,6.556304759180211,0.026399421273264778,0.021547398168737075,34614.0,5595240.0,133.69065495381548,152.97484228087814,1.9566666666666668,345.02,22480.37,164176.4,1.9,,7.2,6.529905337906946,24
castelo-branco,2021-04-01,2T2021,2021,2021Q2,2021-04-01,713.0,4.966666666666667,6.569481420414296,0.013176661234084897,0.03472405940282197,41736.0,6933006.0,137.38675721914424,184.45016517694373,2.193333333333334,512.35,22992.72,164176.4,2.866666666666667,,6.9,6.556304759180211,25
castelo-branco,2021-07-01,3T2021,2021,2021Q3,2021-07-01,727.3333333333334,5.466666666666666,6.589384877724907,0.01990345731061094,0.047393339999382,43447.0,7345978.0,139.83759623515712,192.0118441259985,2.18,570.74,23563.46,164176.4,4.033333333333334,,6.300000000000001,6.569481420414296,26
castelo-branco,2021-10-01,4T2021,2021,2021Q4,2021-10-01,720.6666666666666,5.866666666666667,6.5801767095310435,-0.009208168193863386,0.05027137162409723,45885.0,8225207.0,148.2552976019511,202.7864632246517,2.1533333333333333,700.74,24264.2,164176.4,5.300000000000001,,6.300000000000001,6.589384877724907,27
castelo-branco,2022-01-01,1T2022,2022,2022Q1,2022-01-01,706.6666666666666,5.666666666666667,6.560559078997948,-0.019617630533095287,0.004254319817737162,43544.0,8081797.0,153.50189341648706,192.44053077594492,2.3266666666666667,615.95,24880.15,175732.61,6.766666666666667,10764411.0,6.0,6.5801767095310435,28
castelo-branco,2022-04-01,2T2022,2022,2022Q2,2022-04-01,700.6666666666666,5.433333333333334,6.552032262768787,-0.008526816229161405,-0.01744915764550914,43607.0,8287705.0,157.1853964180325,192.71895612591013,2.98,1047.15,25927.3,175732.61,8.666666666666666,10764411.0,5.9,6.560559078997948,29
castelo-branco,2022-07-01,3T2022,2022,2022Q3,2022-07-01,719.3333333333334,6.133333333333333,6.57832485714997,0.026292594381183143,-0.011060020574936935,42223.0,8051492.0,157.71078703058802,186.6024373266747,3.2266666666666666,738.85,26666.15,175732.61,10.333333333333334,10764411.0,5.9,6.552032262768787,30
castelo-branco,2022-10-01,4T2022,2022,2022Q4,2022-10-01,713.3333333333334,5.866666666666667,6.569948819347788,-0.00837603780218199,-0.010227890183255539,38526.0,7362219.0,158.04797371910158,170.26373067871702,3.9066666666666663,762.23,27428.38,175732.61,11.566666666666668,10764411.0,6.7,6.57832485714997,31
castelo-branco,2023-01-01,1T2023,2023,2023Q1,2023-01-01,744.0,6.2,6.612041034833092,0.04209221548530362,0.05148195583514337,34493.0,6857332.0,164.42139501587408,152.440088830945,4.003333333333333,850.7,28279.08,192753.71,,11067026.0,7.2,6.569948819347788,32
castelo-branco,2023-04-01,2T2023,2023,2023Q2,2023-04-01,775.0,6.366666666666667,6.652863029353347,0.0408219945202557,0.10083076658456047,33624.0,6904628.0,169.83415260390527,148.59958678142505,4.073333333333333,1030.38,29309.46,192753.71,,11067026.0,6.1000000000000005,6.612041034833092,33
castelo-branco,2023-07-01,3T2023,2023,2023Q3,2023-07-01,765.6666666666666,6.6000000000000005,6.640746914020989,-0.012116115332358568,0.06242205687101876,34256.0,7072380.0,170.75092220163313,151.39267918107592,3.9966666666666666,1140.31,30449.77,192753.71,,11067026.0,6.1000000000000005,6.652863029353347,34
castelo-branco,2023-10-01,4T2023,2023,2023Q4,2023-10-01,833.0,7.033333333333334,6.725033642166843,0.08428672814585436,0.1550848228190551,34126.0,7174277.0,173.87088910761483,150.81815068114773,3.966666666666667,853.13,31302.9,192753.71,,11067026.0,6.6000000000000005,6.640746914020989,35
castelo-branco,2024-01-01,1T2024,2024,2024Q1,2024-01-01,877.6666666666666,6.8999999999999995,6.7772668708282,0.05223322866135671,0.1652258359951082,33077.0,6730533.0,168.28967248471187,146.18214763172722,3.813333333333333,664.25,31967.15,201383.75,,11295785.0,6.800000000000001,6.725033642166843,36
castelo-branco,2024-04-01,2T2024,2024,2024Q2,2024-04-01,852.6666666666666,7.1000000000000005,6.748368693470678,-0.028898177357521426,0.09550566411733108,37125.0,7876682.0,175.47327047702692,164.072081229491,3.87,863.79,32830.94,201383.75,,11295785.0,6.2,6.7772668708282,37
castelo-branco,2024-07-01,3T2024,2024,2024Q3,2024-07-01,853.6666666666666,6.866666666666667,6.749540797531416,0.0011721040607373112,0.10879388351042696,40909.0,9052016.0,183.003994750677,180.7952800274006,3.673333333333334,962.02,33792.96,201383.75,,11295785.0,6.2,6.748368693470678,38
castelo-branco,2024-10-01,4T2024,2024,2024Q4,2024-10-01,877.3333333333334,7.133333333333333,6.776887003777098,0.027346206245682403,0.051853361610255,45214.0,10173942.0,186.10174614443363,199.8210122750224,3.41,1048.07,34841.03,201383.75,,11295785.0,6.7,6.749540797531416,39
castelo-branco,2025-01-01,1T2025,2025,2025Q1,2025-01-01,907.0,7.266666666666667,6.810142450115136,0.03325544633803812,0.03287557928693641,41358.0,9617638.0,192.3282226547581,182.77961307715256,3.4499999999999997,968.9,35809.93,213730.82,,11405627.0,6.6000000000000005,6.776887003777098,40
coimbra,2015-01-01,1T2015,2015,2015Q1,2015-01-01,941.3333333333334,4.5,6.847297309945023,,,21762.0,2662680.0,101.19388995618124,96.176070887978,,319.12,12554.79,125514.7,0.7000000000000001,10381838.0,14.2,,0
coimbra,2015-04-01,2T2015,2015,2015Q2,2015-04-01,983.6666666666666,4.433333333333334,6.89128708627483,0.043989776329807384,,20614.0,2509888.0,100.69923957118108,91.10254228861218,,297.14,12851.93,125514.7,0.8333333333333334,10381838.0,12.4,6.847297309945023,1
coimbra,2015-07-01,3T2015,2015,2015Q3,2015-07-01,1059.6666666666667,4.466666666666667,6.965709672242693,0.07442258596786289,,22928.0,2697752.0,97.31280042246271,101.32914958733386,,319.68,13171.62,125514.7,1.1333333333333335,10381838.0,12.3,6.89128708627483,2
coimbra,2015-10-01,4T2015,2015,2015Q4,2015-10-01,1116.0,4.533333333333333,7.017506142941256,0.05179647069856319,,25205.0,3071762.0,100.79407005017497,111.39223723607596,,405.34,13576.96,125514.7,1.2000000000000002,10381838.0,12.5,6.965709672242693,3
coimbra,2016-01-01,1T2016,2016,2016Q1,2016-01-01,1072.0,4.566666666666666,6.977281341630747,-0.04022480131050887,0.1299840316857246,24926.0,3001077.0,99.57691524589762,110.1592106862301,,434.9,14011.86,127838.92,1.3666666666666665,10356516.0,12.8,7.017506142941256,4
coimbra,2016-04-01,2T2016,2016,2016Q2,2016-04-01,1061.6666666666667,4.5,6.967595279338154,-0.009686062292593611,0.07630819306332359,26890.0,3267885.0,100.5101875107177,118.83901048514512,,401.38,14413.24,127838.92,1.3666666666666665,10356516.0,11.2,6.977281341630747,5
coimbra,2016-07-01,3T2016,2016,2016Q3,2016-07-01,1049.6666666666667,4.833333333333333,6.956227932432915,-0.011367346905238662,-0.009481739809777956,26675.0,3173236.0,98.38571929954205,117.8888287352639,,331.47,14744.71,127838.92,1.2000000000000002,10356516.0,10.9,6.967595279338154,6
coimbra,2016-10-01,4T2016,2016,2016Q4,2016-10-01,1009.6666666666666,5.233333333333333,6.917375522359127,-0.0388524100737877,-0.10013062058212885,28999.0,3551512.0,101.2894901297318,128.15963053398005,,408.85,15153.56,127838.92,1.2000000000000002,10356516.0,10.8,6.956227932432915,7
coimbra,2017-01-01,1T2017,2017,2017Q1,2017-01-01,984.3333333333334,5.3,6.891964593075813,-0.025410929283314232,-0.08531674855493421,29975.0,3800102.0,104.85042196590872,132.4730137334409,,489.78,15643.34,138586.19,1.2666666666666668,10340124.0,10.4,6.917375522359127,8
coimbra,2017-04-01,2T2017,2017,2017Q2,2017-04-01,980.6666666666666,5.2,6.888232612493273,-0.0037319805825397623,-0.07936266684488036,31197.0,4021419.0,106.61065537213086,137.8735816327658,,370.69,16014.03,138586.19,1.3333333333333333,10340124.0,9.1,6.891964593075813,9
coimbra,2017-07-01,3T2017,2017,2017Q3,2017-07-01,995.0,5.066666666666666,6.902742737158593,0.014510124665319424,-0.05348519527432227,32722.0,4258992.0,107.64679513938984,144.61324288192336,,384.08,16398.1,138586.19,1.5,10340124.0,8.8,6.888232612493273,10
coimbra,2017-10-01,4T2017,2017,2017Q4,2017-10-01,1003.6666666666666,5.133333333333333,6.911415239813624,0.008672502655031167,-0.005960282545503404,35940.0,4898678.0,112.72881483438267,158.83503298014563,,440.43,16838.54,138586.19,1.7666666666666668,10340124.0,8.3,6.902742737158593,11
coimbra,2018-01-01,1T2018,2018,2018Q1,2018-01-01,1006.3333333333334,5.233333333333333,6.914068641038729,0.0026534012251051564,0.022104047962915985,34449.0,4755125.0,114.16144018167434,152.2456330309693,,495.45,17333.99,136252.87,1.8,10334633.0,8.0,6.911415239813624,12
coimbra,2018-04-01,2T2018,2018,2018Q2,2018-04-01,989.0,5.3999999999999995,6.8966943316227125,-0.017374309416016587,0.00846171912943916,38730.0,5425227.0,115.8522674050557,171.16529847860434,,514.24,17848.23,136252.87,1.9,10334633.0,6.9,6.914068641038729,13
coimbra,2018-07-01,3T2018,2018,2018Q3,2018-07-01,1020.6666666666666,5.633333333333333,6.928211287549519,0.03151695592680692,0.02546855039092666,38964.0,5512302.0,117.00477583884005,172.19944977847507,,434.61,18282.84,136252.87,2.1333333333333333,10334633.0,6.800000000000001,6.8966943316227125,14
coimbra,2018-10-01,4T2018,2018,2018Q4,2018-10-01,982.3333333333334,5.666666666666667,6.8899306940695855,-0.038280593479933955,-0.021484545744038464,39066.0,5414883.0,114.63685212246476,172.65023367841872,2.64,498.33,18781.17,136252.87,2.233333333333334,10334633.0,6.7,6.928211287549519,15
coimbra,2019-01-01,1T2019,2019,2019Q1,2019-01-01,1005.0,5.7,6.912742820493176,0.02281212642359076,-0.0013258205455528582,36954.0,5261090.0,117.7466059092851,163.31635527958545,2.8666666666666667,445.76,19226.93,148342.92,2.366666666666667,10354446.0,6.9,6.8899306940695855,16
coimbra,2019-04-01,2T2019,2019,2019Q2,2019-04-01,1019.6666666666666,5.8999999999999995,6.927231055482793,0.014488234989617155,0.030536723860080883,36681.0,5414806.0,122.08880842455076,162.10984542973628,3.1566666666666667,415.35,19642.28,148342.92,2.466666666666667,10354446.0,6.300000000000001,6.912742820493176,17
coimbra,2019-07-01,3T2019,2019,2019Q3,2019-07-01,1043.6666666666667,5.833333333333333,6.950495432658296,0.02326437717550256,0.02228414510877652,39554.0,5800028.0,121.2757031962132,174.80692527814915,2.4133333333333336,418.47,20060.75,148342.92,2.4000000000000004,10354446.0,6.2,6.927231055482793,18
coimbra,2019-10-01,4T2019,2019,2019Q4,2019-10-01,1062.0,5.8999999999999995,6.967909201801884,0.017413769143588276,0.07797850773229875,41676.0,6136268.0,121.77339389322496,184.18499817697688,2.1866666666666665,490.46,20551.21,148342.92,2.4000000000000004,10354446.0,6.800000000000001,6.950495432658296,19
coimbra,2020-01-01,1T2020,2020,2020Q1,2020-01-01,1089.6666666666667,6.5,6.993627118056101,0.02571791625421671,0.0808842975629247,36399.0,5785538.0,131.4584231641285,160.86356052989206,2.21,468.51,21019.72,150377.77,2.533333333333333,10384846.0,6.9,6.967909201801884,20
coimbra,2020-04-01,2T2020,2020,2020Q2,2020-04-01,1109.6666666666667,6.7,7.011814948906915,0.018187830850814102,0.08458389342412165,26379.0,4125502.0,129.34587844472952,116.5806715354274,2.21,274.49,21294.21,150377.77,2.2,10384846.0,5.7,6.993627118056101,21
coimbra,2020-07-01,3T2020,2020,2020Q3,2020-07-01,1144.6666666666667,6.533333333333334,7.042868752789311,0.031053803882396203,0.09237332013101529,35596.0,5427603.0,126.10752326248976,157.31474218033566,2.08,352.27,21646.48,150377.77,2.1333333333333333,10384846.0,8.200000000000001,7.011814948906915,22
coimbra,2020-10-01,4T2020,2020,2020Q4,2020-10-01,1181.0,6.599999999999999,7.074116816197362,0.031248063408050974,0.10620761439547799,39139.0,6098441.0,128.86744612614154,172.97285352837838,2.1266666666666665,488.87,22135.35,150377.77,2.1,10384846.0,7.300000000000001,7.042868752789311,23
coimbra,2021-01-01,1T2021,2021,2021Q1,2021-01-01,1197.6666666666667,6.766666666666667,7.088130498445409,0.014013682248046777,0.09450338038930806,34614.0,5595240.0,133.69065495381548,152.97484228087814,1.9566666666666668,345.02,22480.37,164176.4,1.9,,7.2,7.074116816197362,24
coimbra,2021-04-01,2T2021,2021,2021Q2,2021-04-01,1200.3333333333333,7.0,7.090354574980766,0.0022240765353567227,0.07853962607385068,41736.0,6933006.0,137.38675721914424,184.45016517694373,2.193333333333334,512.35,22992.72,164176.4,2.866666666666667,,6.9,7.088130498445409,25
coimbra,2021-07-01,3T2021,2021,2021Q3,2021-07-01,1185.3333333333333,7.033333333333334,7.077779307965685,-0.012575267015080271,0.0349105551763742,43447.0,7345978.0,139.83759623515712,192.0118441259985,2.18,570.74,23563.46,164176.4,4.033333333333334,,6.300000000000001,7.090354574980766,26
coimbra,2021-10-01,4T2021,2021,2021Q4,2021-10-01,1189.3333333333333,6.8999999999999995,7.08114820503179,0.003368897066104992,0.0070313888344282205,45885.0,8225207.0,148.2552976019511,202.7864632246517,2.1533333333333333,700.74,24264.2,164176.4,5.300000000000001,,6.300000000000001,7.077779307965685,27
coimbra,2022-01-01,1T2022,2022,2022Q1,2022-01-01,1202.3333333333333,7.266666666666667,7.0920193922354295,0.01087118720363911,0.0038888937900205534,43544.0,8081797.0,153.50189341648706,192.44053077594492,2.3266666666666667,615.95,24880.15,175732.61,6.766666666666667,10764411.0,6.0,7.08114820503179,28
coimbra,2022-04-01,2T2022,2022,2022Q2,2022-04-01,1205.0,7.2,7.094234845924755,0.0022154536893257415,0.003880270943989572,43607.0,8287705.0,157.1853964180325,192.71895612591013,2.98,1047.15,25927.3,175732.61,8.666666666666666,10764411.0,5.9,7.0920193922354295,29
coimbra,2022-07-01,3T2022,2022,2022Q3,2022-07-01,1205.6666666666667,7.466666666666666,7.094787943283988,0.0005530973592327015,0.017008635318302545,42223.0,8051492.0,157.71078703058802,186.6024373266747,3.2266666666666666,738.85,26666.15,175732.61,10.333333333333334,10764411.0,5.9,7.094234845924755,30
coimbra,2022-10-01,4T2022,2022,2022Q4,2022-10-01,1285.6666666666667,7.8,7.159032669540118,0.06424472625613031,0.07788446450832787,38526.0,7362219.0,158.04797371910158,170.26373067871702,3.9066666666666663,762.23,27428.38,175732.61,11.566666666666668,10764411.0,6.7,7.094787943283988,31
coimbra,2023-01-01,1T2023,2023,2023Q1,2023-01-01,1293.0,7.833333333333333,7.164720378771857,0.005687709231739113,0.07270098653642787,34493.0,6857332.0,164.42139501587408,152.440088830945,4.003333333333333,850.7,28279.08,192753.71,,11067026.0,7.2,7.159032669540118,32
coimbra,2023-04-01,2T2023,2023,2023Q2,2023-04-01,1381.3333333333333,8.799999999999999,7.230804495271209,0.06608411649935153,0.13656964934645366,33624.0,6904628.0,169.83415260390527,148.59958678142505,4.073333333333333,1030.38,29309.46,192753.71,,11067026.0,6.1000000000000005,7.164720378771857,33
coimbra,2023-07-01,3T2023,2023,2023Q3,2023-07-01,1378.3333333333333,9.566666666666666,7.228630318789682,-0.00217417648152729,0.13384237550569367,34256.0,7072380.0,170.75092220163313,151.39267918107592,3.9966666666666666,1140.31,30449.77,192753.71,,11067026.0,6.1000000000000005,7.230804495271209,34
coimbra,2023-10-01,4T2023,2023,2023Q4,2023-10-01,1375.3333333333333,9.5,7.226451404963087,-0.0021789138265946306,0.06741873542296872,34126.0,7174277.0,173.87088910761483,150.81815068114773,3.966666666666667,853.13,31302.9,192753.71,,11067026.0,6.6000000000000005,7.228630318789682,35
coimbra,2024-01-01,1T2024,2024,2024Q1,2024-01-01,1404.6666666666667,10.1,7.247555305696025,0.021103900732938108,0.08283492692416772,33077.0,6730533.0,168.28967248471187,146.18214763172722,3.813333333333333,664.25,31967.15,201383.75,,11295785.0,6.800000000000001,7.226451404963087,36
coimbra,2024-04-01,2T2024,2024,2024Q2,2024-04-01,1394.3333333333333,10.5,7.240171682774089,-0.007383622921936173,0.009367187502880014,37125.0,7876682.0,175.47327047702692,164.072081229491,3.87,863.79,32830.94,201383.75,,11295785.0,6.2,7.247555305696025,37
coimbra,2024-07-01,3T2024,2024,2024Q3,2024-07-01,1438.6666666666667,10.633333333333333,7.271472037709915,0.03130035493582639,0.042841718920233696,40909.0,9052016.0,183.003994750677,180.7952800274006,3.673333333333334,962.02,33792.96,201383.75,,11295785.0,6.2,7.240171682774089,38
coimbra,2024-10-01,4T2024,2024,2024Q4,2024-10-01,1494.0,10.433333333333334,7.309212365692763,0.03774032798284743,0.08276096072967576,45214.0,10173942.0,186.10174614443363,199.8210122750224,3.41,1048.07,34841.03,201383.75,,11295785.0,6.7,7.271472037709915,39
coimbra,2025-01-01,1T2025,2025,2025Q1,2025-01-01,1487.0,10.466666666666669,7.304515946460155,-0.004696419232607774,0.05696064076412988,41358.0,9617638.0,192.3282226547581,182.77961307715256,3.4499999999999997,968.9,35809.93,213730.82,,11405627.0,6.6000000000000005,7.309212365692763,40
evora,2015-01-01,1T2015,2015,2015Q1,2015-01-01,844.0,,6.738152494595957,,,21762.0,2662680.0,101.19388995618124,96.176070887978,,319.12,12554.79,125514.7,0.7000000000000001,10381838.0,14.2,,0
evora,2015-04-01,2T2015,2015,2015Q2,2015-04-01,822.3333333333334,,6.712145827861247,-0.02600666673471075,,20614.0,2509888.0,100.69923957118108,91.10254228861218,,297.14,12851.93,125514.7,0.8333333333333334,10381838.0,12.4,6.738152494595957,1
evora,2015-07-01,3T2015,2015,2015Q3,2015-07-01,840.0,5.066666666666666,6.733401891837359,0.02125606397611257,,22928.0,2697752.0,97.31280042246271,101.32914958733386,,319.68,13171.62,125514.7,1.1333333333333335,10381838.0,12.3,6.712145827861247,2
evora,2015-10-01,4T2015,2015,2015Q4,2015-10-01,885.0,5.6000000000000005,6.785587645007929,0.05218575317057006,,25205.0,3071762.0,100.79407005017497,111.39223723607596,,405.34,13576.96,125514.7,1.2000000000000002,10381838.0,12.5,6.733401891837359,3
evora,2016-01-01,1T2016,2016,2016Q1,2016-01-01,909.3333333333334,5.3999999999999995,6.812711730295243,0.027124085287313804,0.07455923569928569,24926.0,3001077.0,99.57691524589762,110.1592106862301,,434.9,14011.86,127838.92,1.3666666666666665,10356516.0,12.8,6.785587645007929,4
evora,2016-04-01,2T2016,2016,2016Q2,2016-04-01,887.0,4.7,6.787844982309579,-0.024866747985663906,0.07569915444833253,26890.0,3267885.0,100.5101875107177,118.83901048514512,,401.38,14413.24,127838.92,1.3666666666666665,10356516.0,11.2,6.812711730295243,5
evora,2016-07-01,3T2016,2016,2016Q3,2016-07-01,884.3333333333334,4.5,6.78483406546963,-0.0030109168399494735,0.051432173632270484,26675.0,3173236.0,98.38571929954205,117.8888287352639,,331.47,14744.71,127838.92,1.2000000000000002,10356516.0,10.9,6.787844982309579,6
evora,2016-10-01,4T2016,2016,2016Q4,2016-10-01,891.6666666666666,4.966666666666667,6.793092370661997,0.008258305192367033,0.007504725654067457,28999.0,3551512.0,101.2894901297318,128.15963053398005,,408.85,15153.56,127838.92,1.2000000000000002,10356516.0,10.8,6.78483406546963,7
evora,2017-01-01,1T2017,2017,2017Q1,2017-01-01,908.3333333333334,5.033333333333333,6.8116114184292345,0.018519047767237673,-0.0011003118660086741,29975.0,3800102.0,104.85042196590872,132.4730137334409,,489.78,15643.34,138586.19,1.2666666666666668,10340124.0,10.4,6.793092370661997,8
evora,2017-04-01,2T2017,2017,2017Q2,2017-04-01,874.3333333333334,4.966666666666666,6.773461691198764,-0.038149727230470276,-0.014383291110815044,31197.0,4021419.0,106.61065537213086,137.8735816327658,,370.69,16014.03,138586.19,1.3333333333333333,10340124.0,9.1,6.8116114184292345,9
evora,2017-07-01,3T2017,2017,2017Q3,2017-07-01,869.0,5.166666666666667,6.767343125265392,-0.006118565933372011,-0.01749094020423758,32722.0,4258992.0,107.64679513938984,144.61324288192336,,384.08,16398.1,138586.19,1.5,10340124.0,8.8,6.773461691198764,10
evora,2017-10-01,4T2017,2017,2017Q4,2017-10-01,890.6666666666666,5.266666666666667,6.791970245988427,0.024627120723034857,-0.0011221246735697576,35940.0,4898678.0,112.72881483438267,158.83503298014563,,440.43,16838.54,138586.19,1.7666666666666668,10340124.0,8.3,6.767343125265392,11
evora,2018-01-01,1T2018,2018,2018Q1,2018-01-01,888.6666666666666,5.366666666666667,6.7897222120705445,-0.0022480339178825304,-0.02188920635868996,34449.0,4755125.0,114.16144018167434,152.2456330309693,,495.45,17333.99,136252.87,1.8,10334633.0,8.0,6.791970245988427,12
evora,2018-04-01,2T2018,2018,2018Q2,2018-04-01,863.6666666666666,5.45,6.761186891894,-0.028535320176544587,-0.012274799304764272,38730.0,5425227.0,115.8522674050557,171.16529847860434,,514.24,17848.23,136252.87,1.9,10334633.0,6.9,6.7897222120705445,13
evora,2018-07-01,3T2018,2018,2018Q3,2018-07-01,930.3333333333334,,6.835542944868212,0.07435605297421244,0.06819981960282018,38964.0,5512302.0,117.00477583884005,172.19944977847507,,434.61,18282.84,136252.87,2.1333333333333333,10334633.0,6.800000000000001,6.761186891894,14
evora,2018-10-01,4T2018,2018,2018Q4,2018-10-01,854.0,5.65,6.74993119378857,-0.08561175107964214,-0.04203905219985682,39066.0,5414883.0,114.63685212246476,172.65023367841872,2.64,498.33,18781.17,136252.87,2.233333333333334,10334633.0,6.7,6.835542944868212,15
evora,2019-01-01,1T2019,2019,2019Q1,2019-01-01,846.0,,6.740519359606223,-0.009411834182347256,-0.049202852464321545,36954.0,5261090.0,117.7466059092851,163.31635527958545,2.8666666666666667,445.76,19226.93,148342.92,2.366666666666667,10354446.0,6.9,6.74993119378857,16
evora,2019-04-01,2T2019,2019,2019Q2,2019-04-01,864.6666666666666,5.45,6.762344076208279,0.021824716602056426,0.001157184314279469,36681.0,5414806.0,122.08880842455076,162.10984542973628,3.1566666666666667,415.35,19642.28,148342.92,2.466666666666667,10354446.0,6.300000000000001,6.740519359606223,17
evora,2019-07-01,3T2019,2019,2019Q3,2019-07-01,852.6666666666666,6.566666666666666,6.748368693470678,-0.013975382737601016,-0.08717425139753399,39554.0,5800028.0,121.2757031962132,174.80692527814915,2.4133333333333336,418.47,20060.75,148342.92,2.4000000000000004,10354446.0,6.2,6.762344076208279,18
evora,2019-10-01,4T2019,2019,2019Q4,2019-10-01,848.0,6.9,6.742880635791903,-0.005488057678775249,-0.007050557996667095,41676.0,6136268.0,121.77339389322496,184.18499817697688,2.1866666666666665,490.46,20551.21,148342.92,2.4000000000000004,10354446.0,6.800000000000001,6.748368693470678,19
evora,2020-01-01,1T2020,2020,2020Q1,2020-01-01,898.3333333333334,8.2,6.800541194674988,0.05766055888308497,0.06002183506876513,36399.0,5785538.0,131.4584231641285,160.86356052989206,2.21,468.51,21019.72,150377.77,2.533333333333333,10384846.0,6.9,6.742880635791903,20
evora,2020-04-01,2T2020,2020,2020Q2,2020-04-01,881.6666666666666,7.1,6.78181405562429,-0.018727139050698227,0.019469979416010474,26379.0,4125502.0,129.34587844472952,116.5806715354274,2.21,274.49,21294.21,150377.77,2.2,10384846.0,5.7,6.800541194674988,21
evora,2020-07-01,3T2020,2020,2020Q3,2020-07-01,867.3333333333334,7.333333333333333,6.765423370404341,-0.016390685219948686,0.017054676933662805,35596.0,5427603.0,126.10752326248976,157.31474218033566,2.08,352.27,21646.48,150377.77,2.1333333333333333,10384846.0,8.200000000000001,6.78181405562429,22
evora,2020-10-01,4T2020,2020,2020Q4,2020-10-01,871.0,7.133333333333333,6.769641976852503,0.004218606448161744,0.026761341060599797,39139.0,6098441.0,128.86744612614154,172.97285352837838,2.1266666666666665,488.87,22135.35,150377.77,2.1,10384846.0,7.300000000000001,6.765423370404341,23
evora,2021-01-01,1T2021,2021,2021Q1,2021-01-01,878.3333333333334,,6.778026172307353,0.00838419545485003,-0.02251502236763514,34614.0,5595240.0,133.69065495381548,152.97484228087814,1.9566666666666668,345.02,22480.37,164176.4,1.9,,7.2,6.769641976852503,24
evora,2021-04-01,2T2021,2021,2021Q2,2021-04-01,930.3333333333334,7.633333333333333,6.835542944868212,0.05751677256085941,0.053728889243922495,41736.0,6933006.0,137.38675721914424,184.45016517694373,2.193333333333334,512.35,22992.72,164176.4,2.866666666666667,,6.9,6.778026172307353,25
evora,2021-07-01,3T2021,2021,2021Q3,2021-07-01,986.3333333333334,7.866666666666666,6.8939943637321,0.05845141886388738,0.12857099332775856,43447.0,7345978.0,139.83759623515712,192.0118441259985,2.18,570.74,23563.46,164176.4,4.033333333333334,,6.300000000000001,6.835542944868212,26
evora,2021-10-01,4T2021,2021,2021Q4,2021-10-01,1045.0,7.85,6.951772164398911,0.05777780066681171,0.18213018754640853,45885.0,8225207.0,148.2552976019511,202.7864632246517,2.1533333333333333,700.74,24264.2,164176.4,5.300000000000001,,6.300000000000001,6.8939943637321,27
evora,2022-01-01,1T2022,2022,2022Q1,2022-01-01,1058.0,,6.964135612418245,0.012363448019333312,0.1861094401108918,43544.0,8081797.0,153.50189341648706,192.44053077594492,2.3266666666666667,615.95,24880.15,175732.61,6.766666666666667,10764411.0,6.0,6.951772164398911,28
evora,2022-04-01,2T2022,2022,2022Q2,2022-04-01,1054.6666666666667,8.5,6.960980040219435,-0.0031555721988096863,0.12543709535122272,43607.0,8287705.0,157.1853964180325,192.71895612591013,2.98,1047.15,25927.3,175732.61,8.666666666666666,10764411.0,5.9,6.964135612418245,29
evora,2022-07-01,3T2022,2022,2022Q3,2022-07-01,1074.3333333333333,,6.979455593147328,0.01847555292789327,0.0854612294152286,42223.0,8051492.0,157.71078703058802,186.6024373266747,3.2266666666666666,738.85,26666.15,175732.61,10.333333333333334,10764411.0,5.9,6.960980040219435,30
evora,2022-10-01,4T2022,2022,2022Q4,2022-10-01,1195.0,8.966666666666667,7.085901464365611,0.1064458712182823,0.1341292999666992,38526.0,7362219.0,158.04797371910158,170.26373067871702,3.9066666666666663,762.23,27428.38,175732.61,11.566666666666668,10764411.0,6.7,6.979455593147328,31
evora,2023-01-01,1T2023,2023,2023Q1,2023-01-01,1447.0,9.1,7.277247726631484,0.19134626226587326,0.31311211421323915,34493.0,6857332.0,164.42139501587408,152.440088830945,4.003333333333333,850.7,28279.08,192753.71,,11067026.0,7.2,7.085901464365611,32
evora,2023-04-01,2T2023,2023,2023Q2,2023-04-01,1404.0,9.5,7.247080584585756,-0.03016714204572768,0.28610054436632115,33624.0,6904628.0,169.83415260390527,148.59958678142505,4.073333333333333,1030.38,29309.46,192753.71,,11067026.0,6.1000000000000005,7.277247726631484,33
evora,2023-07-01,3T2023,2023,2023Q3,2023-07-01,1357.3333333333333,10.766666666666666,7.213277269562249,-0.03380331502350753,0.23382167641492035,34256.0,7072380.0,170.75092220163313,151.39267918107592,3.9966666666666666,1140.31,30449.77,192753.71,,11067026.0,6.1000000000000005,7.247080584585756,34
evora,2023-10-01,4T2023,2023,2023Q4,2023-10-01,1290.6666666666667,10.466666666666669,7.162914159728358,-0.05036310983389036,0.07701269536274769,34126.0,7174277.0,173.87088910761483,150.81815068114773,3.966666666666667,853.13,31302.9,192753.71,,11067026.0,6.6000000000000005,7.213277269562249,35
evora,2024-01-01,1T2024,2024,2024Q1,2024-01-01,1254.6666666666667,10.066666666666668,7.134625212037161,-0.028288947691197386,-0.14262251459432296,33077.0,6730533.0,168.28967248471187,146.18214763172722,3.813333333333333,664.25,31967.15,201383.75,,11295785.0,6.800000000000001,7.162914159728358,36
evora,2024-04-01,2T2024,2024,2024Q2,2024-04-01,1289.0,9.933333333333332,7.161622002939187,0.026996790902026113,-0.08545858164656917,37125.0,7876682.0,175.47327047702692,164.072081229491,3.87,863.79,32830.94,201383.75,,11295785.0,6.2,7.134625212037161,37
evora,2024-07-01,3T2024,2024,2024Q3,2024-07-01,1336.6666666666667,10.333333333333334,7.197934231632505,0.03631222869331818,-0.015343037929743453,40909.0,9052016.0,183.003994750677,180.7952800274006,3.673333333333334,962.02,33792.96,201383.75,,11295785.0,6.2,7.161622002939187,38
evora,2024-10-01,4T2024,2024,2024Q4,2024-10-01,1418.6666666666667,10.466666666666669,7.257472742353371,0.05953851072086547,0.09455858262501238,45214.0,10173942.0,186.10174614443363,199.8210122750224,3.41,1048.07,34841.03,201383.75,,11295785.0,6.7,7.197934231632505,39
evora,2025-01-01,1T2025,2025,2025Q1,2025-01-01,1473.6666666666667,11.033333333333331,7.295508905158133,0.03803616280476252,0.16088369312097228,41358.0,9617638.0,192.3282226547581,182.77961307715256,3.4499999999999997,968.9,35809.93,213730.82,,11405627.0,6.6000000000000005,7.257472742353371,40
faro,2015-01-01,1T2015,2015,2015Q1,2015-01-01,1397.3333333333333,4.8,7.242320937332768,,,21762.0,2662680.0,101.19388995618124,96.176070887978,,319.12,12554.79,125514.7,0.7000000000000001,10381838.0,14.2,,0
faro,2015-04-01,2T2015,2015,2015Q2,2015-04-01,1421.3333333333333,5.133333333333334,7.25935067717757,0.017029739844802272,,20614.0,2509888.0,100.69923957118108,91.10254228861218,,297.14,12851.93,125514.7,0.8333333333333334,10381838.0,12.4,7.242320937332768,1
faro,2015-07-01,3T2015,2015,2015Q3,2015-07-01,1474.3333333333333,5.466666666666666,7.295961189200217,0.03661051202264698,,22928.0,2697752.0,97.31280042246271,101.32914958733386,,319.68,13171.62,125514.7,1.1333333333333335,10381838.0,12.3,7.25935067717757,2
faro,2015-10-01,4T2015,2015,2015Q4,2015-10-01,1465.3333333333333,5.3,7.289838026855402,-0.006123162344815469,,25205.0,3071762.0,100.79407005017497,111.39223723607596,,405.34,13576.96,125514.7,1.2000000000000002,10381838.0,12.5,7.295961189200217,3
faro,2016-01-01,1T2016,2016,2016Q1,2016-01-01,1455.6666666666667,5.5,7.283219264817451,-0.006618762037950532,0.04089832748468325,24926.0,3001077.0,99.57691524589762,110.1592106862301,,434.9,14011.86,127838.92,1.3666666666666665,10356516.0,12.8,7.289838026855402,4
faro,2016-04-01,2T2016,2016,2016Q2,2016-04-01,1471.6666666666667,5.7,7.294150824369951,0.010931559552499692,0.03480014719238067,26890.0,3267885.0,100.5101875107177,118.83901048514512,,401.38,14413.24,127838.92,1.3666666666666665,10356516.0,11.2,7.283219264817451,5
faro,2016-07-01,3T2016,2016,2016Q3,2016-07-01,1501.0,6.166666666666667,7.313886831633462,0.019736007263510658,0.01792564243324435,26675.0,3173236.0,98.38571929954205,117.8888287352639,,331.47,14744.71,127838.92,1.2000000000000002,10356516.0,10.9,7.294150824369951,6
faro,2016-10-01,4T2016,2016,2016Q4,2016-10-01,1534.0,6.033333333333334,7.335633981927201,0.021747150293739637,0.045795955071799455,28999.0,3551512.0,101.2894901297318,128.15963053398005,,408.85,15153.56,127838.92,1.2000000000000002,10356516.0,10.8,7.313886831633462,7
faro,2017-01-01,1T2017,2017,2017Q1,2017-01-01,1594.6666666666667,6.5,7.374420006962358,0.038786025035157046,0.09120074214490703,29975.0,3800102.0,104.85042196590872,132.4730137334409,,489.78,15643.34,138586.19,1.2666666666666668,10340124.0,10.4,7.335633981927201,8
faro,2017-04-01,2T2017,2017,2017Q2,2017-04-01,1647.6666666666667,6.833333333333333,7.4071154246388495,0.03269541767649109,0.11296460026889843,31197.0,4021419.0,106.61065537213086,137.8735816327658,,370.69,16014.03,138586.19,1.3333333333333333,10340124.0,9.1,7.374420006962358,9
faro,2017-07-01,3T2017,2017,2017Q3,2017-07-01,1722.3333333333333,7.1000000000000005,7.451435239619075,0.0443198149802253,0.13754840798561307,32722.0,4258992.0,107.64679513938984,144.61324288192336,,384.08,16398.1,138586.19,1.5,10340124.0,8.8,7.4071154246388495,10
faro,2017-10-01,4T2017,2017,2017Q4,2017-10-01,1775.0,7.166666666666667,7.4815557019095165,0.03012046229044163,0.14592171998231507,35940.0,4898678.0,112.72881483438267,158.83503298014563,,440.43,16838.54,138586.19,1.7666666666666668,10340124.0,8.3,7.451435239619075,11
faro,2018-01-01,1T2018,2018,2018Q1,2018-01-01,1813.0,7.866666666666667,7.502738210754851,0.021182508845334347,0.12831820379249237,34449.0,4755125.0,114.16144018167434,152.2456330309693,,495.45,17333.99,136252.87,1.8,10334633.0,8.0,7.4815557019095165,12
faro,2018-04-01,2T2018,2018,2018Q2,2018-04-01,1894.0,8.233333333333333,7.546446273746024,0.0437080629911728,0.13933084910717408,38730.0,5425227.0,115.8522674050557,171.16529847860434,,514.24,17848.23,136252.87,1.9,10334633.0,6.9,7.502738210754851,13
faro,2018-07-01,3T2018,2018,2018Q3,2018-07-01,1966.6666666666667,8.466666666666667,7.584095341225701,0.037649067479677,0.13266010160662578,38964.0,5512302.0,117.00477583884005,172.19944977847507,,434.61,18282.84,136252.87,2.1333333333333333,10334633.0,6.800000000000001,7.546446273746024,14
faro,2018-10-01,4T2018,2018,2018Q4,2018-10-01,2029.0,8.266666666666667,7.615298339825815,0.031202998600114107,0.13374263791629826,39066.0,5414883.0,114.63685212246476,172.65023367841872,2.64,498.33,18781.17,136252.87,2.233333333333334,10334633.0,6.7,7.584095341225701,15
faro,2019-01-01,1T2019,2019,2019Q1,2019-01-01,2044.3333333333333,8.799999999999999,7.622827016957874,0.007528677132059514,0.12008880620302342,36954.0,5261090.0,117.7466059092851,163.31635527958545,2.8666666666666667,445.76,19226.93,148342.92,2.366666666666667,10354446.0,6.9,7.615298339825815,16
faro,2019-04-01,2T2019,2019,2019Q2,2019-04-01,2100.3333333333335,9.033333333333331,7.649851341273946,0.027024324316071713,0.10340506752792233,36681.0,5414806.0,122.08880842455076,162.10984542973628,3.1566666666666667,415.35,19642.28,148342.92,2.466666666666667,10354446.0,6.300000000000001,7.622827016957874,17
faro,2019-07-01,3T2019,2019,2019Q3,2019-07-01,2153.0,9.466666666666669,7.674617497364363,0.024766156090416658,0.09052215613866199,39554.0,5800028.0,121.2757031962132,174.80692527814915,2.4133333333333336,418.47,20060.75,148342.92,2.4000000000000004,10354446.0,6.2,7.649851341273946,18
faro,2019-10-01,4T2019,2019,2019Q4,2019-10-01,2177.6666666666665,9.1,7.686009246172641,0.011391748808278201,0.07071090634682609,41676.0,6136268.0,121.77339389322496,184.18499817697688,2.1866666666666665,490.46,20551.21,148342.92,2.4000000000000004,10354446.0,6.800000000000001,7.674617497364363,19
faro,2020-01-01,1T2020,2020,2020Q1,2020-01-01,2222.0,9.266666666666666,7.706162970199576,0.020153724026934938,0.08333595324170151,36399.0,5785538.0,131.4584231641285,160.86356052989206,2.21,468.51,21019.72,150377.77,2.533333333333333,10384846.0,6.9,7.686009246172641,20
faro,2020-04-01,2T2020,2020,2020Q2,2020-04-01,2279.3333333333335,9.633333333333333,7.731638281531137,0.025475311331561556,0.08178694025719135,26379.0,4125502.0,129.34587844472952,116.5806715354274,2.21,274.49,21294.21,150377.77,2.2,10384846.0,5.7,7.706162970199576,21
faro,2020-07-01,3T2020,2020,2020Q3,2020-07-01,2308.3333333333335,9.733333333333334,7.744281042387429,0.012642760856291346,0.06966354502306604,35596.0,5427603.0,126.10752326248976,157.31474218033566,2.08,352.27,21646.48,150377.77,2.1333333333333333,10384846.0,8.200000000000001,7.731638281531137,22
faro,2020-10-01,4T2020,2020,2020Q4,2020-10-01,2337.0,9.2,7.756623334538858,0.012342292151429568,0.07061408836621741,39139.0,6098441.0,128.86744612614154,172.97285352837838,2.1266666666666665,488.87,22135.35,150377.77,2.1,10384846.0,7.300000000000001,7.744281042387429,23
faro,2021-01-01,1T2021,2021,2021Q1,2021-01-01,2356.0,9.0,7.764720544771477,0.008097210232619112,0.05855757457190158,34614.0,5595240.0,133.69065495381548,152.97484228087814,1.9566666666666668,345.02,22480.37,164176.4,1.9,,7.2,7.756623334538858,24
faro,2021-04-01,2T2021,2021,2021Q2,2021-04-01,2380.0,9.233333333333333,7.77485576666552,0.0101352218940427,0.04321748513438273,41736.0,6933006.0,137.38675721914424,184.45016517694373,2.193333333333334,512.35,22992.72,164176.4,2.866666666666667,,6.9,7.764720544771477,25
faro,2021-07-01,3T2021,2021,2021Q3,2021-07-01,2469.0,9.666666666666666,7.81156848934518,0.03671272267965975,0.06728744695775113,43447.0,7345978.0,139.83759623515712,192.0118441259985,2.18,570.74,23563.46,164176.4,4.033333333333334,,6.300000000000001,7.77485576666552,26
faro,2021-10-01,4T2021,2021,2021Q4,2021-10-01,2562.3333333333335,9.766666666666667,7.848673580681022,0.03710509133584239,0.09205024614216395,45885.0,8225207.0,148.2552976019511,202.7864632246517,2.1533333333333333,700.74,24264.2,164176.4,5.300000000000001,,6.300000000000001,7.81156848934518,27
faro,2022-01-01,1T2022,2022,2022Q1,2022-01-01,2636.0,9.9,7.877017895622398,0.028344314941375792,0.11229735085092063,43544.0,8081797.0,153.50189341648706,192.44053077594492,2.3266666666666667,615.95,24880.15,175732.61,6.766666666666667,10764411.0,6.0,7.848673580681022,28
faro,2022-04-01,2T2022,2022,2022Q2,2022-04-01,2729.0,10.966666666666669,7.911690520708339,0.03467262508594082,0.13683475404281875,43607.0,8287705.0,157.1853964180325,192.71895612591013,2.98,1047.15,25927.3,175732.61,8.666666666666666,10764411.0,5.9,7.877017895622398,29
faro,2022-07-01,3T2022,2022,2022Q3,2022-07-01,2839.0,11.466666666666669,7.951207156472972,0.039516635764632824,0.13963866712779183,42223.0,8051492.0,157.71078703058802,186.6024373266747,3.2266666666666666,738.85,26666.15,175732.61,10.333333333333334,10764411.0,5.9,7.911690520708339,30
faro,2022-10-01,4T2022,2022,2022Q4,2022-10-01,2995.6666666666665,11.1,8.004922078990264,0.05371492251729215,0.1562484983092416,38526.0,7362219.0,158.04797371910158,170.26373067871702,3.9066666666666663,762.23,27428.38,175732.61,11.566666666666668,10764411.0,6.7,7.951207156472972,31
faro,2023-01-01,1T2023,2023,2023Q1,2023-01-01,3062.6666666666665,11.666666666666666,8.02704127514088,0.02211919615061575,0.15002337951848155,34493.0,6857332.0,164.42139501587408,152.440088830945,4.003333333333333,850.7,28279.08,192753.71,,11067026.0,7.2,8.004922078990264,32
faro,2023-04-01,2T2023,2023,2023Q2,2023-04-01,3116.6666666666665,12.5,8.044519333614623,0.01747805847374373,0.13282881290628445,33624.0,6904628.0,169.83415260390527,148.59958678142505,4.073333333333333,1030.38,29309.46,192753.71,,11067026.0,6.1000000000000005,8.02704127514088,33
faro,2023-07-01,3T2023,2023,2023Q3,2023-07-01,3171.3333333333335,13.633333333333333,8.061907388324117,0.017388054709494227,0.11070023185114586,34256.0,7072380.0,170.75092220163313,151.39267918107592,3.9966666666666666,1140.31,30449.77,192753.71,,11067026.0,6.1000000000000005,8.044519333614623,34
faro,2023-10-01,4T2023,2023,2023Q4,2023-10-01,3222.0,13.166666666666666,8.07775756373692,0.01585017541280287,0.07283548474665658,34126.0,7174277.0,173.87088910761483,150.81815068114773,3.966666666666667,853.13,31302.9,192753.71,,11067026.0,6.6000000000000005,8.061907388324117,35
faro,2024-01-01,1T2024,2024,2024Q1,2024-01-01,3302.3333333333335,13.3,8.10238456830492,0.024627004567999933,0.07534329316404076,33077.0,6730533.0,168.28967248471187,146.18214763172722,3.813333333333333,664.25,31967.15,201383.75,,11295785.0,6.800000000000001,8.07775756373692,36
faro,2024-04-01,2T2024,2024,2024Q2,2024-04-01,3354.0,13.766666666666666,8.117908942383155,0.01552437407823426,0.07338960876853129,37125.0,7876682.0,175.47327047702692,164.072081229491,3.87,863.79,32830.94,201383.75,,11295785.0,6.2,8.10238456830492,37
faro,2024-07-01,3T2024,2024,2024Q3,2024-07-01,3464.6666666666665,14.533333333333331,8.150371706900277,0.03246276451712227,0.08846431857615933,40909.0,9052016.0,183.003994750677,180.7952800274006,3.673333333333334,962.02,33792.96,201383.75,,11295785.0,6.2,8.117908942383155,38
faro,2024-10-01,4T2024,2024,2024Q4,2024-10-01,3536.0,14.366666666666667,8.170751423757535,0.020379716857258146,0.0929938600206146,45214.0,10173942.0,186.10174614443363,199.8210122750224,3.41,1048.07,34841.03,201383.75,,11295785.0,6.7,8.150371706900277,39
faro,2025-01-01,1T2025,2025,2025Q1,2025-01-01,3527.6666666666665,15.433333333333332,8.168391930425615,-0.0023594933319195377,0.06600736212069513,41358.0,9617638.0,192.3282226547581,182.77961307715256,3.4499999999999997,968.9,35809.93,213730.82,,11405627.0,6.6000000000000005,8.170751423757535,40
guarda,2015-01-01,1T2015,2015,2015Q1,2015-01-01,783.0,,6.663132695990803,,,21762.0,2662680.0,101.19388995618124,96.176070887978,,319.12,12554.79,125514.7,0.7000000000000001,10381838.0,14.2,,0
guarda,2015-04-01,2T2015,2015,2015Q2,2015-04-01,853.6666666666666,2.8499999999999996,6.749540797531416,0.08640810154061285,,20614.0,2509888.0,100.69923957118108,91.10254228861218,,297.14,12851.93,125514.7,0.8333333333333334,10381838.0,12.4,6.663132695990803,1
guarda,2015-07-01,3T2015,2015,2015Q3,2015-07-01,849.3333333333334,,6.744451728023944,-0.005089069507471677,,22928.0,2697752.0,97.31280042246271,101.32914958733386,,319.68,13171.62,125514.7,1.1333333333333335,10381838.0,12.3,6.749540797531416,2
guarda,2015-10-01,4T2015,2015,2015Q4,2015-10-01,865.6666666666666,,6.763499922994638,0.019048194970694432,,25205.0,3071762.0,100.79407005017497,111.39223723607596,,405.34,13576.96,125514.7,1.2000000000000002,10381838.0,12.5,6.744451728023944,3
guarda,2016-01-01,1T2016,2016,2016Q1,2016-01-01,872.6666666666666,,6.771553657801736,0.008053734807097257,0.10842096181093286,24926.0,3001077.0,99.57691524589762,110.1592106862301,,434.9,14011.86,127838.92,1.3666666666666665,10356516.0,12.8,6.763499922994638,4
guarda,2016-04-01,2T2016,2016,2016Q2,2016-04-01,847.0,2.95,6.741700694652055,-0.02985296314968089,-0.007840102879360877,26890.0,3267885.0,100.5101875107177,118.83901048514512,,401.38,14413.24,127838.92,1.3666666666666665,10356516.0,11.2,6.771553657801736,5
guarda,2016-07-01,3T2016,2016,2016Q3,2016-07-01,852.0,,6.747586526829315,0.005885832177260575,0.003134798805371375,26675.0,3173236.0,98.38571929954205,117.8888287352639,,331.47,14744.71,127838.92,1.2000000000000002,10356516.0,10.9,6.741700694652055,6
guarda,2016-10-01,4T2016,2016,2016Q4,2016-10-01,864.6666666666666,2.8000000000000003,6.762344076208279,0.014757549378964008,-0.0011558467863590494,28999.0,3551512.0,101.2894901297318,128.15963053398005,,408.85,15153.56,127838.92,1.2000000000000002,10356516.0,10.8,6.747586526829315,7
guarda,2017-01-01,1T2017,2017,2017Q1,2017-01-01,897.0,,6.799055862058796,0.0367117858505166,0.027502204257060292,29975.0,3800102.0,104.85042196590872,132.4730137334409,,489.78,15643.34,138586.19,1.2666666666666668,10340124.0,10.4,6.762344076208279,8
guarda,2017-04-01,2T2017,2017,2017Q2,2017-04-01,901.0,,6.803505257608338,0.004449395549541713,0.061804562956282894,31197.0,4021419.0,106.61065537213086,137.8735816327658,,370.69,16014.03,138586.19,1.3333333333333333,10340124.0,9.1,6.799055862058796,9
guarda,2017-07-01,3T2017,2017,2017Q3,2017-07-01,911.6666666666666,,6.815274426187972,0.011769168579633948,0.06768789935865627,32722.0,4258992.0,107.64679513938984,144.61324288192336,,384.08,16398.1,138586.19,1.5,10340124.0,8.8,6.803505257608338,10
guarda,2017-10-01,4T2017,2017,2017Q4,2017-10-01,917.0,,6.821107472256465,0.0058330460684929974,0.05876339604818526,35940.0,4898678.0,112.72881483438267,158.83503298014563,,440.43,16838.54,138586.19,1.7666666666666668,10340124.0,8.3,6.815274426187972,11
guarda,2018-01-01,1T2018,2018,2018Q1,2018-01-01,943.6666666666666,,6.8497729964437895,0.02866552418732482,0.05071713438499348,34449.0,4755125.0,114.16144018167434,152.2456330309693,,495.45,17333.99,136252.87,1.8,10334633.0,8.0,6.821107472256465,12
guarda,2018-04-01,2T2018,2018,2018Q2,2018-04-01,968.3333333333334,,6.875576380617902,0.025803384174112765,0.07207112300956453,38730.0,5425227.0,115.8522674050557,171.16529847860434,,514.24,17848.23,136252.87,1.9,10334633.0,6.9,6.8497729964437895,13
guarda,2018-07-01,3T2018,2018,2018Q3,2018-07-01,1019.0,,6.926577033222725,0.05100065260482278,0.11130260703475336,38964.0,5512302.0,117.00477583884005,172.19944977847507,,434.61,18282.84,136252.87,2.1333333333333333,10334633.0,6.800000000000001,6.875576380617902,14
guarda,2018-10-01,4T2018,2018,2018Q4,2018-10-01,1037.6666666666667,,6.944729881773498,0.01815284855077337,0.12362240951703374,39066.0,5414883.0,114.63685212246476,172.65023367841872,2.64,498.33,18781.17,136252.87,2.233333333333334,10334633.0,6.7,6.926577033222725,15
guarda,2019-01-01,1T2019,2019,2019Q1,2019-01-01,1058.3333333333333,,6.964450622658682,0.01972074088518383,0.11467762621489275,36954.0,5261090.0,117.7466059092851,163.31635527958545,2.8666666666666667,445.76,19226.93,148342.92,2.366666666666667,10354446.0,6.9,6.944729881773498,16
guarda,2019-04-01,2T2019,2019,2019Q2,2019-04-01,1073.6666666666667,,6.978834860663089,0.014384238004407024,0.103258480045187,36681.0,5414806.0,122.08880842455076,162.10984542973628,3.1566666666666667,415.35,19642.28,148342.92,2.466666666666667,10354446.0,6.300000000000001,6.964450622658682,17
guarda,2019-07-01,3T2019,2019,2019Q3,2019-07-01,1094.3333333333333,,6.997900628833483,0.019065768170393405,0.07132359561075763,39554.0,5800028.0,121.2757031962132,174.80692527814915,2.4133333333333336,418.47,20060.75,148342.92,2.4000000000000004,10354446.0,6.2,6.978834860663089,18
guarda,2019-10-01,4T2019,2019,2019Q4,2019-10-01,1111.3333333333333,,7.01331577464263,0.015415145809146935,0.0685858928691312,41676.0,6136268.0,121.77339389322496,184.18499817697688,2.1866666666666665,490.46,20551.21,148342.92,2.4000000000000004,10354446.0,6.800000000000001,6.997900628833483,19
guarda,2020-01-01,1T2020,2020,2020Q1,2020-01-01,1111.3333333333333,,7.01331577464263,0.0,0.048865151983947364,36399.0,5785538.0,131.4584231641285,160.86356052989206,2.21,468.51,21019.72,150377.77,2.533333333333333,10384846.0,6.9,7.01331577464263,20
guarda,2020-04-01,2T2020,2020,2020Q2,2020-04-01,1114.6666666666667,,7.0163106855364825,0.0029949108938529534,0.03747582487339329,26379.0,4125502.0,129.34587844472952,116.5806715354274,2.21,274.49,21294.21,150377.77,2.2,10384846.0,5.7,7.01331577464263,21
guarda,2020-07-01,3T2020,2020,2020Q3,2020-07-01,1129.3333333333333,,7.029382767103836,0.013072081567353067,0.031482138270352955,35596.0,5427603.0,126.10752326248976,157.31474218033566,2.08,352.27,21646.48,150377.77,2.1333333333333333,10384846.0,8.200000000000001,7.0163106855364825,22
guarda,2020-10-01,4T2020,2020,2020Q4,2020-10-01,1140.3333333333333,,7.039075896309495,0.009693129205659012,0.025760121666865032,39139.0,6098441.0,128.86744612614154,172.97285352837838,2.1266666666666665,488.87,22135.35,150377.77,2.1,10384846.0,7.300000000000001,7.029382767103836,23
guarda,2021-01-01,1T2021,2021,2021Q1,2021-01-01,1153.3333333333333,,7.050411579383661,0.011335683074165992,0.037095804741031024,34614.0,5595240.0,133.69065495381548,152.97484228087814,1.9566666666666668,345.02,22480.37,164176.4,1.9,,7.2,7.039075896309495,24
guarda,2021-04-01,2T2021,2021,2021Q2,2021-04-01,1185.0,,7.077498053569231,0.02708647418557053,0.0611873680327486,41736.0,6933006.0,137.38675721914424,184.45016517694373,2.193333333333334,512.35,22992.72,164176.4,2.866666666666667,,6.9,7.050411579383661,25
guarda,2021-07-01,3T2021,2021,2021Q3,2021-07-01,1221.0,,7.107425474110705,0.02992742054147346,0.078042707006869,43447.0,7345978.0,139.83759623515712,192.0118441259985,2.18,570.74,23563.46,164176.4,4.033333333333334,,6.300000000000001,7.077498053569231,26
guarda,2021-10-01,4T2021,2021,2021Q4,2021-10-01,1242.3333333333333,,7.124746610811148,0.017321136700443773,0.08567071450165376,45885.0,8225207.0,148.2552976019511,202.7864632246517,2.1533333333333333,700.74,24264.2,164176.4,5.300000000000001,,6.300000000000001,7.107425474110705,27
guarda,2022-01-01,1T2022,2022,2022Q1,2022-01-01,1265.0,,7.142827401161621,0.018080790350472498,0.09241582177796026,43544.0,8081797.0,153.50189341648706,192.44053077594492,2.3266666666666667,615.95,24880.15,175732.61,6.766666666666667,10764411.0,6.0,7.124746610811148,28
guarda,2022-04-01,2T2022,2022,2022Q2,2022-04-01,1336.0,,7.197435354096591,0.054607952934969894,0.11993730052735962,43607.0,8287705.0,157.1853964180325,192.71895612591013,2.98,1047.15,25927.3,175732.61,8.666666666666666,10764411.0,5.9,7.142827401161621,29
guarda,2022-07-01,3T2022,2022,2022Q3,2022-07-01,1374.3333333333333,,7.22572404403879,0.02828868994219924,0.1182985699280854,42223.0,8051492.0,157.71078703058802,186.6024373266747,3.2266666666666666,738.85,26666.15,175732.61,10.333333333333334,10764411.0,5.9,7.197435354096591,30
guarda,2022-10-01,4T2022,2022,2022Q4,2022-10-01,1401.6666666666667,,7.245417283738939,0.0196932397001488,0.12067067292779043,38526.0,7362219.0,158.04797371910158,170.26373067871702,3.9066666666666663,762.23,27428.38,175732.61,11.566666666666668,10764411.0,6.7,7.22572404403879,31
guarda,2023-01-01,1T2023,2023,2023Q1,2023-01-01,1439.6666666666667,,7.272166884292592,0.026749600553653607,0.12933948313097154,34493.0,6857332.0,164.42139501587408,152.440088830945,4.003333333333333,850.7,28279.08,192753.71,,11067026.0,7.2,7.245417283738939,32
guarda,2023-04-01,2T2023,2023,2023Q2,2023-04-01,1458.6666666666667,,7.285278055433707,0.01311117114111493,0.08784270133711658,33624.0,6904628.0,169.83415260390527,148.59958678142505,4.073333333333333,1030.38,29309.46,192753.71,,11067026.0,6.1000000000000005,7.272166884292592,33
guarda,2023-07-01,3T2023,2023,2023Q3,2023-07-01,1505.6666666666667,,7.3169910469864945,0.03171299155278717,0.09126700294770451,34256.0,7072380.0,170.75092220163313,151.39267918107592,3.9966666666666666,1140.31,30449.77,192753.71,,11067026.0,6.1000000000000005,7.285278055433707,34
guarda,2023-10-01,4T2023,2023,2023Q4,2023-10-01,1543.6666666666667,,7.341915817812643,0.02492477082614819,0.0964985340737039,34126.0,7174277.0,173.87088910761483,150.81815068114773,3.966666666666667,853.13,31302.9,192753.71,,11067026.0,6.6000000000000005,7.3169910469864945,35
guarda,2024-01-01,1T2024,2024,2024Q1,2024-01-01,1587.0,,7.369600720526409,0.027684902713766668,0.09743383623381696,33077.0,6730533.0,168.28967248471187,146.18214763172722,3.813333333333333,664.25,31967.15,201383.75,,11295785.0,6.800000000000001,7.341915817812643,36
guarda,2024-04-01,2T2024,2024,2024Q2,2024-04-01,1632.6666666666667,,7.397969948844003,0.02836922831759381,0.11269189341029584,37125.0,7876682.0,175.47327047702692,164.072081229491,3.87,863.79,32830.94,201383.75,,11295785.0,6.2,7.369600720526409,37
guarda,2024-07-01,3T2024,2024,2024Q3,2024-07-01,1660.0,,7.414572881350589,0.01660293250658551,0.09758183436409418,40909.0,9052016.0,183.003994750677,180.7952800274006,3.673333333333334,962.02,33792.96,201383.75,,11295785.0,6.2,7.397969948844003,38
guarda,2024-10-01,4T2024,2024,2024Q4,2024-10-01,1712.6666666666667,,7.44580688900172,0.031234007651131712,0.1038910711890777,45214.0,10173942.0,186.10174614443363,199.8210122750224,3.41,1048.07,34841.03,201383.75,,11295785.0,6.7,7.414572881350589,39
guarda,2025-01-01,1T2025,2025,2025Q1,2025-01-01,1731.3333333333333,7.066666666666666,7.456647103554584,0.010840214552863436,0.08704638302817447,41358.0,9617638.0,192.3282226547581,182.77961307715256,3.4499999999999997,968.9,35809.93,213730.82,,11405627.0,6.6000000000000005,7.44580688900172,40
leiria,2015-01-01,1T2015,2015,2015Q1,2015-01-01,783.0,3.6333333333333337,6.663132695990803,,,21762.0,2662680.0,101.19388995618124,96.176070887978,,319.12,12554.79,125514.7,0.7000000000000001,10381838.0,14.2,,0
leiria,2015-04-01,2T2015,2015,2015Q2,2015-04-01,853.6666666666666,3.733333333333333,6.749540797531416,0.08640810154061285,,20614.0,2509888.0,100.69923957118108,91.10254228861218,,297.14,12851.93,125514.7,0.8333333333333334,10381838.0,12.4,6.663132695990803,1
leiria,2015-07-01,3T2015,2015,2015Q3,2015-07-01,849.3333333333334,3.9,6.744451728023944,-0.005089069507471677,,22928.0,2697752.0,97.31280042246271,101.32914958733386,,319.68,13171.62,125514.7,1.1333333333333335,10381838.0,12.3,6.749540797531416,2
leiria,2015-10-01,4T2015,2015,2015Q4,2015-10-01,865.6666666666666,3.7000000000000006,6.763499922994638,0.019048194970694432,,25205.0,3071762.0,100.79407005017497,111.39223723607596,,405.34,13576.96,125514.7,1.2000000000000002,10381838.0,12.5,6.744451728023944,3
leiria,2016-01-01,1T2016,2016,2016Q1,2016-01-01,872.6666666666666,3.7999999999999994,6.771553657801736,0.008053734807097257,0.10842096181093286,24926.0,3001077.0,99.57691524589762,110.1592106862301,,434.9,14011.86,127838.92,1.3666666666666665,10356516.0,12.8,6.763499922994638,4
leiria,2016-04-01,2T2016,2016,2016Q2,2016-04-01,847.0,3.866666666666667,6.741700694652055,-0.02985296314968089,-0.007840102879360877,26890.0,3267885.0,100.5101875107177,118.83901048514512,,401.38,14413.24,127838.92,1.3666666666666665,10356516.0,11.2,6.771553657801736,5
leiria,2016-07-01,3T2016,2016,2016Q3,2016-07-01,852.0,3.8333333333333335,6.747586526829315,0.005885832177260575,0.003134798805371375,26675.0,3173236.0,98.38571929954205,117.8888287352639,,331.47,14744.71,127838.92,1.2000000000000002,10356516.0,10.9,6.741700694652055,6
leiria,2016-10-01,4T2016,2016,2016Q4,2016-10-01,864.6666666666666,3.966666666666667,6.762344076208279,0.014757549378964008,-0.0011558467863590494,28999.0,3551512.0,101.2894901297318,128.15963053398005,,408.85,15153.56,127838.92,1.2000000000000002,10356516.0,10.8,6.747586526829315,7
leiria,2017-01-01,1T2017,2017,2017Q1,2017-01-01,897.0,3.9333333333333336,6.799055862058796,0.0367117858505166,0.027502204257060292,29975.0,3800102.0,104.85042196590872,132.4730137334409,,489.78,15643.34,138586.19,1.2666666666666668,10340124.0,10.4,6.762344076208279,8
leiria,2017-04-01,2T2017,2017,2017Q2,2017-04-01,901.0,4.033333333333334,6.803505257608338,0.004449395549541713,0.061804562956282894,31197.0,4021419.0,106.61065537213086,137.8735816327658,,370.69,16014.03,138586.19,1.3333333333333333,10340124.0,9.1,6.799055862058796,9
leiria,2017-07-01,3T2017,2017,2017Q3,2017-07-01,911.6666666666666,4.266666666666667,6.815274426187972,0.011769168579633948,0.06768789935865627,32722.0,4258992.0,107.64679513938984,144.61324288192336,,384.08,16398.1,138586.19,1.5,10340124.0,8.8,6.803505257608338,10
leiria,2017-10-01,4T2017,2017,2017Q4,2017-10-01,917.0,4.266666666666667,6.821107472256465,0.0058330460684929974,0.05876339604818526,35940.0,4898678.0,112.72881483438267,158.83503298014563,,440.43,16838.54,138586.19,1.7666666666666668,10340124.0,8.3,6.815274426187972,11
leiria,2018-01-01,1T2018,2018,2018Q1,2018-01-01,943.6666666666666,4.333333333333333,6.8497729964437895,0.02866552418732482,0.05071713438499348,34449.0,4755125.0,114.16144018167434,152.2456330309693,,495.45,17333.99,136252.87,1.8,10334633.0,8.0,6.821107472256465,12
leiria,2018-04-01,2T2018,2018,2018Q2,2018-04-01,968.3333333333334,4.866666666666666,6.875576380617902,0.025803384174112765,0.07207112300956453,38730.0,5425227.0,115.8522674050557,171.16529847860434,,514.24,17848.23,136252.87,1.9,10334633.0,6.9,6.8497729964437895,13
leiria,2018-07-01,3T2018,2018,2018Q3,2018-07-01,1019.0,4.833333333333333,6.926577033222725,0.05100065260482278,0.11130260703475336,38964.0,5512302.0,117.00477583884005,172.19944977847507,,434.61,18282.84,136252.87,2.1333333333333333,10334633.0,6.800000000000001,6.875576380617902,14
leiria,2018-10-01,4T2018,2018,2018Q4,2018-10-01,1037.6666666666667,4.733333333333333,6.944729881773498,0.01815284855077337,0.12362240951703374,39066.0,5414883.0,114.63685212246476,172.65023367841872,2.64,498.33,18781.17,136252.87,2.233333333333334,10334633.0,6.7,6.926577033222725,15
leiria,2019-01-01,1T2019,2019,2019Q1,2019-01-01,1058.3333333333333,5.166666666666667,6.964450622658682,0.01972074088518383,0.11467762621489275,36954.0,5261090.0,117.7466059092851,163.31635527958545,2.8666666666666667,445.76,19226.93,148342.92,2.366666666666667,10354446.0,6.9,6.944729881773498,16
leiria,2019-04-01,2T2019,2019,2019Q2,2019-04-01,1073.6666666666667,5.2,6.978834860663089,0.014384238004407024,0.103258480045187,36681.0,5414806.0,122.08880842455076,162.10984542973628,3.1566666666666667,415.35,19642.28,148342.92,2.466666666666667,10354446.0,6.300000000000001,6.964450622658682,17
leiria,2019-07-01,3T2019,2019,2019Q3,2019-07-01,1094.3333333333333,5.7,6.997900628833483,0.019065768170393405,0.07132359561075763,39554.0,5800028.0,121.2757031962132,174.80692527814915,2.4133333333333336,418.47,20060.75,148342.92,2.4000000000000004,10354446.0,6.2,6.978834860663089,18
leiria,2019-10-01,4T2019,2019,2019Q4,2019-10-01,1111.3333333333333,5.5,7.01331577464263,0.015415145809146935,0.0685858928691312,41676.0,6136268.0,121.77339389322496,184.18499817697688,2.1866666666666665,490.46,20551.21,148342.92,2.4000000000000004,10354446.0,6.800000000000001,6.997900628833483,19
leiria,2020-01-01,1T2020,2020,2020Q1,2020-01-01,1111.3333333333333,5.833333333333333,7.01331577464263,0.0,0.048865151983947364,36399.0,5785538.0,131.4584231641285,160.86356052989206,2.21,468.51,21019.72,150377.77,2.533333333333333,10384846.0,6.9,7.01331577464263,20
leiria,2020-04-01,2T2020,2020,2020Q2,2020-04-01,1114.6666666666667,5.833333333333333,7.0163106855364825,0.0029949108938529534,0.03747582487339329,26379.0,4125502.0,129.34587844472952,116.5806715354274,2.21,274.49,21294.21,150377.77,2.2,10384846.0,5.7,7.01331577464263,21
leiria,2020-07-01,3T2020,2020,2020Q3,2020-07-01,1129.3333333333333,5.633333333333333,7.029382767103836,0.013072081567353067,0.031482138270352955,35596.0,5427603.0,126.10752326248976,157.31474218033566,2.08,352.27,21646.48,150377.77,2.1333333333333333,10384846.0,8.200000000000001,7.0163106855364825,22
leiria,2020-10-01,4T2020,2020,2020Q4,2020-10-01,1140.3333333333333,5.566666666666666,7.039075896309495,0.009693129205659012,0.025760121666865032,39139.0,6098441.0,128.86744612614154,172.97285352837838,2.1266666666666665,488.87,22135.35,150377.77,2.1,10384846.0,7.300000000000001,7.029382767103836,23
leiria,2021-01-01,1T2021,2021,2021Q1,2021-01-01,1153.3333333333333,5.8,7.050411579383661,0.011335683074165992,0.037095804741031024,34614.0,5595240.0,133.69065495381548,152.97484228087814,1.9566666666666668,345.02,22480.37,164176.4,1.9,,7.2,7.039075896309495,24
leiria,2021-04-01,2T2021,2021,2021Q2,2021-04-01,1185.0,5.7,7.077498053569231,0.02708647418557053,0.0611873680327486,41736.0,6933006.0,137.38675721914424,184.45016517694373,2.193333333333334,512.35,22992.72,164176.4,2.866666666666667,,6.9,7.050411579383661,25
leiria,2021-07-01,3T2021,2021,2021Q3,2021-07-01,1221.0,5.966666666666666,7.107425474110705,0.02992742054147346,0.078042707006869,43447.0,7345978.0,139.83759623515712,192.0118441259985,2.18,570.74,23563.46,164176.4,4.033333333333334,,6.300000000000001,7.077498053569231,26
leiria,2021-10-01,4T2021,2021,2021Q4,2021-10-01,1242.3333333333333,6.133333333333333,7.124746610811148,0.017321136700443773,0.08567071450165376,45885.0,8225207.0,148.2552976019511,202.7864632246517,2.1533333333333333,700.74,24264.2,164176.4,5.300000000000001,,6.300000000000001,7.107425474110705,27
leiria,2022-01-01,1T2022,2022,2022Q1,2022-01-01,1265.0,6.366666666666667,7.142827401161621,0.018080790350472498,0.09241582177796026,43544.0,8081797.0,153.50189341648706,192.44053077594492,2.3266666666666667,615.95,24880.15,175732.61,6.766666666666667,10764411.0,6.0,7.124746610811148,28
leiria,2022-04-01,2T2022,2022,2022Q2,2022-04-01,1336.0,6.833333333333333,7.197435354096591,0.054607952934969894,0.11993730052735962,43607.0,8287705.0,157.1853964180325,192.71895612591013,2.98,1047.15,25927.3,175732.61,8.666666666666666,10764411.0,5.9,7.142827401161621,29
leiria,2022-07-01,3T2022,2022,2022Q3,2022-07-01,1374.3333333333333,7.266666666666667,7.22572404403879,0.02828868994219924,0.1182985699280854,42223.0,8051492.0,157.71078703058802,186.6024373266747,3.2266666666666666,738.85,26666.15,175732.61,10.333333333333334,10764411.0,5.9,7.197435354096591,30
leiria,2022-10-01,4T2022,2022,2022Q4,2022-10-01,1401.6666666666667,7.6,7.245417283738939,0.0196932397001488,0.12067067292779043,38526.0,7362219.0,158.04797371910158,170.26373067871702,3.9066666666666663,762.23,27428.38,175732.61,11.566666666666668,10764411.0,6.7,7.22572404403879,31
leiria,2023-01-01,1T2023,2023,2023Q1,2023-01-01,1439.6666666666667,8.1,7.272166884292592,0.026749600553653607,0.12933948313097154,34493.0,6857332.0,164.42139501587408,152.440088830945,4.003333333333333,850.7,28279.08,192753.71,,11067026.0,7.2,7.245417283738939,32
leiria,2023-04-01,2T2023,2023,2023Q2,2023-04-01,1458.6666666666667,8.6,7.285278055433707,0.01311117114111493,0.08784270133711658,33624.0,6904628.0,169.83415260390527,148.59958678142505,4.073333333333333,1030.38,29309.46,192753.71,,11067026.0,6.1000000000000005,7.272166884292592,33
leiria,2023-07-01,3T2023,2023,2023Q3,2023-07-01,1505.6666666666667,8.866666666666667,7.3169910469864945,0.03171299155278717,0.09126700294770451,34256.0,7072380.0,170.75092220163313,151.39267918107592,3.9966666666666666,1140.31,30449.77,192753.71,,11067026.0,6.1000000000000005,7.285278055433707,34
leiria,2023-10-01,4T2023,2023,2023Q4,2023-10-01,1543.6666666666667,8.966666666666667,7.341915817812643,0.02492477082614819,0.0964985340737039,34126.0,7174277.0,173.87088910761483,150.81815068114773,3.966666666666667,853.13,31302.9,192753.71,,11067026.0,6.6000000000000005,7.3169910469864945,35
leiria,2024-01-01,1T2024,2024,2024Q1,2024-01-01,1587.0,9.366666666666667,7.369600720526409,0.027684902713766668,0.09743383623381696,33077.0,6730533.0,168.28967248471187,146.18214763172722,3.813333333333333,664.25,31967.15,201383.75,,11295785.0,6.800000000000001,7.341915817812643,36
leiria,2024-04-01,2T2024,2024,2024Q2,2024-04-01,1632.6666666666667,9.3,7.397969948844003,0.02836922831759381,0.11269189341029584,37125.0,7876682.0,175.47327047702692,164.072081229491,3.87,863.79,32830.94,201383.75,,11295785.0,6.2,7.369600720526409,37
leiria,2024-07-01,3T2024,2024,2024Q3,2024-07-01,1660.0,9.7,7.414572881350589,0.01660293250658551,0.09758183436409418,40909.0,9052016.0,183.003994750677,180.7952800274006,3.673333333333334,962.02,33792.96,201383.75,,11295785.0,6.2,7.397969948844003,38
leiria,2024-10-01,4T2024,2024,2024Q4,2024-10-01,1712.6666666666667,9.466666666666669,7.44580688900172,0.031234007651131712,0.1038910711890777,45214.0,10173942.0,186.10174614443363,199.8210122750224,3.41,1048.07,34841.03,201383.75,,11295785.0,6.7,7.414572881350589,39
leiria,2025-01-01,1T2025,2025,2025Q1,2025-01-01,1731.3333333333333,9.433333333333334,7.456647103554584,0.010840214552863436,0.08704638302817447,41358.0,9617638.0,192.3282226547581,182.77961307715256,3.4499999999999997,968.9,35809.93,213730.82,,11405627.0,6.6000000000000005,7.44580688900172,40
lisboa,2015-01-01,1T2015,2015,2015Q1,2015-01-01,1336.3333333333333,5.966666666666666,7.197684823974397,,,21762.0,2662680.0,101.19388995618124,96.176070887978,,319.12,12554.79,125514.7,0.7000000000000001,10381838.0,14.2,,0
lisboa,2015-04-01,2T2015,2015,2015Q2,2015-04-01,1389.6666666666667,6.6000000000000005,7.236819189212687,0.03913436523829006,,20614.0,2509888.0,100.69923957118108,91.10254228861218,,297.14,12851.93,125514.7,0.8333333333333334,10381838.0,12.4,7.197684823974397,1
lisboa,2015-07-01,3T2015,2015,2015Q3,2015-07-01,1460.3333333333333,6.966666666666666,7.286419999145789,0.049600809933101786,,22928.0,2697752.0,97.31280042246271,101.32914958733386,,319.68,13171.62,125514.7,1.1333333333333335,10381838.0,12.3,7.236819189212687,2
lisboa,2015-10-01,4T2015,2015,2015Q4,2015-10-01,1497.3333333333333,7.433333333333334,7.311441027190224,0.025021028044434956,,25205.0,3071762.0,100.79407005017497,111.39223723607596,,405.34,13576.96,125514.7,1.2000000000000002,10381838.0,12.5,7.286419999145789,3
lisboa,2016-01-01,1T2016,2016,2016Q1,2016-01-01,1587.6666666666667,7.900000000000001,7.37002071213275,0.05857968494252663,0.17233588815835343,24926.0,3001077.0,99.57691524589762,110.1592106862301,,434.9,14011.86,127838.92,1.3666666666666665,10356516.0,12.8,7.311441027190224,4
lisboa,2016-04-01,2T2016,2016,2016Q2,2016-04-01,1688.6666666666667,8.1,7.431694541893511,0.06167382976076041,0.1948753526808238,26890.0,3267885.0,100.5101875107177,118.83901048514512,,401.38,14413.24,127838.92,1.3666666666666665,10356516.0,11.2,7.37002071213275,5
lisboa,2016-07-01,3T2016,2016,2016Q3,2016-07-01,1762.0,9.1,7.474204806496124,0.042510264602613645,0.18778480735033565,26675.0,3173236.0,98.38571929954205,117.8888287352639,,331.47,14744.71,127838.92,1.2000000000000002,10356516.0,10.9,7.431694541893511,6
lisboa,2016-10-01,4T2016,2016,2016Q4,2016-10-01,1908.3333333333333,10.466666666666669,7.553985539754331,0.07978073325820656,0.24254451256410725,28999.0,3551512.0,101.2894901297318,128.15963053398005,,408.85,15153.56,127838.92,1.2000000000000002,10356516.0,10.8,7.474204806496124,7
lisboa,2017-01-01,1T2017,2017,2017Q1,2017-01-01,2040.3333333333333,11.533333333333331,7.62086847218296,0.06688293242862908,0.2508477600502097,29975.0,3800102.0,104.85042196590872,132.4730137334409,,489.78,15643.34,138586.19,1.2666666666666668,10340124.0,10.4,7.553985539754331,8
lisboa,2017-04-01,2T2017,2017,2017Q2,2017-04-01,2194.0,11.466666666666669,7.693481640835175,0.07261316865221534,0.26178709894166463,31197.0,4021419.0,106.61065537213086,137.8735816327658,,370.69,16014.03,138586.19,1.3333333333333333,10340124.0,9.1,7.62086847218296,9
lisboa,2017-07-01,3T2017,2017,2017Q3,2017-07-01,2342.3333333333335,11.766666666666666,7.758902862524088,0.06542122168891229,0.2846980560279633,32722.0,4258992.0,107.64679513938984,144.61324288192336,,384.08,16398.1,138586.19,1.5,10340124.0,8.8,7.693481640835175,10
lisboa,2017-10-01,4T2017,2017,2017Q4,2017-10-01,2513.0,12.1,7.829232537543592,0.07032967501950438,0.2752469977892611,35940.0,4898678.0,112.72881483438267,158.83503298014563,,440.43,16838.54,138586.19,1.7666666666666668,10340124.0,8.3,7.758902862524088,11
lisboa,2018-01-01,1T2018,2018,2018Q1,2018-01-01,2624.0,12.666666666666666,7.8724551500639794,0.04322261252038739,0.2515866778810194,34449.0,4755125.0,114.16144018167434,152.2456330309693,,495.45,17333.99,136252.87,1.8,10334633.0,8.0,7.829232537543592,12
lisboa,2018-04-01,2T2018,2018,2018Q2,2018-04-01,2730.3333333333335,13.199999999999998,7.912178980847492,0.039723830783512604,0.21869734001231667,38730.0,5425227.0,115.8522674050557,171.16529847860434,,514.24,17848.23,136252.87,1.9,10334633.0,6.9,7.8724551500639794,13
lisboa,2018-07-01,3T2018,2018,2018Q3,2018-07-01,2912.6666666666665,13.366666666666667,7.976824320843272,0.0646453399957796,0.21792145831918397,38964.0,5512302.0,117.00477583884005,172.19944977847507,,434.61,18282.84,136252.87,2.1333333333333333,10334633.0,6.800000000000001,7.912178980847492,14
lisboa,2018-10-01,4T2018,2018,2018Q4,2018-10-01,2896.3333333333335,13.833333333333334,7.971200848171096,-0.005623472672176,0.1419683106275036,39066.0,5414883.0,114.63685212246476,172.65023367841872,2.64,498.33,18781.17,136252.87,2.233333333333334,10334633.0,6.7,7.976824320843272,15
lisboa,2019-01-01,1T2019,2019,2019Q1,2019-01-01,2964.0,14.166666666666666,7.994294986415977,0.023094138244881712,0.12183983635199791,36954.0,5261090.0,117.7466059092851,163.31635527958545,2.8666666666666667,445.76,19226.93,148342.92,2.366666666666667,10354446.0,6.9,7.971200848171096,16
lisboa,2019-04-01,2T2019,2019,2019Q2,2019-04-01,3056.3333333333335,14.066666666666668,8.024971219381792,0.030676232965814343,0.11279223853429965,36681.0,5414806.0,122.08880842455076,162.10984542973628,3.1566666666666667,415.35,19642.28,148342.92,2.466666666666667,10354446.0,6.300000000000001,7.994294986415977,17
lisboa,2019-07-01,3T2019,2019,2019Q3,2019-07-01,3138.0,13.8,8.051340933292979,0.02636971391118692,0.07451661244970698,39554.0,5800028.0,121.2757031962132,174.80692527814915,2.4133333333333336,418.47,20060.75,148342.92,2.4000000000000004,10354446.0,6.2,8.024971219381792,18
lisboa,2019-10-01,4T2019,2019,2019Q4,2019-10-01,3201.0,13.9,8.071218539969863,0.019877606676883985,0.10001769179876696,41676.0,6136268.0,121.77339389322496,184.18499817697688,2.1866666666666665,490.46,20551.21,148342.92,2.4000000000000004,10354446.0,6.800000000000001,8.051340933292979,19
lisboa,2020-01-01,1T2020,2020,2020Q1,2020-01-01,3267.3333333333335,13.866666666666667,8.091729436801383,0.020510896831520853,0.0974344503854061,36399.0,5785538.0,131.4584231641285,160.86356052989206,2.21,468.51,21019.72,150377.77,2.533333333333333,10384846.0,6.9,8.071218539969863,20
lisboa,2020-04-01,2T2020,2020,2020Q2,2020-04-01,3289.3333333333335,13.966666666666669,8.098440188981138,0.00671075217975492,0.07346896959934668,26379.0,4125502.0,129.34587844472952,116.5806715354274,2.21,274.49,21294.21,150377.77,2.2,10384846.0,5.7,8.091729436801383,21
lisboa,2020-07-01,3T2020,2020,2020Q3,2020-07-01,3240.6666666666665,13.4,8.083534348937292,-0.014905840043846652,0.032193415644313106,35596.0,5427603.0,126.10752326248976,157.31474218033566,2.08,352.27,21646.48,150377.77,2.1333333333333333,10384846.0,8.200000000000001,8.098440188981138,22
lisboa,2020-10-01,4T2020,2020,2020Q4,2020-10-01,3271.0,13.2,8.092851027538384,0.009316678601091866,0.021632487568520986,39139.0,6098441.0,128.86744612614154,172.97285352837838,2.1266666666666665,488.87,22135.35,150377.77,2.1,10384846.0,7.300000000000001,8.083534348937292,23
lisboa,2021-01-01,1T2021,2021,2021Q1,2021-01-01,3370.0,13.0,8.122668023346407,0.029816995808022995,0.030938586545023128,34614.0,5595240.0,133.69065495381548,152.97484228087814,1.9566666666666668,345.02,22480.37,164176.4,1.9,,7.2,8.092851027538384,24
lisboa,2021-04-01,2T2021,2021,2021Q2,2021-04-01,3425.3333333333335,12.800000000000002,8.138954069561665,0.01628604621525831,0.04051388058052652,41736.0,6933006.0,137.38675721914424,184.45016517694373,2.193333333333334,512.35,22992.72,164176.4,2.866666666666667,,6.9,8.122668023346407,25
lisboa,2021-07-01,3T2021,2021,2021Q3,2021-07-01,3532.3333333333335,12.699999999999998,8.169713932506726,0.030759862945060945,0.08617958356943412,43447.0,7345978.0,139.83759623515712,192.0118441259985,2.18,570.74,23563.46,164176.4,4.033333333333334,,6.300000000000001,8.138954069561665,26
lisboa,2021-10-01,4T2021,2021,2021Q4,2021-10-01,3656.6666666666665,12.699999999999998,8.204307264601166,0.034593332094440044,0.11145623706278229,45885.0,8225207.0,148.2552976019511,202.7864632246517,2.1533333333333333,700.74,24264.2,164176.4,5.300000000000001,,6.300000000000001,8.169713932506726,27
lisboa,2022-01-01,1T2022,2022,2022Q1,2022-01-01,3717.3333333333335,12.933333333333332,8.220761844332195,0.01645457973102893,0.09809382098578823,43544.0,8081797.0,153.50189341648706,192.44053077594492,2.3266666666666667,615.95,24880.15,175732.61,6.766666666666667,10764411.0,6.0,8.204307264601166,28
lisboa,2022-04-01,2T2022,2022,2022Q2,2022-04-01,3779.3333333333335,13.4,8.23730290621614,0.01654106188394522,0.09834883665447514,43607.0,8287705.0,157.1853964180325,192.71895612591013,2.98,1047.15,25927.3,175732.61,8.666666666666666,10764411.0,5.9,8.220761844332195,29
lisboa,2022-07-01,3T2022,2022,2022Q3,2022-07-01,3802.0,14.2,8.243282523048375,0.005979616832235024,0.07356859054164921,42223.0,8051492.0,157.71078703058802,186.6024373266747,3.2266666666666666,738.85,26666.15,175732.61,10.333333333333334,10764411.0,5.9,8.23730290621614,30
lisboa,2022-10-01,4T2022,2022,2022Q4,2022-10-01,3789.0,15.800000000000002,8.239857411018601,-0.0034251120297739135,0.03555014641743526,38526.0,7362219.0,158.04797371910158,170.26373067871702,3.9066666666666663,762.23,27428.38,175732.61,11.566666666666668,10764411.0,6.7,8.243282523048375,31
lisboa,2023-01-01,1T2023,2023,2023Q1,2023-01-01,3809.6666666666665,16.833333333333332,8.245296975229488,0.005439564210886871,0.0245351308972932,34493.0,6857332.0,164.42139501587408,152.440088830945,4.003333333333333,850.7,28279.08,192753.71,,11067026.0,7.2,8.239857411018601,32
lisboa,2023-04-01,2T2023,2023,2023Q2,2023-04-01,3849.6666666666665,17.633333333333336,8.255741843446978,0.010444868217490466,0.018438937230838448,33624.0,6904628.0,169.83415260390527,148.59958678142505,4.073333333333333,1030.38,29309.46,192753.71,,11067026.0,6.1000000000000005,8.245296975229488,33
lisboa,2023-07-01,3T2023,2023,2023Q3,2023-07-01,3828.3333333333335,18.833333333333332,8.250184826455088,-0.005557016991890151,0.006902303406713273,34256.0,7072380.0,170.75092220163313,151.39267918107592,3.9966666666666666,1140.31,30449.77,192753.71,,11067026.0,6.1000000000000005,8.255741843446978,34
lisboa,2023-10-01,4T2023,2023,2023Q4,2023-10-01,3866.0,19.066666666666663,8.259975659768276,0.009790833313187974,0.02011824874967516,34126.0,7174277.0,173.87088910761483,150.81815068114773,3.966666666666667,853.13,31302.9,192753.71,,11067026.0,6.6000000000000005,8.250184826455088,35
lisboa,2024-01-01,1T2024,2024,2024Q1,2024-01-01,3981.3333333333335,19.633333333333336,8.289372050550917,0.029396390782640225,0.044075075321428514,33077.0,6730533.0,168.28967248471187,146.18214763172722,3.813333333333333,664.25,31967.15,201383.75,,11295785.0,6.800000000000001,8.259975659768276,36
lisboa,2024-04-01,2T2024,2024,2024Q2,2024-04-01,4061.0,19.8,8.309184527686298,0.019812477135381812,0.05344268423931986,37125.0,7876682.0,175.47327047702692,164.072081229491,3.87,863.79,32830.94,201383.75,,11295785.0,6.2,8.289372050550917,37
lisboa,2024-07-01,3T2024,2024,2024Q3,2024-07-01,4149.0,19.9,8.330622620332868,0.021438092646569373,0.08043779387777938,40909.0,9052016.0,183.003994750677,180.7952800274006,3.673333333333334,962.02,33792.96,201383.75,,11295785.0,6.2,8.309184527686298,38
lisboa,2024-10-01,4T2024,2024,2024Q4,2024-10-01,4218.666666666667,19.933333333333337,8.347274401339325,0.016651781006457256,0.08729874157104867,45214.0,10173942.0,186.10174614443363,199.8210122750224,3.41,1048.07,34841.03,201383.75,,11295785.0,6.7,8.330622620332868,39
lisboa,2025-01-01,1T2025,2025,2025Q1,2025-01-01,4160.666666666667,20.133333333333336,8.33343059682588,-0.01384380451344569,0.04405854627496275,41358.0,9617638.0,192.3282226547581,182.77961307715256,3.4499999999999997,968.9,35809.93,213730.82,,11405627.0,6.6000000000000005,8.347274401339325,40
madeira,2015-01-01,1T2015,2015,2015Q1,2015-01-01,1163.3333333333333,5.15,7.059044726528363,,,21762.0,2662680.0,101.19388995618124,96.176070887978,,319.12,12554.79,125514.7,0.7000000000000001,10381838.0,16.5,,0
madeira,2015-04-01,2T2015,2015,2015Q2,2015-04-01,1171.0,5.0,7.065613363597717,0.006568637069354288,,20614.0,2509888.0,100.69923957118108,91.10254228861218,,297.14,12851.93,125514.7,0.8333333333333334,10381838.0,14.2,7.059044726528363,1
madeira,2015-07-01,3T2015,2015,2015Q3,2015-07-01,1224.3333333333333,4.966666666666666,7.110151757151558,0.04453839355384037,,22928.0,2697752.0,97.31280042246271,101.32914958733386,,319.68,13171.62,125514.7,1.1333333333333335,10381838.0,15.5,7.065613363597717,2
madeira,2015-10-01,4T2015,2015,2015Q4,2015-10-01,1144.3333333333333,5.0,7.042577504789582,-0.06757425236197534,,25205.0,3071762.0,100.79407005017497,111.39223723607596,,405.34,13576.96,125514.7,1.2000000000000002,10381838.0,15.3,7.110151757151558,3
madeira,2016-01-01,1T2016,2016,2016Q1,2016-01-01,1147.0,5.233333333333333,7.044905117129371,0.0023276123397888426,-0.014139609398991837,24926.0,3001077.0,99.57691524589762,110.1592106862301,,434.9,14011.86,127838.92,1.3666666666666665,10356516.0,14.9,7.042577504789582,4
madeira,2016-04-01,2T2016,2016,2016Q2,2016-04-01,1162.6666666666667,5.8,7.05847149636076,0.01356637923138937,-0.007141867236956756,26890.0,3267885.0,100.5101875107177,118.83901048514512,,401.38,14413.24,127838.92,1.3666666666666665,10356516.0,13.6,7.044905117129371,5
madeira,2016-07-01,3T2016,2016,2016Q3,2016-07-01,1167.0,5.633333333333333,7.062191632286556,0.0037201359257954536,-0.047960124865001674,26675.0,3173236.0,98.38571929954205,117.8888287352639,,331.47,14744.71,127838.92,1.2000000000000002,10356516.0,13.9,7.05847149636076,6
madeira,2016-10-01,4T2016,2016,2016Q4,2016-10-01,1153.1666666666667,5.666666666666667,7.050267060270756,-0.011924572015799662,0.007689555481174004,28999.0,3551512.0,101.2894901297318,128.15963053398005,,408.85,15153.56,127838.92,1.2000000000000002,10356516.0,11.5,7.062191632286556,7
madeira,2017-01-01,1T2017,2017,2017Q1,2017-01-01,1201.3333333333333,5.966666666666666,7.0911873300601185,0.04092026978936225,0.04628221293074741,29975.0,3800102.0,104.85042196590872,132.4730137334409,,489.78,15643.34,138586.19,1.2666666666666668,10340124.0,13.1,7.050267060270756,8
madeira,2017-04-01,2T2017,2017,2017Q2,2017-04-01,1212.6666666666667,5.7,7.100577070409958,0.009389740349839748,0.04210557404919779,31197.0,4021419.0,106.61065537213086,137.8735816327658,,370.69,16014.03,138586.19,1.3333333333333333,10340124.0,11.5,7.0911873300601185,9
madeira,2017-07-01,3T2017,2017,2017Q3,2017-07-01,1280.1666666666667,6.366666666666667,7.154745556770627,0.054168486360668844,0.09255392448407118,32722.0,4258992.0,107.64679513938984,144.61324288192336,,384.08,16398.1,138586.19,1.5,10340124.0,9.6,7.100577070409958,10
madeira,2017-10-01,4T2017,2017,2017Q4,2017-10-01,1331.0,6.933333333333334,7.193685818395112,0.03894026162448494,0.14341875812435578,35940.0,4898678.0,112.72881483438267,158.83503298014563,,440.43,16838.54,138586.19,1.7666666666666668,10340124.0,9.1,7.154745556770627,11
madeira,2018-01-01,1T2018,2018,2018Q1,2018-01-01,1321.5,7.366666666666667,7.186522734044344,-0.0071630843507684006,0.09533540398422513,34449.0,4755125.0,114.16144018167434,152.2456330309693,,495.45,17333.99,136252.87,1.8,10334633.0,9.1,7.193685818395112,12
madeira,2018-04-01,2T2018,2018,2018Q2,2018-04-01,1315.1666666666667,7.566666666666666,7.18171867929298,-0.0048040547513634735,0.08114160888302191,38730.0,5425227.0,115.8522674050557,171.16529847860434,,514.24,17848.23,136252.87,1.9,10334633.0,8.700000000000001,7.186522734044344,13
madeira,2018-07-01,3T2018,2018,2018Q3,2018-07-01,1384.6666666666667,7.633333333333333,7.233214715767948,0.05149603647496814,0.07846915899732121,38964.0,5512302.0,117.00477583884005,172.19944977847507,,434.61,18282.84,136252.87,2.1333333333333333,10334633.0,9.2,7.18171867929298,14
madeira,2018-10-01,4T2018,2018,2018Q4,2018-10-01,1295.6666666666667,8.066666666666668,7.166780642184113,-0.06643407358383513,-0.02690517621099886,39066.0,5414883.0,114.63685212246476,172.65023367841872,2.64,498.33,18781.17,136252.87,2.233333333333334,10334633.0,9.0,7.233214715767948,15
madeira,2019-01-01,1T2019,2019,2019Q1,2019-01-01,1320.8333333333333,8.0,7.186018129517426,0.019237487333312764,-0.0005046045269176958,36954.0,5261090.0,117.7466059092851,163.31635527958545,2.8666666666666667,445.76,19226.93,148342.92,2.366666666666667,10354446.0,7.5,7.166780642184113,16
madeira,2019-04-01,2T2019,2019,2019Q2,2019-04-01,1350.1666666666667,8.033333333333333,7.207983320602437,0.021965191085010716,0.026264641309456493,36681.0,5414806.0,122.08880842455076,162.10984542973628,3.1566666666666667,415.35,19642.28,148342.92,2.466666666666667,10354446.0,7.1000000000000005,7.186018129517426,17
madeira,2019-07-01,3T2019,2019,2019Q3,2019-07-01,1404.3333333333333,7.966666666666666,7.247317973310907,0.039334652708470585,0.014103257542958936,39554.0,5800028.0,121.2757031962132,174.80692527814915,2.4133333333333336,418.47,20060.75,148342.92,2.4000000000000004,10354446.0,7.4,7.207983320602437,18
madeira,2019-10-01,4T2019,2019,2019Q4,2019-10-01,1401.0,7.866666666666667,7.244941546337007,-0.002376426973900614,0.07816090415289345,41676.0,6136268.0,121.77339389322496,184.18499817697688,2.1866666666666665,490.46,20551.21,148342.92,2.4000000000000004,10354446.0,7.2,7.247317973310907,19
madeira,2020-01-01,1T2020,2020,2020Q1,2020-01-01,1431.6666666666667,7.866666666666667,7.266594545750246,0.021652999413239726,0.08057641623282041,36399.0,5785538.0,131.4584231641285,160.86356052989206,2.21,468.51,21019.72,150377.77,2.533333333333333,10384846.0,5.7,7.244941546337007,20
madeira,2020-04-01,2T2020,2020,2020Q2,2020-04-01,1446.0,7.933333333333334,7.27655640271871,0.009961856968463856,0.06857308211627355,26379.0,4125502.0,129.34587844472952,116.5806715354274,2.21,274.49,21294.21,150377.77,2.2,10384846.0,6.6000000000000005,7.266594545750246,21
madeira,2020-07-01,3T2020,2020,2020Q3,2020-07-01,1438.3333333333333,7.666666666666667,7.271240314849418,-0.005316087869291941,0.023922341538511027,35596.0,5427603.0,126.10752326248976,157.31474218033566,2.08,352.27,21646.48,150377.77,2.1333333333333333,10384846.0,8.6,7.27655640271871,22
madeira,2020-10-01,4T2020,2020,2020Q4,2020-10-01,1489.1666666666667,7.8,7.305971958365474,0.0347316435160554,0.06103041202846704,39139.0,6098441.0,128.86744612614154,172.97285352837838,2.1266666666666665,488.87,22135.35,150377.77,2.1,10384846.0,10.5,7.271240314849418,23
madeira,2021-01-01,1T2021,2021,2021Q1,2021-01-01,1548.8333333333333,8.133333333333333,7.3452572383292845,0.039285279963810815,0.07866269257903813,34614.0,5595240.0,133.69065495381548,152.97484228087814,1.9566666666666668,345.02,22480.37,164176.4,1.9,,9.3,7.305971958365474,24
madeira,2021-04-01,2T2021,2021,2021Q2,2021-04-01,1563.0,7.933333333333334,7.354362330421477,0.009105092092192457,0.07780592770276673,41736.0,6933006.0,137.38675721914424,184.45016517694373,2.193333333333334,512.35,22992.72,164176.4,2.866666666666667,,8.1,7.3452572383292845,25
madeira,2021-07-01,3T2021,2021,2021Q3,2021-07-01,1595.1666666666667,8.0,7.374733502967851,0.02037117254637444,0.10349318811843311,43447.0,7345978.0,139.83759623515712,192.0118441259985,2.18,570.74,23563.46,164176.4,4.033333333333334,,7.3,7.354362330421477,26
madeira,2021-10-01,4T2021,2021,2021Q4,2021-10-01,1655.0,8.333333333333334,7.411556287811163,0.03682278484331203,0.10558432944568974,45885.0,8225207.0,148.2552976019511,202.7864632246517,2.1533333333333333,700.74,24264.2,164176.4,5.300000000000001,,6.3,7.374733502967851,27
madeira,2022-01-01,1T2022,2022,2022Q1,2022-01-01,1692.8333333333333,9.3,7.434158932711446,0.02260264490028252,0.08890169438216144,43544.0,8081797.0,153.50189341648706,192.44053077594492,2.3266666666666667,615.95,24880.15,175732.61,6.766666666666667,10764411.0,7.0,7.411556287811163,28
madeira,2022-04-01,2T2022,2022,2022Q2,2022-04-01,1810.3333333333333,9.9,7.501266269366735,0.06710733665528945,0.14690393894525844,43607.0,8287705.0,157.1853964180325,192.71895612591013,2.98,1047.15,25927.3,175732.61,8.666666666666666,10764411.0,7.1,7.434158932711446,29
madeira,2022-07-01,3T2022,2022,2022Q3,2022-07-01,1898.8333333333333,10.633333333333333,7.548994941470061,0.04772867210332521,0.1742614385022092,42223.0,8051492.0,157.71078703058802,186.6024373266747,3.2266666666666666,738.85,26666.15,175732.61,10.333333333333334,10764411.0,6.1,7.501266269366735,30
madeira,2022-10-01,4T2022,2022,2022Q4,2022-10-01,2023.6666666666667,10.866666666666667,7.612666326462325,0.0636713849922641,0.20111003865116128,38526.0,7362219.0,158.04797371910158,170.26373067871702,3.9066666666666663,762.23,27428.38,175732.61,11.566666666666668,10764411.0,6.9,7.548994941470061,31
madeira,2023-01-01,1T2023,2023,2023Q1,2023-01-01,2137.3333333333335,11.0,7.667314225061334,0.05464789859900954,0.2331552923498883,34493.0,6857332.0,164.42139501587408,152.440088830945,4.003333333333333,850.7,28279.08,192753.71,,11067026.0,6.5,7.612666326462325,32
madeira,2023-04-01,2T2023,2023,2023Q2,2023-04-01,2214.6666666666665,12.366666666666667,7.702857182065076,0.03554295700374155,0.2015909126983404,33624.0,6904628.0,169.83415260390527,148.59958678142505,4.073333333333333,1030.38,29309.46,192753.71,,11067026.0,6.4,7.667314225061334,33
madeira,2023-07-01,3T2023,2023,2023Q3,2023-07-01,2342.5,13.4,7.758974014112577,0.0561168320475014,0.20997907264251658,34256.0,7072380.0,170.75092220163313,151.39267918107592,3.9966666666666666,1140.31,30449.77,192753.71,,11067026.0,4.9,7.702857182065076,34
madeira,2023-10-01,4T2023,2023,2023Q4,2023-10-01,2496.6666666666665,13.1,7.822711787843155,0.06373777373057798,0.21004546138083047,34126.0,7174277.0,173.87088910761483,150.81815068114773,3.966666666666667,853.13,31302.9,192753.71,,11067026.0,6.1,7.758974014112577,35
madeira,2024-01-01,1T2024,2024,2024Q1,2024-01-01,2613.5,13.8,7.868445598152976,0.045733810309821266,0.2011313730916422,33077.0,6730533.0,168.28967248471187,146.18214763172722,3.813333333333333,664.25,31967.15,201383.75,,11295785.0,5.9,7.822711787843155,36
madeira,2024-04-01,2T2024,2024,2024Q2,2024-04-01,2657.8333333333335,14.033333333333331,7.885266533519918,0.016820935366941292,0.18240935145484194,37125.0,7876682.0,175.47327047702692,164.072081229491,3.87,863.79,32830.94,201383.75,,11295785.0,5.2,7.868445598152976,37
madeira,2024-07-01,3T2024,2024,2024Q3,2024-07-01,2751.8333333333335,13.666666666666666,7.920022635203778,0.03475610168386023,0.16104862109120077,40909.0,9052016.0,183.003994750677,180.7952800274006,3.673333333333334,962.02,33792.96,201383.75,,11295785.0,5.7,7.885266533519918,38
madeira,2024-10-01,4T2024,2024,2024Q4,2024-10-01,2891.1666666666665,14.9,7.969415390533354,0.04939275532957588,0.14670360269019866,45214.0,10173942.0,186.10174614443363,199.8210122750224,3.41,1048.07,34841.03,201383.75,,11295785.0,5.7,7.920022635203778,39
madeira,2025-01-01,1T2025,2025,2025Q1,2025-01-01,3014.5,15.6,8.01118925792946,0.041773867396107,0.1427436597764844,41358.0,9617638.0,192.3282226547581,182.77961307715256,3.4499999999999997,968.9,35809.93,213730.82,,11405627.0,6.7,7.969415390533354,40
portalegre,2015-01-01,1T2015,2015,2015Q1,2015-01-01,693.0,,6.541029999189903,,,21762.0,2662680.0,101.19388995618124,96.176070887978,,319.12,12554.79,125514.7,0.7000000000000001,10381838.0,14.2,,0
portalegre,2015-04-01,2T2015,2015,2015Q2,2015-04-01,681.6666666666666,,6.524540779808793,-0.016489219381110587,,20614.0,2509888.0,100.69923957118108,91.10254228861218,,297.14,12851.93,125514.7,0.8333333333333334,10381838.0,12.4,6.541029999189903,1
portalegre,2015-07-01,3T2015,2015,2015Q3,2015-07-01,658.3333333333334,3.1,6.4897113886671125,-0.034829391141680155,,22928.0,2697752.0,97.31280042246271,101.32914958733386,,319.68,13171.62,125514.7,1.1333333333333335,10381838.0,12.3,6.524540779808793,2
portalegre,2015-10-01,4T2015,2015,2015Q4,2015-10-01,653.3333333333334,3.3499999999999996,6.482087463556454,-0.007623925110658902,,25205.0,3071762.0,100.79407005017497,111.39223723607596,,405.34,13576.96,125514.7,1.2000000000000002,10381838.0,12.5,6.4897113886671125,3
portalegre,2016-01-01,1T2016,2016,2016Q1,2016-01-01,661.3333333333334,,6.494257999176709,0.012170535620255052,-0.04677200001319459,24926.0,3001077.0,99.57691524589762,110.1592106862301,,434.9,14011.86,127838.92,1.3666666666666665,10356516.0,12.8,6.482087463556454,4
portalegre,2016-04-01,2T2016,2016,2016Q2,2016-04-01,657.6666666666666,,6.488698217354505,-0.005559781822203291,-0.0358425624542873,26890.0,3267885.0,100.5101875107177,118.83901048514512,,401.38,14413.24,127838.92,1.3666666666666665,10356516.0,11.2,6.494257999176709,5
portalegre,2016-07-01,3T2016,2016,2016Q3,2016-07-01,629.3333333333334,3.3,6.444661058037337,-0.04403715931716867,-0.045050330629775814,26675.0,3173236.0,98.38571929954205,117.8888287352639,,331.47,14744.71,127838.92,1.2000000000000002,10356516.0,10.9,6.488698217354505,6
portalegre,2016-10-01,4T2016,2016,2016Q4,2016-10-01,608.6666666666666,3.3333333333333335,6.411270772486804,-0.03339028555053236,-0.07081669106964927,28999.0,3551512.0,101.2894901297318,128.15963053398005,,408.85,15153.56,127838.92,1.2000000000000002,10356516.0,10.8,6.444661058037337,7
portalegre,2017-01-01,1T2017,2017,2017Q1,2017-01-01,592.6666666666666,3.45,6.38463212740574,-0.026638645081064283,-0.10962587177096861,29975.0,3800102.0,104.85042196590872,132.4730137334409,,489.78,15643.34,138586.19,1.2666666666666668,10340124.0,10.4,6.411270772486804,8
portalegre,2017-04-01,2T2017,2017,2017Q2,2017-04-01,634.0,3.3,6.452048954437226,0.06741682703148566,-0.03664926291727966,31197.0,4021419.0,106.61065537213086,137.8735816327658,,370.69,16014.03,138586.19,1.3333333333333333,10340124.0,9.1,6.38463212740574,9
portalegre,2017-07-01,3T2017,2017,2017Q3,2017-07-01,724.3333333333334,,6.58525169158832,0.13320273715109465,0.14059063355098367,32722.0,4258992.0,107.64679513938984,144.61324288192336,,384.08,16398.1,138586.19,1.5,10340124.0,8.8,6.452048954437226,10
portalegre,2017-10-01,4T2017,2017,2017Q4,2017-10-01,722.0,3.6666666666666665,6.582025138892826,-0.0032265526954944335,0.1707543664060216,35940.0,4898678.0,112.72881483438267,158.83503298014563,,440.43,16838.54,138586.19,1.7666666666666668,10340124.0,8.3,6.58525169158832,11
portalegre,2018-01-01,1T2018,2018,2018Q1,2018-01-01,798.3333333333334,,6.682526221176906,0.10050108228408039,0.29789409377116627,34449.0,4755125.0,114.16144018167434,152.2456330309693,,495.45,17333.99,136252.87,1.8,10334633.0,8.0,6.582025138892826,12
portalegre,2018-04-01,2T2018,2018,2018Q2,2018-04-01,737.6666666666666,,6.60349205138294,-0.07903416979396649,0.15144309694571412,38730.0,5425227.0,115.8522674050557,171.16529847860434,,514.24,17848.23,136252.87,1.9,10334633.0,6.9,6.682526221176906,13
portalegre,2018-07-01,3T2018,2018,2018Q3,2018-07-01,761.6666666666666,,6.635509014660196,0.03201696327725578,0.05025732307187525,38964.0,5512302.0,117.00477583884005,172.19944977847507,,434.61,18282.84,136252.87,2.1333333333333333,10334633.0,6.800000000000001,6.60349205138294,14
portalegre,2018-10-01,4T2018,2018,2018Q4,2018-10-01,784.0,,6.664409020350408,0.028900005690212005,0.08238388145758169,39066.0,5414883.0,114.63685212246476,172.65023367841872,2.64,498.33,18781.17,136252.87,2.233333333333334,10334633.0,6.7,6.635509014660196,15
portalegre,2019-01-01,1T2019,2019,2019Q1,2019-01-01,779.3333333333334,,6.658438853363904,-0.0059701669865033224,-0.024087367813002025,36954.0,5261090.0,117.7466059092851,163.31635527958545,2.8666666666666667,445.76,19226.93,148342.92,2.366666666666667,10354446.0,6.9,6.664409020350408,16
portalegre,2019-04-01,2T2019,2019,2019Q2,2019-04-01,756.6666666666666,,6.628922821807339,-0.02951603155656546,0.025430770424399007,36681.0,5414806.0,122.08880842455076,162.10984542973628,3.1566666666666667,415.35,19642.28,148342.92,2.466666666666667,10354446.0,6.300000000000001,6.658438853363904,17
portalegre,2019-07-01,3T2019,2019,2019Q3,2019-07-01,774.3333333333334,,6.652002444102299,0.023079622294960522,0.016493429442103746,39554.0,5800028.0,121.2757031962132,174.80692527814915,2.4133333333333336,418.47,20060.75,148342.92,2.4000000000000004,10354446.0,6.2,6.628922821807339,18
portalegre,2019-10-01,4T2019,2019,2019Q4,2019-10-01,671.3333333333334,4.45,6.509265784610398,-0.14273665949190129,-0.15514323574000954,41676.0,6136268.0,121.77339389322496,184.18499817697688,2.1866666666666665,490.46,20551.21,148342.92,2.4000000000000004,10354446.0,6.800000000000001,6.652002444102299,19
portalegre,2020-01-01,1T2020,2020,2020Q1,2020-01-01,673.6666666666666,,6.512735428735511,0.0034696441251131915,-0.14570342462839303,36399.0,5785538.0,131.4584231641285,160.86356052989206,2.21,468.51,21019.72,150377.77,2.533333333333333,10384846.0,6.9,6.509265784610398,20
portalegre,2020-04-01,2T2020,2020,2020Q2,2020-04-01,643.0,,6.466144724237619,-0.046590704497892155,-0.16277809756971973,26379.0,4125502.0,129.34587844472952,116.5806715354274,2.21,274.49,21294.21,150377.77,2.2,10384846.0,5.7,6.512735428735511,21
portalegre,2020-07-01,3T2020,2020,2020Q3,2020-07-01,638.6666666666666,,6.459382669862696,-0.0067620543749233875,-0.19261977423960364,35596.0,5427603.0,126.10752326248976,157.31474218033566,2.08,352.27,21646.48,150377.77,2.1333333333333333,10384846.0,8.200000000000001,6.466144724237619,22
portalegre,2020-10-01,4T2020,2020,2020Q4,2020-10-01,628.0,,6.4425401664681985,-0.01684250339449722,-0.06672561814219957,39139.0,6098441.0,128.86744612614154,172.97285352837838,2.1266666666666665,488.87,22135.35,150377.77,2.1,10384846.0,7.300000000000001,6.459382669862696,23
portalegre,2021-01-01,1T2021,2021,2021Q1,2021-01-01,632.3333333333334,,6.4494166812669045,0.0068765147987059905,-0.06331874746860677,34614.0,5595240.0,133.69065495381548,152.97484228087814,1.9566666666666668,345.02,22480.37,164176.4,1.9,,7.2,6.4425401664681985,24
portalegre,2021-04-01,2T2021,2021,2021Q2,2021-04-01,613.6666666666666,,6.419451892564968,-0.029964788701936307,-0.046692831672650925,41736.0,6933006.0,137.38675721914424,184.45016517694373,2.193333333333334,512.35,22992.72,164176.4,2.866666666666667,,6.9,6.4494166812669045,25
portalegre,2021-07-01,3T2021,2021,2021Q3,2021-07-01,598.6666666666666,,6.394704960194035,-0.02474693237093284,-0.06467770966866038,43447.0,7345978.0,139.83759623515712,192.0118441259985,2.18,570.74,23563.46,164176.4,4.033333333333334,,6.300000000000001,6.419451892564968,26
portalegre,2021-10-01,4T2021,2021,2021Q4,2021-10-01,601.0,,6.398594934535208,0.00388997434117222,-0.043945231932990936,45885.0,8225207.0,148.2552976019511,202.7864632246517,2.1533333333333333,700.74,24264.2,164176.4,5.300000000000001,,6.300000000000001,6.394704960194035,27
portalegre,2022-01-01,1T2022,2022,2022Q1,2022-01-01,597.6666666666666,,6.393033184937023,-0.005561749598184562,-0.05638349632988149,43544.0,8081797.0,153.50189341648706,192.44053077594492,2.3266666666666667,615.95,24880.15,175732.61,6.766666666666667,10764411.0,6.0,6.398594934535208,28
portalegre,2022-04-01,2T2022,2022,2022Q2,2022-04-01,608.3333333333334,,6.410722977348482,0.01768979241145896,-0.008728915216486222,43607.0,8287705.0,157.1853964180325,192.71895612591013,2.98,1047.15,25927.3,175732.61,8.666666666666666,10764411.0,5.9,6.393033184937023,29
portalegre,2022-07-01,3T2022,2022,2022Q3,2022-07-01,640.6666666666666,,6.462509300862128,0.05178632351364598,0.0678043406680926,42223.0,8051492.0,157.71078703058802,186.6024373266747,3.2266666666666666,738.85,26666.15,175732.61,10.333333333333334,10764411.0,5.9,6.410722977348482,30
portalegre,2022-10-01,4T2022,2022,2022Q4,2022-10-01,638.0,4.7,6.45833828334479,-0.004171017517338171,0.05974334880958221,38526.0,7362219.0,158.04797371910158,170.26373067871702,3.9066666666666663,762.23,27428.38,175732.61,11.566666666666668,10764411.0,6.7,6.462509300862128,31
portalegre,2023-01-01,1T2023,2023,2023Q1,2023-01-01,631.6666666666666,5.166666666666667,6.448361828848417,-0.009976454496372966,0.055328643911393804,34493.0,6857332.0,164.42139501587408,152.440088830945,4.003333333333333,850.7,28279.08,192753.71,,11067026.0,7.2,6.45833828334479,32
portalegre,2023-04-01,2T2023,2023,2023Q2,2023-04-01,650.0,5.466666666666666,6.476972362889683,0.0286105340412659,0.06624938554120074,33624.0,6904628.0,169.83415260390527,148.59958678142505,4.073333333333333,1030.38,29309.46,192753.71,,11067026.0,6.1000000000000005,6.448361828848417,33
portalegre,2023-07-01,3T2023,2023,2023Q3,2023-07-01,677.0,5.733333333333333,6.517671272912275,0.040698910022592294,0.05516197205014706,34256.0,7072380.0,170.75092220163313,151.39267918107592,3.9966666666666666,1140.31,30449.77,192753.71,,11067026.0,6.1000000000000005,6.476972362889683,34
portalegre,2023-10-01,4T2023,2023,2023Q4,2023-10-01,696.0,5.8999999999999995,6.54534966033442,0.0276783874221449,0.08701137698963013,34126.0,7174277.0,173.87088910761483,150.81815068114773,3.966666666666667,853.13,31302.9,192753.71,,11067026.0,6.6000000000000005,6.517671272912275,35
portalegre,2024-01-01,1T2024,2024,2024Q1,2024-01-01,714.3333333333334,6.2,6.571349706805467,0.026000046471047256,0.12298787795705035,33077.0,6730533.0,168.28967248471187,146.18214763172722,3.813333333333333,664.25,31967.15,201383.75,,11295785.0,6.800000000000001,6.54534966033442,36
portalegre,2024-04-01,2T2024,2024,2024Q2,2024-04-01,725.3333333333334,6.3999999999999995,6.586631319307724,0.015281612502256792,0.10965895641804124,37125.0,7876682.0,175.47327047702692,164.072081229491,3.87,863.79,32830.94,201383.75,,11295785.0,6.2,6.571349706805467,37
portalegre,2024-07-01,3T2024,2024,2024Q3,2024-07-01,751.0,6.1000000000000005,6.621405651764134,0.034774332456410484,0.10373437885185943,40909.0,9052016.0,183.003994750677,180.7952800274006,3.673333333333334,962.02,33792.96,201383.75,,11295785.0,6.2,6.586631319307724,38
portalegre,2024-10-01,4T2024,2024,2024Q4,2024-10-01,795.0,6.933333333333334,6.678342114654332,0.0569364628901976,0.13299245431991213,45214.0,10173942.0,186.10174614443363,199.8210122750224,3.41,1048.07,34841.03,201383.75,,11295785.0,6.7,6.621405651764134,39
portalegre,2025-01-01,1T2025,2025,2025Q1,2025-01-01,831.3333333333334,6.7,6.723030837571872,0.04468872291753989,0.15168113076640477,41358.0,9617638.0,192.3282226547581,182.77961307715256,3.4499999999999997,968.9,35809.93,213730.82,,11405627.0,6.6000000000000005,6.678342114654332,40
porto,2015-01-01,1T2015,2015,2015Q1,2015-01-01,973.6666666666666,4.8,6.881069013719631,,,21762.0,2662680.0,101.19388995618124,96.176070887978,,319.12,12554.79,125514.7,0.7000000000000001,10381838.0,14.2,,0
porto,2015-04-01,2T2015,2015,2015Q2,2015-04-01,999.6666666666666,5.1,6.907421890080899,0.02635287636126815,,20614.0,2509888.0,100.69923957118108,91.10254228861218,,297.14,12851.93,125514.7,0.8333333333333334,10381838.0,12.4,6.881069013719631,1
porto,2015-07-01,3T2015,2015,2015Q3,2015-07-01,999.3333333333334,5.366666666666667,6.907088389994433,-0.0003335000864659321,,22928.0,2697752.0,97.31280042246271,101.32914958733386,,319.68,13171.62,125514.7,1.1333333333333335,10381838.0,12.3,6.907421890080899,2
porto,2015-10-01,4T2015,2015,2015Q4,2015-10-01,968.3333333333334,5.233333333333333,6.875576380617902,-0.03151200937653087,,25205.0,3071762.0,100.79407005017497,111.39223723607596,,405.34,13576.96,125514.7,1.2000000000000002,10381838.0,12.5,6.907088389994433,3
porto,2016-01-01,1T2016,2016,2016Q1,2016-01-01,1023.6666666666666,5.566666666666666,6.931146231772713,0.055569851154810834,0.050077218053082184,24926.0,3001077.0,99.57691524589762,110.1592106862301,,434.9,14011.86,127838.92,1.3666666666666665,10356516.0,12.8,6.875576380617902,4
porto,2016-04-01,2T2016,2016,2016Q2,2016-04-01,1004.6666666666666,5.733333333333333,6.912411090518331,-0.018735141254381915,0.0049892004374321175,26890.0,3267885.0,100.5101875107177,118.83901048514512,,401.38,14413.24,127838.92,1.3666666666666665,10356516.0,11.2,6.931146231772713,5
porto,2016-07-01,3T2016,2016,2016Q3,2016-07-01,1024.3333333333333,6.366666666666667,6.931797273462375,0.019386182944043817,0.024708883467941867,26675.0,3173236.0,98.38571929954205,117.8888287352639,,331.47,14744.71,127838.92,1.2000000000000002,10356516.0,10.9,6.912411090518331,6
porto,2016-10-01,4T2016,2016,2016Q4,2016-10-01,1060.3333333333333,7.533333333333334,6.966338603081034,0.03454132961865941,0.09076222246313215,28999.0,3551512.0,101.2894901297318,128.15963053398005,,408.85,15153.56,127838.92,1.2000000000000002,10356516.0,10.8,6.931797273462375,7
porto,2017-01-01,1T2017,2017,2017Q1,2017-01-01,1096.0,8.033333333333333,6.999422467507961,0.0330838644269269,0.06827623573524821,29975.0,3800102.0,104.85042196590872,132.4730137334409,,489.78,15643.34,138586.19,1.2666666666666668,10340124.0,10.4,6.966338603081034,8
porto,2017-04-01,2T2017,2017,2017Q2,2017-04-01,1138.3333333333333,7.766666666666667,7.037320483336781,0.037898015828819354,0.12490939281844948,31197.0,4021419.0,106.61065537213086,137.8735816327658,,370.69,16014.03,138586.19,1.3333333333333333,10340124.0,9.1,6.999422467507961,9
porto,2017-07-01,3T2017,2017,2017Q3,2017-07-01,1175.0,7.666666666666667,7.069023426578259,0.03170294324147882,0.13722615311588449,32722.0,4258992.0,107.64679513938984,144.61324288192336,,384.08,16398.1,138586.19,1.5,10340124.0,8.8,7.037320483336781,10
porto,2017-10-01,4T2017,2017,2017Q4,2017-10-01,1262.3333333333333,7.666666666666667,7.1407171392336855,0.07169371265542601,0.1743785361526511,35940.0,4898678.0,112.72881483438267,158.83503298014563,,440.43,16838.54,138586.19,1.7666666666666668,10340124.0,8.3,7.069023426578259,11
porto,2018-01-01,1T2018,2018,2018Q1,2018-01-01,1327.3333333333333,7.833333333333333,7.190927195956032,0.050210056722346685,0.19150472844807087,34449.0,4755125.0,114.16144018167434,152.2456330309693,,495.45,17333.99,136252.87,1.8,10334633.0,8.0,7.1407171392336855,12
porto,2018-04-01,2T2018,2018,2018Q2,2018-04-01,1409.3333333333333,8.166666666666666,7.250872058322019,0.059944862365987284,0.2135515749852388,38730.0,5425227.0,115.8522674050557,171.16529847860434,,514.24,17848.23,136252.87,1.9,10334633.0,6.9,7.190927195956032,13
porto,2018-07-01,3T2018,2018,2018Q3,2018-07-01,1590.3333333333333,8.766666666666667,7.371698916847997,0.12082685852597752,0.3026754902697375,38964.0,5512302.0,117.00477583884005,172.19944977847507,,434.61,18282.84,136252.87,2.1333333333333333,10334633.0,6.800000000000001,7.250872058322019,14
porto,2018-10-01,4T2018,2018,2018Q4,2018-10-01,1600.3333333333333,8.866666666666667,7.377967219862831,0.0062683030148340535,0.23725008062914554,39066.0,5414883.0,114.63685212246476,172.65023367841872,2.64,498.33,18781.17,136252.87,2.233333333333334,10334633.0,6.7,7.371698916847997,15
porto,2019-01-01,1T2019,2019,2019Q1,2019-01-01,1699.3333333333333,9.366666666666667,7.437991296267951,0.060024076405119864,0.24706410031191872,36954.0,5261090.0,117.7466059092851,163.31635527958545,2.8666666666666667,445.76,19226.93,148342.92,2.366666666666667,10354446.0,6.9,7.377967219862831,16
porto,2019-04-01,2T2019,2019,2019Q2,2019-04-01,1799.0,9.466666666666669,7.494986233950533,0.05699493768258179,0.24411417562851323,36681.0,5414806.0,122.08880842455076,162.10984542973628,3.1566666666666667,415.35,19642.28,148342.92,2.466666666666667,10354446.0,6.300000000000001,7.437991296267951,17
porto,2019-07-01,3T2019,2019,2019Q3,2019-07-01,1860.6666666666667,9.466666666666669,7.528690125428158,0.03370389147762509,0.1569912085801608,39554.0,5800028.0,121.2757031962132,174.80692527814915,2.4133333333333336,418.47,20060.75,148342.92,2.4000000000000004,10354446.0,6.2,7.494986233950533,18
porto,2019-10-01,4T2019,2019,2019Q4,2019-10-01,1901.0,9.733333333333334,7.550135342488429,0.021445217060271027,0.17216812262559777,41676.0,6136268.0,121.77339389322496,184.18499817697688,2.1866666666666665,490.46,20551.21,148342.92,2.4000000000000004,10354446.0,6.800000000000001,7.528690125428158,19
porto,2020-01-01,1T2020,2020,2020Q1,2020-01-01,1964.0,10.066666666666666,7.582738488914411,0.03260314642598239,0.1447471926464603,36399.0,5785538.0,131.4584231641285,160.86356052989206,2.21,468.51,21019.72,150377.77,2.533333333333333,10384846.0,6.9,7.550135342488429,20
porto,2020-04-01,2T2020,2020,2020Q2,2020-04-01,2050.6666666666665,10.0,7.625920222517371,0.043181733602959405,0.1309339885668379,26379.0,4125502.0,129.34587844472952,116.5806715354274,2.21,274.49,21294.21,150377.77,2.2,10384846.0,5.7,7.582738488914411,21
porto,2020-07-01,3T2020,2020,2020Q3,2020-07-01,2047.0,9.766666666666667,7.624130585661289,-0.0017896368560812448,0.09544046023313157,35596.0,5427603.0,126.10752326248976,157.31474218033566,2.08,352.27,21646.48,150377.77,2.1333333333333333,10384846.0,8.200000000000001,7.625920222517371,22
porto,2020-10-01,4T2020,2020,2020Q4,2020-10-01,2086.3333333333335,9.766666666666667,7.643163418256592,0.019032832595303084,0.09302807576816363,39139.0,6098441.0,128.86744612614154,172.97285352837838,2.1266666666666665,488.87,22135.35,150377.77,2.1,10384846.0,7.300000000000001,7.624130585661289,23
porto,2021-01-01,1T2021,2021,2021Q1,2021-01-01,2138.6666666666665,9.866666666666667,7.667937860878241,0.024774442621648518,0.08519937196382976,34614.0,5595240.0,133.69065495381548,152.97484228087814,1.9566666666666668,345.02,22480.37,164176.4,1.9,,7.2,7.643163418256592,24
porto,2021-04-01,2T2021,2021,2021Q2,2021-04-01,2186.0,9.866666666666667,7.689828668736484,0.021890807858243377,0.06390844621911373,41736.0,6933006.0,137.38675721914424,184.45016517694373,2.193333333333334,512.35,22992.72,164176.4,2.866666666666667,,6.9,7.667937860878241,25
porto,2021-07-01,3T2021,2021,2021Q3,2021-07-01,2239.0,9.933333333333334,7.713784616598755,0.0239559478622704,0.08965403093746538,43447.0,7345978.0,139.83759623515712,192.0118441259985,2.18,570.74,23563.46,164176.4,4.033333333333334,,6.300000000000001,7.689828668736484,26
porto,2021-10-01,4T2021,2021,2021Q4,2021-10-01,2268.0,9.8,7.726653664847643,0.012869048248888681,0.08349024659105098,45885.0,8225207.0,148.2552976019511,202.7864632246517,2.1533333333333333,700.74,24264.2,164176.4,5.300000000000001,,6.300000000000001,7.713784616598755,27
porto,2022-01-01,1T2022,2022,2022Q1,2022-01-01,2305.0,9.9,7.742835955430749,0.01618229058310572,0.07489809455250818,43544.0,8081797.0,153.50189341648706,192.44053077594492,2.3266666666666667,615.95,24880.15,175732.61,6.766666666666667,10764411.0,6.0,7.726653664847643,28
porto,2022-04-01,2T2022,2022,2022Q2,2022-04-01,2342.3333333333335,10.0,7.758902862524088,0.016066907093338578,0.06907419378760338,43607.0,8287705.0,157.1853964180325,192.71895612591013,2.98,1047.15,25927.3,175732.61,8.666666666666666,10764411.0,5.9,7.742835955430749,29
porto,2022-07-01,3T2022,2022,2022Q3,2022-07-01,2375.3333333333335,10.266666666666666,7.772893057497671,0.01399019497358367,0.05910844089891665,42223.0,8051492.0,157.71078703058802,186.6024373266747,3.2266666666666666,738.85,26666.15,175732.61,10.333333333333334,10764411.0,5.9,7.758902862524088,30
porto,2022-10-01,4T2022,2022,2022Q4,2022-10-01,2403.6666666666665,11.533333333333331,7.784750628248649,0.011857570750978041,0.05809696340100601,38526.0,7362219.0,158.04797371910158,170.26373067871702,3.9066666666666663,762.23,27428.38,175732.61,11.566666666666668,10764411.0,6.7,7.772893057497671,31
porto,2023-01-01,1T2023,2023,2023Q1,2023-01-01,2421.0,12.7,7.791935956938058,0.007185328689408799,0.04910000150730909,34493.0,6857332.0,164.42139501587408,152.440088830945,4.003333333333333,850.7,28279.08,192753.71,,11067026.0,7.2,7.784750628248649,32
porto,2023-04-01,2T2023,2023,2023Q2,2023-04-01,2472.6666666666665,13.066666666666668,7.813052469381426,0.021116512443367874,0.054149606857338384,33624.0,6904628.0,169.83415260390527,148.59958678142505,4.073333333333333,1030.38,29309.46,192753.71,,11067026.0,6.1000000000000005,7.791935956938058,33
porto,2023-07-01,3T2023,2023,2023Q3,2023-07-01,2456.0,13.933333333333332,7.806289289267033,-0.00676318011439303,0.033396231769361684,34256.0,7072380.0,170.75092220163313,151.39267918107592,3.9966666666666666,1140.31,30449.77,192753.71,,11067026.0,6.1000000000000005,7.813052469381426,34
porto,2023-10-01,4T2023,2023,2023Q4,2023-10-01,2484.3333333333335,14.9,7.817759626213584,0.011470336946550752,0.033008997964934395,34126.0,7174277.0,173.87088910761483,150.81815068114773,3.966666666666667,853.13,31302.9,192753.71,,11067026.0,6.6000000000000005,7.806289289267033,35
porto,2024-01-01,1T2024,2024,2024Q1,2024-01-01,2566.3333333333335,15.1,7.85023344060994,0.032473814396356104,0.0582974836718817,33077.0,6730533.0,168.28967248471187,146.18214763172722,3.813333333333333,664.25,31967.15,201383.75,,11295785.0,6.800000000000001,7.817759626213584,36
porto,2024-04-01,2T2024,2024,2024Q2,2024-04-01,2616.0,15.3,7.86940171257709,0.019168271967149764,0.05634924319566359,37125.0,7876682.0,175.47327047702692,164.072081229491,3.87,863.79,32830.94,201383.75,,11295785.0,6.2,7.85023344060994,37
porto,2024-07-01,3T2024,2024,2024Q3,2024-07-01,2729.0,15.366666666666667,7.911690520708339,0.042288808131249134,0.10540123144130575,40909.0,9052016.0,183.003994750677,180.7952800274006,3.673333333333334,962.02,33792.96,201383.75,,11295785.0,6.2,7.86940171257709,38
porto,2024-10-01,4T2024,2024,2024Q4,2024-10-01,2857.3333333333335,15.566666666666668,7.957644067925358,0.045953547217019164,0.13988444171177417,45214.0,10173942.0,186.10174614443363,199.8210122750224,3.41,1048.07,34841.03,201383.75,,11295785.0,6.7,7.911690520708339,39
porto,2025-01-01,1T2025,2025,2025Q1,2025-01-01,2790.0,15.566666666666668,7.933796874815411,-0.02384719310994665,0.08356343420547141,41358.0,9617638.0,192.3282226547581,182.77961307715256,3.4499999999999997,968.9,35809.93,213730.82,,11405627.0,6.6000000000000005,7.957644067925358,40
santarem,2015-01-01,1T2015,2015,2015Q1,2015-01-01,701.6666666666666,3.466666666666667,6.553458457448372,,,21762.0,2662680.0,101.19388995618124,96.176070887978,,319.12,12554.79,125514.7,0.7000000000000001,10381838.0,14.2,,0
santarem,2015-04-01,2T2015,2015,2015Q2,2015-04-01,707.0,3.4,6.561030665896573,0.007572208448201501,,20614.0,2509888.0,100.69923957118108,91.10254228861218,,297.14,12851.93,125514.7,0.8333333333333334,10381838.0,12.4,6.553458457448372,1
santarem,2015-07-01,3T2015,2015,2015Q3,2015-07-01,748.6666666666666,3.4,6.618293846630278,0.05726318073370518,,22928.0,2697752.0,97.31280042246271,101.32914958733386,,319.68,13171.62,125514.7,1.1333333333333335,10381838.0,12.3,6.561030665896573,2
santarem,2015-10-01,4T2015,2015,2015Q4,2015-10-01,743.3333333333334,3.4,6.611144575786055,-0.007149270844223565,,25205.0,3071762.0,100.79407005017497,111.39223723607596,,405.34,13576.96,125514.7,1.2000000000000002,10381838.0,12.5,6.618293846630278,3
santarem,2016-01-01,1T2016,2016,2016Q1,2016-01-01,729.3333333333334,3.466666666666667,6.592130874873762,-0.01901370091229282,0.03867241742539029,24926.0,3001077.0,99.57691524589762,110.1592106862301,,434.9,14011.86,127838.92,1.3666666666666665,10356516.0,12.8,6.611144575786055,4
santarem,2016-04-01,2T2016,2016,2016Q2,2016-04-01,727.6666666666666,3.4333333333333336,6.5898430678818345,-0.0022878069919274324,0.02881240198526136,26890.0,3267885.0,100.5101875107177,118.83901048514512,,401.38,14413.24,127838.92,1.3666666666666665,10356516.0,11.2,6.592130874873762,5
santarem,2016-07-01,3T2016,2016,2016Q3,2016-07-01,720.0,3.4,6.579251212010101,-0.01059185587173328,-0.0390426346201771,26675.0,3173236.0,98.38571929954205,117.8888287352639,,331.47,14744.71,127838.92,1.2000000000000002,10356516.0,10.9,6.5898430678818345,6
santarem,2016-10-01,4T2016,2016,2016Q4,2016-10-01,740.0,3.5666666666666664,6.606650186198215,0.02739897418811399,-0.004494389587839542,28999.0,3551512.0,101.2894901297318,128.15963053398005,,408.85,15153.56,127838.92,1.2000000000000002,10356516.0,10.8,6.579251212010101,7
santarem,2017-01-01,1T2017,2017,2017Q1,2017-01-01,737.3333333333334,3.5666666666666664,6.603040073974116,-0.00361011222409946,0.010909199100353817,29975.0,3800102.0,104.85042196590872,132.4730137334409,,489.78,15643.34,138586.19,1.2666666666666668,10340124.0,10.4,6.606650186198215,8
santarem,2017-04-01,2T2017,2017,2017Q2,2017-04-01,726.3333333333334,3.9666666666666663,6.58800904627651,-0.015031027697605559,-0.0018340216053243097,31197.0,4021419.0,106.61065537213086,137.8735816327658,,370.69,16014.03,138586.19,1.3333333333333333,10340124.0,9.1,6.603040073974116,9
santarem,2017-07-01,3T2017,2017,2017Q3,2017-07-01,728.0,3.8333333333333335,6.590301048196686,0.002292001920175757,0.011049836186584727,32722.0,4258992.0,107.64679513938984,144.61324288192336,,384.08,16398.1,138586.19,1.5,10340124.0,8.8,6.58800904627651,10
santarem,2017-10-01,4T2017,2017,2017Q4,2017-10-01,739.3333333333334,3.6666666666666665,6.605748879242203,0.015447831045516836,-0.0009013069560124265,35940.0,4898678.0,112.72881483438267,158.83503298014563,,440.43,16838.54,138586.19,1.7666666666666668,10340124.0,8.3,6.590301048196686,11
santarem,2018-01-01,1T2018,2018,2018Q1,2018-01-01,742.6666666666666,3.8666666666666663,6.610247312379065,0.004498433136862268,0.007207238404949301,34449.0,4755125.0,114.16144018167434,152.2456330309693,,495.45,17333.99,136252.87,1.8,10334633.0,8.0,6.605748879242203,12
santarem,2018-04-01,2T2018,2018,2018Q2,2018-04-01,754.6666666666666,3.9333333333333336,6.626276150654964,0.01602883827589885,0.03826710437845371,38730.0,5425227.0,115.8522674050557,171.16529847860434,,514.24,17848.23,136252.87,1.9,10334633.0,6.9,6.610247312379065,13
santarem,2018-07-01,3T2018,2018,2018Q3,2018-07-01,765.0,4.066666666666666,6.639875833826536,0.013599683171571897,0.04957478562984985,38964.0,5512302.0,117.00477583884005,172.19944977847507,,434.61,18282.84,136252.87,2.1333333333333333,10334633.0,6.800000000000001,6.626276150654964,14
santarem,2018-10-01,4T2018,2018,2018Q4,2018-10-01,767.3333333333334,4.1,6.642921300613718,0.003045466787182427,0.03717242137151544,39066.0,5414883.0,114.63685212246476,172.65023367841872,2.64,498.33,18781.17,136252.87,2.233333333333334,10334633.0,6.7,6.639875833826536,15
santarem,2019-01-01,1T2019,2019,2019Q1,2019-01-01,781.6666666666666,4.266666666666667,6.66142839221227,0.01850709159855146,0.051181079833204635,36954.0,5261090.0,117.7466059092851,163.31635527958545,2.8666666666666667,445.76,19226.93,148342.92,2.366666666666667,10354446.0,6.9,6.642921300613718,16
santarem,2019-04-01,2T2019,2019,2019Q2,2019-04-01,785.3333333333334,4.4,6.666108256103367,0.0046798638910976464,0.03983210544840343,36681.0,5414806.0,122.08880842455076,162.10984542973628,3.1566666666666667,415.35,19642.28,148342.92,2.466666666666667,10354446.0,6.300000000000001,6.66142839221227,17
santarem,2019-07-01,3T2019,2019,2019Q3,2019-07-01,789.0,4.366666666666667,6.670766320845874,0.004658064742506518,0.030890487019338053,39554.0,5800028.0,121.2757031962132,174.80692527814915,2.4133333333333336,418.47,20060.75,148342.92,2.4000000000000004,10354446.0,6.2,6.666108256103367,18
santarem,2019-10-01,4T2019,2019,2019Q4,2019-10-01,774.0,4.5,6.651571873589727,-0.019194447256146496,0.00865057297600913,41676.0,6136268.0,121.77339389322496,184.18499817697688,2.1866666666666665,490.46,20551.21,148342.92,2.4000000000000004,10354446.0,6.800000000000001,6.670766320845874,19
santarem,2020-01-01,1T2020,2020,2020Q1,2020-01-01,762.3333333333334,4.766666666666667,6.636383905354672,-0.015187968235055749,-0.02504448685759808,36399.0,5785538.0,131.4584231641285,160.86356052989206,2.21,468.51,21019.72,150377.77,2.533333333333333,10384846.0,6.9,6.651571873589727,20
santarem,2020-04-01,2T2020,2020,2020Q2,2020-04-01,766.3333333333334,5.0,6.641617236095072,0.0052333307404,-0.024491020008295727,26379.0,4125502.0,129.34587844472952,116.5806715354274,2.21,274.49,21294.21,150377.77,2.2,10384846.0,5.7,6.636383905354672,21
santarem,2020-07-01,3T2020,2020,2020Q3,2020-07-01,775.3333333333334,4.966666666666667,6.6532930444105,0.011675808315428249,-0.017473276435373997,35596.0,5427603.0,126.10752326248976,157.31474218033566,2.08,352.27,21646.48,150377.77,2.1333333333333333,10384846.0,8.200000000000001,6.641617236095072,22
santarem,2020-10-01,4T2020,2020,2020Q4,2020-10-01,782.0,4.833333333333333,6.661854740545311,0.008561696134811392,0.010282866955583891,39139.0,6098441.0,128.86744612614154,172.97285352837838,2.1266666666666665,488.87,22135.35,150377.77,2.1,10384846.0,7.300000000000001,6.6532930444105,23
santarem,2021-01-01,1T2021,2021,2021Q1,2021-01-01,795.0,5.033333333333333,6.678342114654332,0.01648737410902079,0.04195820929966043,34614.0,5595240.0,133.69065495381548,152.97484228087814,1.9566666666666668,345.02,22480.37,164176.4,1.9,,7.2,6.661854740545311,24
santarem,2021-04-01,2T2021,2021,2021Q2,2021-04-01,800.0,4.966666666666666,6.684611727667927,0.006269613013595077,0.04299449157285551,41736.0,6933006.0,137.38675721914424,184.45016517694373,2.193333333333334,512.35,22992.72,164176.4,2.866666666666667,,6.9,6.678342114654332,25
santarem,2021-07-01,3T2021,2021,2021Q3,2021-07-01,826.3333333333334,5.133333333333333,6.7169982433670805,0.032386515699153406,0.06370519895658067,43447.0,7345978.0,139.83759623515712,192.0118441259985,2.18,570.74,23563.46,164176.4,4.033333333333334,,6.300000000000001,6.684611727667927,26
santarem,2021-10-01,4T2021,2021,2021Q4,2021-10-01,841.6666666666666,5.033333333333333,6.735384053041351,0.01838580967427017,0.07352931249603945,45885.0,8225207.0,148.2552976019511,202.7864632246517,2.1533333333333333,700.74,24264.2,164176.4,5.300000000000001,,6.300000000000001,6.7169982433670805,27
santarem,2022-01-01,1T2022,2022,2022Q1,2022-01-01,847.3333333333334,5.266666666666667,6.74209416308129,0.006710110039938932,0.06375204842695759,43544.0,8081797.0,153.50189341648706,192.44053077594492,2.3266666666666667,615.95,24880.15,175732.61,6.766666666666667,10764411.0,6.0,6.735384053041351,28
santarem,2022-04-01,2T2022,2022,2022Q2,2022-04-01,882.0,5.7,6.782192056006791,0.04009789292550181,0.09758032833886432,43607.0,8287705.0,157.1853964180325,192.71895612591013,2.98,1047.15,25927.3,175732.61,8.666666666666666,10764411.0,5.9,6.74209416308129,29
santarem,2022-07-01,3T2022,2022,2022Q3,2022-07-01,937.0,5.966666666666666,6.842683282238422,0.06049122623163061,0.12568503887134153,42223.0,8051492.0,157.71078703058802,186.6024373266747,3.2266666666666666,738.85,26666.15,175732.61,10.333333333333334,10764411.0,5.9,6.782192056006791,30
santarem,2022-10-01,4T2022,2022,2022Q4,2022-10-01,985.6666666666666,6.266666666666667,6.8933182311843675,0.050634948945945446,0.1579341781430168,38526.0,7362219.0,158.04797371910158,170.26373067871702,3.9066666666666663,762.23,27428.38,175732.61,11.566666666666668,10764411.0,6.7,6.842683282238422,31
santarem,2023-01-01,1T2023,2023,2023Q1,2023-01-01,1016.0,6.666666666666667,6.923628628138427,0.030310396954059904,0.18153446505713777,34493.0,6857332.0,164.42139501587408,152.440088830945,4.003333333333333,850.7,28279.08,192753.71,,11067026.0,7.2,6.8933182311843675,32
santarem,2023-04-01,2T2023,2023,2023Q2,2023-04-01,1039.6666666666667,7.0,6.946655427939693,0.023026799801265874,0.16446337193290184,33624.0,6904628.0,169.83415260390527,148.59958678142505,4.073333333333333,1030.38,29309.46,192753.71,,11067026.0,6.1000000000000005,6.923628628138427,33
santarem,2023-07-01,3T2023,2023,2023Q3,2023-07-01,1078.0,7.066666666666666,6.982862751468942,0.036207323529248825,0.14017946923052005,34256.0,7072380.0,170.75092220163313,151.39267918107592,3.9966666666666666,1140.31,30449.77,192753.71,,11067026.0,6.1000000000000005,6.946655427939693,34
santarem,2023-10-01,4T2023,2023,2023Q4,2023-10-01,1116.0,7.366666666666667,7.017506142941256,0.0346433914723141,0.1241879117568887,34126.0,7174277.0,173.87088910761483,150.81815068114773,3.966666666666667,853.13,31302.9,192753.71,,11067026.0,6.6000000000000005,6.982862751468942,35
santarem,2024-01-01,1T2024,2024,2024Q1,2024-01-01,1136.0,7.466666666666666,7.035268599281097,0.01776245633984086,0.11163997114266966,33077.0,6730533.0,168.28967248471187,146.18214763172722,3.813333333333333,664.25,31967.15,201383.75,,11295785.0,6.800000000000001,7.017506142941256,36
santarem,2024-04-01,2T2024,2024,2024Q2,2024-04-01,1166.6666666666667,7.9,7.061905958809396,0.02663735952829871,0.1152505308697025,37125.0,7876682.0,175.47327047702692,164.072081229491,3.87,863.79,32830.94,201383.75,,11295785.0,6.2,7.035268599281097,37
santarem,2024-07-01,3T2024,2024,2024Q3,2024-07-01,1193.0,8.1,7.084226422097916,0.02232046328852011,0.10136367062897378,40909.0,9052016.0,183.003994750677,180.7952800274006,3.673333333333334,962.02,33792.96,201383.75,,11295785.0,6.2,7.061905958809396,38
santarem,2024-10-01,4T2024,2024,2024Q4,2024-10-01,1257.0,8.133333333333333,7.136483208590247,0.052256786492331564,0.11897706564899124,45214.0,10173942.0,186.10174614443363,199.8210122750224,3.41,1048.07,34841.03,201383.75,,11295785.0,6.7,7.084226422097916,39
santarem,2025-01-01,1T2025,2025,2025Q1,2025-01-01,1313.6666666666667,8.366666666666667,7.180577488526894,0.04409427993664661,0.145308889245797,41358.0,9617638.0,192.3282226547581,182.77961307715256,3.4499999999999997,968.9,35809.93,213730.82,,11405627.0,6.6000000000000005,7.136483208590247,40
setubal,2015-01-01,1T2015,2015,2015Q1,2015-01-01,1008.0,4.5,6.915723448631314,,,21762.0,2662680.0,101.19388995618124,96.176070887978,,319.12,12554.79,125514.7,0.7000000000000001,10381838.0,14.2,,0
setubal,2015-04-01,2T2015,2015,2015Q2,2015-04-01,986.3333333333334,4.566666666666666,6.8939943637321,-0.021729084899214435,,20614.0,2509888.0,100.69923957118108,91.10254228861218,,297.14,12851.93,125514.7,0.8333333333333334,10381838.0,12.4,6.915723448631314,1
setubal,2015-07-01,3T2015,2015,2015Q3,2015-07-01,1001.0,4.7,6.90875477931522,0.01476041558312069,,22928.0,2697752.0,97.31280042246271,101.32914958733386,,319.68,13171.62,125514.7,1.1333333333333335,10381838.0,12.3,6.8939943637321,2
setubal,2015-10-01,4T2015,2015,2015Q4,2015-10-01,978.3333333333334,4.766666666666667,6.885850443594087,-0.02290433572113315,,25205.0,3071762.0,100.79407005017497,111.39223723607596,,405.34,13576.96,125514.7,1.2000000000000002,10381838.0,12.5,6.90875477931522,3
setubal,2016-01-01,1T2016,2016,2016Q1,2016-01-01,977.3333333333334,4.833333333333333,6.884827774338432,-0.0010226692556551953,-0.03089567429288209,24926.0,3001077.0,99.57691524589762,110.1592106862301,,434.9,14011.86,127838.92,1.3666666666666665,10356516.0,12.8,6.885850443594087,4
setubal,2016-04-01,2T2016,2016,2016Q2,2016-04-01,990.6666666666666,4.9,6.89837811716954,0.013550342831107898,0.004383753437440241,26890.0,3267885.0,100.5101875107177,118.83901048514512,,401.38,14413.24,127838.92,1.3666666666666665,10356516.0,11.2,6.884827774338432,5
setubal,2016-07-01,3T2016,2016,2016Q3,2016-07-01,1010.3333333333334,4.9,6.918035588389693,0.019657471220153155,0.009280809074472707,26675.0,3173236.0,98.38571929954205,117.8888287352639,,331.47,14744.71,127838.92,1.2000000000000002,10356516.0,10.9,6.89837811716954,6
setubal,2016-10-01,4T2016,2016,2016Q4,2016-10-01,1027.3333333333333,5.2,6.934721727211952,0.016686138822258556,0.048871283617864414,28999.0,3551512.0,101.2894901297318,128.15963053398005,,408.85,15153.56,127838.92,1.2000000000000002,10356516.0,10.8,6.918035588389693,7
setubal,2017-01-01,1T2017,2017,2017Q1,2017-01-01,1041.3333333333333,5.366666666666667,6.948257222291467,0.013535495079515236,0.06342944795303485,29975.0,3800102.0,104.85042196590872,132.4730137334409,,489.78,15643.34,138586.19,1.2666666666666668,10340124.0,10.4,6.934721727211952,8
setubal,2017-04-01,2T2017,2017,2017Q2,2017-04-01,1069.6666666666667,5.5,6.9751023524417475,0.02684513015028056,0.07672423527220751,31197.0,4021419.0,106.61065537213086,137.8735816327658,,370.69,16014.03,138586.19,1.3333333333333333,10340124.0,9.1,6.948257222291467,9
setubal,2017-07-01,3T2017,2017,2017Q3,2017-07-01,1100.6666666666667,5.966666666666666,7.003671335811964,0.028568983370216294,0.08563574742227065,32722.0,4258992.0,107.64679513938984,144.61324288192336,,384.08,16398.1,138586.19,1.5,10340124.0,8.8,6.9751023524417475,10
setubal,2017-10-01,4T2017,2017,2017Q4,2017-10-01,1142.6666666666667,6.133333333333333,7.041119991049561,0.037448655237596995,0.10639826383760909,35940.0,4898678.0,112.72881483438267,158.83503298014563,,440.43,16838.54,138586.19,1.7666666666666668,10340124.0,8.3,7.003671335811964,11
setubal,2018-01-01,1T2018,2018,2018Q1,2018-01-01,1170.3333333333333,6.400000000000001,7.065043887500322,0.02392389645076154,0.11678666520885539,34449.0,4755125.0,114.16144018167434,152.2456330309693,,495.45,17333.99,136252.87,1.8,10334633.0,8.0,7.041119991049561,12
setubal,2018-04-01,2T2018,2018,2018Q2,2018-04-01,1211.6666666666667,6.666666666666667,7.09975210129951,0.034708213799187426,0.12464974885776225,38730.0,5425227.0,115.8522674050557,171.16529847860434,,514.24,17848.23,136252.87,1.9,10334633.0,6.9,7.065043887500322,13
setubal,2018-07-01,3T2018,2018,2018Q3,2018-07-01,1247.0,7.166666666666667,7.1284959456800365,0.028743844380526795,0.12482460986807276,38964.0,5512302.0,117.00477583884005,172.19944977847507,,434.61,18282.84,136252.87,2.1333333333333333,10334633.0,6.800000000000001,7.09975210129951,14
setubal,2018-10-01,4T2018,2018,2018Q4,2018-10-01,1311.0,7.533333333333334,7.1785454837637,0.050049538083663414,0.13742549271413917,39066.0,5414883.0,114.63685212246476,172.65023367841872,2.64,498.33,18781.17,136252.87,2.233333333333334,10334633.0,6.7,7.1284959456800365,15
setubal,2019-01-01,1T2019,2019,2019Q1,2019-01-01,1353.6666666666667,7.866666666666667,7.210572239018188,0.03202675525448839,0.14552835151786603,36954.0,5261090.0,117.7466059092851,163.31635527958545,2.8666666666666667,445.76,19226.93,148342.92,2.366666666666667,10354446.0,6.9,7.1785454837637,16
setubal,2019-04-01,2T2019,2019,2019Q2,2019-04-01,1405.6666666666667,7.733333333333333,7.24826696507845,0.03769472606026181,0.1485148637789404,36681.0,5414806.0,122.08880842455076,162.10984542973628,3.1566666666666667,415.35,19642.28,148342.92,2.466666666666667,10354446.0,6.300000000000001,7.210572239018188,17
setubal,2019-07-01,3T2019,2019,2019Q3,2019-07-01,1469.3333333333333,8.0,7.292564062164641,0.044297097086190895,0.1640681164846045,39554.0,5800028.0,121.2757031962132,174.80692527814915,2.4133333333333336,418.47,20060.75,148342.92,2.4000000000000004,10354446.0,6.2,7.24826696507845,18
setubal,2019-10-01,4T2019,2019,2019Q4,2019-10-01,1514.6666666666667,8.233333333333333,7.322950671732878,0.0303866095682368,0.1444051879691779,41676.0,6136268.0,121.77339389322496,184.18499817697688,2.1866666666666665,490.46,20551.21,148342.92,2.4000000000000004,10354446.0,6.800000000000001,7.292564062164641,19
setubal,2020-01-01,1T2020,2020,2020Q1,2020-01-01,1576.3333333333333,8.366666666666667,7.362856753975766,0.039906082242888274,0.15228451495757778,36399.0,5785538.0,131.4584231641285,160.86356052989206,2.21,468.51,21019.72,150377.77,2.533333333333333,10384846.0,6.9,7.322950671732878,20
setubal,2020-04-01,2T2020,2020,2020Q2,2020-04-01,1629.0,8.466666666666667,7.395721608602045,0.03286485462627908,0.14745464352359505,26379.0,4125502.0,129.34587844472952,116.5806715354274,2.21,274.49,21294.21,150377.77,2.2,10384846.0,5.7,7.362856753975766,21
setubal,2020-07-01,3T2020,2020,2020Q3,2020-07-01,1649.3333333333333,8.3,7.408126444844269,0.012404836242223993,0.11556238267962815,35596.0,5427603.0,126.10752326248976,157.31474218033566,2.08,352.27,21646.48,150377.77,2.1333333333333333,10384846.0,8.200000000000001,7.395721608602045,22
setubal,2020-10-01,4T2020,2020,2020Q4,2020-10-01,1678.0,8.4,7.425357887027151,0.017231442182882084,0.10240721529427343,39139.0,6098441.0,128.86744612614154,172.97285352837838,2.1266666666666665,488.87,22135.35,150377.77,2.1,10384846.0,7.300000000000001,7.408126444844269,23
setubal,2021-01-01,1T2021,2021,2021Q1,2021-01-01,1729.6666666666667,8.466666666666667,7.45568399069963,0.03032610367247912,0.09282723672386428,34614.0,5595240.0,133.69065495381548,152.97484228087814,1.9566666666666668,345.02,22480.37,164176.4,1.9,,7.2,7.425357887027151,24
setubal,2021-04-01,2T2021,2021,2021Q2,2021-04-01,1790.0,8.466666666666667,7.489970898834801,0.034286908135170435,0.09424929023275563,41736.0,6933006.0,137.38675721914424,184.45016517694373,2.193333333333334,512.35,22992.72,164176.4,2.866666666666667,,6.9,7.45568399069963,25
setubal,2021-07-01,3T2021,2021,2021Q3,2021-07-01,1854.6666666666667,8.533333333333333,7.525460264375224,0.035489365540422924,0.11733381953095456,43447.0,7345978.0,139.83759623515712,192.0118441259985,2.18,570.74,23563.46,164176.4,4.033333333333334,,6.300000000000001,7.489970898834801,26
setubal,2021-10-01,4T2021,2021,2021Q4,2021-10-01,1923.0,8.766666666666667,7.56164174558878,0.03618148121355613,0.1362838585616286,45885.0,8225207.0,148.2552976019511,202.7864632246517,2.1533333333333333,700.74,24264.2,164176.4,5.300000000000001,,6.300000000000001,7.525460264375224,27
setubal,2022-01-01,1T2022,2022,2022Q1,2022-01-01,1987.3333333333333,8.966666666666667,7.594548985569907,0.03290723998112721,0.1388649948702767,43544.0,8081797.0,153.50189341648706,192.44053077594492,2.3266666666666667,615.95,24880.15,175732.61,6.766666666666667,10764411.0,6.0,7.56164174558878,28
setubal,2022-04-01,2T2022,2022,2022Q2,2022-04-01,2067.3333333333335,9.066666666666666,7.6340148109922845,0.03946582542237742,0.1440439121574837,43607.0,8287705.0,157.1853964180325,192.71895612591013,2.98,1047.15,25927.3,175732.61,8.666666666666666,10764411.0,5.9,7.594548985569907,29
setubal,2022-07-01,3T2022,2022,2022Q3,2022-07-01,2182.3333333333335,9.466666666666669,7.688149919772981,0.05413510878069605,0.16268965539775682,42223.0,8051492.0,157.71078703058802,186.6024373266747,3.2266666666666666,738.85,26666.15,175732.61,10.333333333333334,10764411.0,5.9,7.6340148109922845,30
setubal,2022-10-01,4T2022,2022,2022Q4,2022-10-01,2272.3333333333335,10.133333333333333,7.7285624826946755,0.04041256292169493,0.1669207371058956,38526.0,7362219.0,158.04797371910158,170.26373067871702,3.9066666666666663,762.23,27428.38,175732.61,11.566666666666668,10764411.0,6.7,7.688149919772981,31
setubal,2023-01-01,1T2023,2023,2023Q1,2023-01-01,2310.0,10.7,7.745002803515839,0.016440320821163645,0.15045381794593204,34493.0,6857332.0,164.42139501587408,152.440088830945,4.003333333333333,850.7,28279.08,192753.71,,11067026.0,7.2,7.7285624826946755,32
setubal,2023-04-01,2T2023,2023,2023Q2,2023-04-01,2362.0,11.266666666666666,7.767263996757308,0.02226119324146847,0.1332491857650231,33624.0,6904628.0,169.83415260390527,148.59958678142505,4.073333333333333,1030.38,29309.46,192753.71,,11067026.0,6.1000000000000005,7.745002803515839,33
setubal,2023-07-01,3T2023,2023,2023Q3,2023-07-01,2445.3333333333335,11.833333333333334,7.801936725268191,0.03467272851088321,0.11378680549521025,34256.0,7072380.0,170.75092220163313,151.39267918107592,3.9966666666666666,1140.31,30449.77,192753.71,,11067026.0,6.1000000000000005,7.767263996757308,34
setubal,2023-10-01,4T2023,2023,2023Q4,2023-10-01,2457.0,12.433333333333332,7.806696372521179,0.004759647252988053,0.07813388982650338,34126.0,7174277.0,173.87088910761483,150.81815068114773,3.966666666666667,853.13,31302.9,192753.71,,11067026.0,6.6000000000000005,7.801936725268191,35
setubal,2024-01-01,1T2024,2024,2024Q1,2024-01-01,2463.6666666666665,12.6,7.809406034116777,0.0027096615955981562,0.06440323060093789,33077.0,6730533.0,168.28967248471187,146.18214763172722,3.813333333333333,664.25,31967.15,201383.75,,11295785.0,6.800000000000001,7.806696372521179,36
setubal,2024-04-01,2T2024,2024,2024Q2,2024-04-01,2510.3333333333335,12.733333333333334,7.828170825433242,0.0187647913164648,0.06090682867593422,37125.0,7876682.0,175.47327047702692,164.072081229491,3.87,863.79,32830.94,201383.75,,11295785.0,6.2,7.809406034116777,37
setubal,2024-07-01,3T2024,2024,2024Q3,2024-07-01,2592.6666666666665,13.033333333333331,7.860442226047583,0.03227140061434142,0.05850550077939243,40909.0,9052016.0,183.003994750677,180.7952800274006,3.673333333333334,962.02,33792.96,201383.75,,11295785.0,6.2,7.828170825433242,38
setubal,2024-10-01,4T2024,2024,2024Q4,2024-10-01,2661.0,13.333333333333334,7.886457270977689,0.02601504493010598,0.07976089845651035,45214.0,10173942.0,186.10174614443363,199.8210122750224,3.41,1048.07,34841.03,201383.75,,11295785.0,6.7,7.860442226047583,39
setubal,2025-01-01,1T2025,2025,2025Q1,2025-01-01,2714.3333333333335,13.733333333333334,7.906301652799022,0.019844381821332746,0.09689561868224494,41358.0,9617638.0,192.3282226547581,182.77961307715256,3.4499999999999997,968.9,35809.93,213730.82,,11405627.0,6.6000000000000005,7.886457270977689,40
viana-do-castelo,2015-01-01,1T2015,2015,2015Q1,2015-01-01,897.6666666666666,3.9,6.79979880414349,,,21762.0,2662680.0,101.19388995618124,96.176070887978,,319.12,12554.79,125514.7,0.7000000000000001,10381838.0,14.2,,0
viana-do-castelo,2015-04-01,2T2015,2015,2015Q2,2015-04-01,941.3333333333334,3.9333333333333336,6.847297309945023,0.04749850580153314,,20614.0,2509888.0,100.69923957118108,91.10254228861218,,297.14,12851.93,125514.7,0.8333333333333334,10381838.0,12.4,6.79979880414349,1
viana-do-castelo,2015-07-01,3T2015,2015,2015Q3,2015-07-01,939.0,3.9,6.844815479208263,-0.0024818307367597825,,22928.0,2697752.0,97.31280042246271,101.32914958733386,,319.68,13171.62,125514.7,1.1333333333333335,10381838.0,12.3,6.847297309945023,2
viana-do-castelo,2015-10-01,4T2015,2015,2015Q4,2015-10-01,943.6666666666666,4.033333333333333,6.8497729964437895,0.00495751723552651,,25205.0,3071762.0,100.79407005017497,111.39223723607596,,405.34,13576.96,125514.7,1.2000000000000002,10381838.0,12.5,6.844815479208263,3
viana-do-castelo,2016-01-01,1T2016,2016,2016Q1,2016-01-01,941.3333333333334,4.166666666666667,6.847297309945023,-0.002475686498766727,0.04749850580153314,24926.0,3001077.0,99.57691524589762,110.1592106862301,,434.9,14011.86,127838.92,1.3666666666666665,10356516.0,12.8,6.8497729964437895,4
viana-do-castelo,2016-04-01,2T2016,2016,2016Q2,2016-04-01,961.0,3.9,6.8679744089702925,0.02067709902526982,0.02067709902526982,26890.0,3267885.0,100.5101875107177,118.83901048514512,,401.38,14413.24,127838.92,1.3666666666666665,10356516.0,11.2,6.847297309945023,5
viana-do-castelo,2016-07-01,3T2016,2016,2016Q3,2016-07-01,950.6666666666666,4.0,6.857163492866077,-0.010810916104215806,0.012348013657813794,26675.0,3173236.0,98.38571929954205,117.8888287352639,,331.47,14744.71,127838.92,1.2000000000000002,10356516.0,10.9,6.8679744089702925,6
viana-do-castelo,2016-10-01,4T2016,2016,2016Q4,2016-10-01,938.0,3.966666666666667,6.843749949006225,-0.013413543859852162,-0.006023047437564877,28999.0,3551512.0,101.2894901297318,128.15963053398005,,408.85,15153.56,127838.92,1.2000000000000002,10356516.0,10.8,6.857163492866077,7
viana-do-castelo,2017-01-01,1T2017,2017,2017Q1,2017-01-01,939.0,3.8666666666666663,6.844815479208263,0.0010655302020383672,-0.0024818307367597825,29975.0,3800102.0,104.85042196590872,132.4730137334409,,489.78,15643.34,138586.19,1.2666666666666668,10340124.0,10.4,6.843749949006225,8
viana-do-castelo,2017-04-01,2T2017,2017,2017Q2,2017-04-01,909.6666666666666,3.6333333333333337,6.813078232040229,-0.031737247168034166,-0.05489617693006377,31197.0,4021419.0,106.61065537213086,137.8735816327658,,370.69,16014.03,138586.19,1.3333333333333333,10340124.0,9.1,6.844815479208263,9
viana-do-castelo,2017-07-01,3T2017,2017,2017Q3,2017-07-01,904.0,3.9333333333333336,6.806829360392176,-0.006248871648052656,-0.05033413247390062,32722.0,4258992.0,107.64679513938984,144.61324288192336,,384.08,16398.1,138586.19,1.5,10340124.0,8.8,6.813078232040229,10
viana-do-castelo,2017-10-01,4T2017,2017,2017Q4,2017-10-01,914.3333333333334,3.766666666666667,6.818195202269494,0.011365841877317706,-0.02555474673673075,35940.0,4898678.0,112.72881483438267,158.83503298014563,,440.43,16838.54,138586.19,1.7666666666666668,10340124.0,8.3,6.806829360392176,11
viana-do-castelo,2018-01-01,1T2018,2018,2018Q1,2018-01-01,935.3333333333334,3.966666666666667,6.840902971994296,0.022707769724802596,-0.003912507213966521,34449.0,4755125.0,114.16144018167434,152.2456330309693,,495.45,17333.99,136252.87,1.8,10334633.0,8.0,6.818195202269494,12
viana-do-castelo,2018-04-01,2T2018,2018,2018Q2,2018-04-01,959.6666666666666,4.2,6.866586001944066,0.025683029949769676,0.05350776990383732,38730.0,5425227.0,115.8522674050557,171.16529847860434,,514.24,17848.23,136252.87,1.9,10334633.0,6.9,6.840902971994296,13
viana-do-castelo,2018-07-01,3T2018,2018,2018Q3,2018-07-01,985.3333333333334,4.433333333333334,6.892979993399983,0.026393991455917032,0.08615063300780701,38964.0,5512302.0,117.00477583884005,172.19944977847507,,434.61,18282.84,136252.87,2.1333333333333333,10334633.0,6.800000000000001,6.866586001944066,14
viana-do-castelo,2018-10-01,4T2018,2018,2018Q4,2018-10-01,991.3333333333334,4.6000000000000005,6.89905083835199,0.0060708449520072705,0.08085563608249657,39066.0,5414883.0,114.63685212246476,172.65023367841872,2.64,498.33,18781.17,136252.87,2.233333333333334,10334633.0,6.7,6.892979993399983,15
viana-do-castelo,2019-01-01,1T2019,2019,2019Q1,2019-01-01,977.0,4.633333333333333,6.884486652042782,-0.014564186309208083,0.043583680048485895,36954.0,5261090.0,117.7466059092851,163.31635527958545,2.8666666666666667,445.76,19226.93,148342.92,2.366666666666667,10354446.0,6.9,6.89905083835199,16
viana-do-castelo,2019-04-01,2T2019,2019,2019Q2,2019-04-01,973.3333333333334,5.366666666666667,6.880726606594218,-0.003760045448564675,0.014140604650151545,36681.0,5414806.0,122.08880842455076,162.10984542973628,3.1566666666666667,415.35,19642.28,148342.92,2.466666666666667,10354446.0,6.300000000000001,6.884486652042782,17
viana-do-castelo,2019-07-01,3T2019,2019,2019Q3,2019-07-01,990.3333333333334,5.2,6.898041586794498,0.017314980200280772,0.005061593394515285,39554.0,5800028.0,121.2757031962132,174.80692527814915,2.4133333333333336,418.47,20060.75,148342.92,2.4000000000000004,10354446.0,6.2,6.880726606594218,18
viana-do-castelo,2019-10-01,4T2019,2019,2019Q4,2019-10-01,990.6666666666666,5.333333333333333,6.89837811716954,0.0003365303750415549,-0.0006727211824504309,41676.0,6136268.0,121.77339389322496,184.18499817697688,2.1866666666666665,490.46,20551.21,148342.92,2.4000000000000004,10354446.0,6.800000000000001,6.898041586794498,19
viana-do-castelo,2020-01-01,1T2020,2020,2020Q1,2020-01-01,983.6666666666666,5.366666666666667,6.89128708627483,-0.00709103089470986,0.006800434232047792,36399.0,5785538.0,131.4584231641285,160.86356052989206,2.21,468.51,21019.72,150377.77,2.533333333333333,10384846.0,6.9,6.89837811716954,20
viana-do-castelo,2020-04-01,2T2020,2020,2020Q2,2020-04-01,1001.3333333333334,5.633333333333333,6.909087724215916,0.017800637941085995,0.02836111762169846,26379.0,4125502.0,129.34587844472952,116.5806715354274,2.21,274.49,21294.21,150377.77,2.2,10384846.0,5.7,6.89128708627483,21
viana-do-castelo,2020-07-01,3T2020,2020,2020Q3,2020-07-01,990.6666666666666,5.2,6.89837811716954,-0.010709607046376135,0.0003365303750415549,35596.0,5427603.0,126.10752326248976,157.31474218033566,2.08,352.27,21646.48,150377.77,2.1333333333333333,10384846.0,8.200000000000001,6.909087724215916,22
viana-do-castelo,2020-10-01,4T2020,2020,2020Q4,2020-10-01,1009.6666666666666,5.1,6.917375522359127,0.01899740518958737,0.01899740518958737,39139.0,6098441.0,128.86744612614154,172.97285352837838,2.1266666666666665,488.87,22135.35,150377.77,2.1,10384846.0,7.300000000000001,6.89837811716954,23
viana-do-castelo,2021-01-01,1T2021,2021,2021Q1,2021-01-01,1022.6666666666666,5.133333333333334,6.930168873819037,0.012793351459909452,0.03888178754420668,34614.0,5595240.0,133.69065495381548,152.97484228087814,1.9566666666666668,345.02,22480.37,164176.4,1.9,,7.2,6.917375522359127,24
viana-do-castelo,2021-04-01,2T2021,2021,2021Q2,2021-04-01,1041.0,5.233333333333333,6.947937068614969,0.0177681947959325,0.03884934439905319,41736.0,6933006.0,137.38675721914424,184.45016517694373,2.193333333333334,512.35,22992.72,164176.4,2.866666666666667,,6.9,6.930168873819037,25
viana-do-castelo,2021-07-01,3T2021,2021,2021Q3,2021-07-01,1067.6666666666667,5.8,6.973230860941048,0.02529379232607898,0.0748527437715083,43447.0,7345978.0,139.83759623515712,192.0118441259985,2.18,570.74,23563.46,164176.4,4.033333333333334,,6.300000000000001,6.947937068614969,26
viana-do-castelo,2021-10-01,4T2021,2021,2021Q4,2021-10-01,1071.6666666666667,5.833333333333333,6.9769703480036105,0.003739487062562219,0.05959482564448315,45885.0,8225207.0,148.2552976019511,202.7864632246517,2.1533333333333333,700.74,24264.2,164176.4,5.300000000000001,,6.300000000000001,6.973230860941048,27
viana-do-castelo,2022-01-01,1T2022,2022,2022Q1,2022-01-01,1086.6666666666667,6.033333333333334,6.990870185692644,0.013899837689033134,0.060701311873606834,43544.0,8081797.0,153.50189341648706,192.44053077594492,2.3266666666666667,615.95,24880.15,175732.61,6.766666666666667,10764411.0,6.0,6.9769703480036105,28
viana-do-castelo,2022-04-01,2T2022,2022,2022Q2,2022-04-01,1118.0,6.233333333333333,7.0192966537150445,0.028426468022400897,0.07135958510007523,43607.0,8287705.0,157.1853964180325,192.71895612591013,2.98,1047.15,25927.3,175732.61,8.666666666666666,10764411.0,5.9,6.990870185692644,29
viana-do-castelo,2022-07-01,3T2022,2022,2022Q3,2022-07-01,1165.3333333333333,7.4,7.060762448107316,0.041465794392271604,0.08753158716626785,42223.0,8051492.0,157.71078703058802,186.6024373266747,3.2266666666666666,738.85,26666.15,175732.61,10.333333333333334,10764411.0,5.9,7.0192966537150445,30
viana-do-castelo,2022-10-01,4T2022,2022,2022Q4,2022-10-01,1190.3333333333333,7.7,7.081988658926338,0.021226210819022207,0.10501831092272784,38526.0,7362219.0,158.04797371910158,170.26373067871702,3.9066666666666663,762.23,27428.38,175732.61,11.566666666666668,10764411.0,6.7,7.060762448107316,31
viana-do-castelo,2023-01-01,1T2023,2023,2023Q1,2023-01-01,1263.6666666666667,8.299999999999999,7.141772826848225,0.05978416792188668,0.15090264115558139,34493.0,6857332.0,164.42139501587408,152.440088830945,4.003333333333333,850.7,28279.08,192753.71,,11067026.0,7.2,7.081988658926338,32
viana-do-castelo,2023-04-01,2T2023,2023,2023Q2,2023-04-01,1386.3333333333333,7.733333333333333,7.234417651074802,0.09264482422657672,0.2151209973597572,33624.0,6904628.0,169.83415260390527,148.59958678142505,4.073333333333333,1030.38,29309.46,192753.71,,11067026.0,6.1000000000000005,7.141772826848225,33
viana-do-castelo,2023-07-01,3T2023,2023,2023Q3,2023-07-01,1453.3333333333333,8.9,7.28161504767497,0.04719739660016842,0.22085259956765402,34256.0,7072380.0,170.75092220163313,151.39267918107592,3.9966666666666666,1140.31,30449.77,192753.71,,11067026.0,6.1000000000000005,7.234417651074802,34
viana-do-castelo,2023-10-01,4T2023,2023,2023Q4,2023-10-01,1424.0,8.166666666666666,7.261225091971921,-0.020389955703048912,0.1792364330455829,34126.0,7174277.0,173.87088910761483,150.81815068114773,3.966666666666667,853.13,31302.9,192753.71,,11067026.0,6.6000000000000005,7.28161504767497,35
viana-do-castelo,2024-01-01,1T2024,2024,2024Q1,2024-01-01,1441.3333333333333,8.166666666666666,7.273323890090989,0.012098798119067666,0.1315510632427639,33077.0,6730533.0,168.28967248471187,146.18214763172722,3.813333333333333,664.25,31967.15,201383.75,,11295785.0,6.800000000000001,7.261225091971921,36
viana-do-castelo,2024-04-01,2T2024,2024,2024Q2,2024-04-01,1443.3333333333333,8.433333333333332,7.274710532328426,0.001386642237436675,0.04029288125362385,37125.0,7876682.0,175.47327047702692,164.072081229491,3.87,863.79,32830.94,201383.75,,11295785.0,6.2,7.273323890090989,37
viana-do-castelo,2024-07-01,3T2024,2024,2024Q3,2024-07-01,1437.6666666666667,8.166666666666666,7.270776707979733,-0.003933824348692383,-0.010838339695236954,40909.0,9052016.0,183.003994750677,180.7952800274006,3.673333333333334,962.02,33792.96,201383.75,,11295785.0,6.2,7.274710532328426,38
viana-do-castelo,2024-10-01,4T2024,2024,2024Q4,2024-10-01,1473.6666666666667,8.466666666666667,7.295508905158133,0.02473219717840003,0.03428381318621199,45214.0,10173942.0,186.10174614443363,199.8210122750224,3.41,1048.07,34841.03,201383.75,,11295785.0,6.7,7.270776707979733,39
viana-do-castelo,2025-01-01,1T2025,2025,2025Q1,2025-01-01,1494.3333333333333,9.0,7.309435455487329,0.013926550329196097,0.03611156539634042,41358.0,9617638.0,192.3282226547581,182.77961307715256,3.4499999999999997,968.9,35809.93,213730.82,,11405627.0,6.6000000000000005,7.295508905158133,40
vila-real,2015-01-01,1T2015,2015,2015Q1,2015-01-01,817.0,3.3,6.705639094860003,,,21762.0,2662680.0,101.19388995618124,96.176070887978,,319.12,12554.79,125514.7,0.7000000000000001,10381838.0,14.2,,0
vila-real,2015-04-01,2T2015,2015,2015Q2,2015-04-01,797.0,3.4,6.680854678790215,-0.024784416069787873,,20614.0,2509888.0,100.69923957118108,91.10254228861218,,297.14,12851.93,125514.7,0.8333333333333334,10381838.0,12.4,6.705639094860003,1
vila-real,2015-07-01,3T2015,2015,2015Q3,2015-07-01,815.6666666666666,3.7000000000000006,6.704005774774562,0.02315109598434706,,22928.0,2697752.0,97.31280042246271,101.32914958733386,,319.68,13171.62,125514.7,1.1333333333333335,10381838.0,12.3,6.680854678790215,2
vila-real,2015-10-01,4T2015,2015,2015Q4,2015-10-01,806.6666666666666,3.466666666666667,6.692910530482623,-0.011095244291939643,,25205.0,3071762.0,100.79407005017497,111.39223723607596,,405.34,13576.96,125514.7,1.2000000000000002,10381838.0,12.5,6.704005774774562,3
vila-real,2016-01-01,1T2016,2016,2016Q1,2016-01-01,814.6666666666666,3.4333333333333336,6.702779031623376,0.009868501140753771,-0.0028600632366266865,24926.0,3001077.0,99.57691524589762,110.1592106862301,,434.9,14011.86,127838.92,1.3666666666666665,10356516.0,12.8,6.692910530482623,4
vila-real,2016-04-01,2T2016,2016,2016Q2,2016-04-01,804.0,4.666666666666667,6.6895992691789665,-0.013179762444409882,0.008744590388751305,26890.0,3267885.0,100.5101875107177,118.83901048514512,,401.38,14413.24,127838.92,1.3666666666666665,10356516.0,11.2,6.702779031623376,5
vila-real,2016-07-01,3T2016,2016,2016Q3,2016-07-01,793.0,3.5,6.675823221634848,-0.013776047544118875,-0.028182553139714628,26675.0,3173236.0,98.38571929954205,117.8888287352639,,331.47,14744.71,127838.92,1.2000000000000002,10356516.0,10.9,6.6895992691789665,6
vila-real,2016-10-01,4T2016,2016,2016Q4,2016-10-01,797.3333333333334,3.5,6.681272826402413,0.005449604767565397,-0.011637704080209588,28999.0,3551512.0,101.2894901297318,128.15963053398005,,408.85,15153.56,127838.92,1.2000000000000002,10356516.0,10.8,6.675823221634848,7
vila-real,2017-01-01,1T2017,2017,2017Q1,2017-01-01,803.3333333333334,5.066666666666666,6.688769737816591,0.007496911414177632,-0.014009293806785728,29975.0,3800102.0,104.85042196590872,132.4730137334409,,489.78,15643.34,138586.19,1.2666666666666668,10340124.0,10.4,6.681272826402413,8
vila-real,2017-04-01,2T2017,2017,2017Q2,2017-04-01,783.6666666666666,3.233333333333333,6.66398375987196,-0.024785977944630666,-0.025615509307006512,31197.0,4021419.0,106.61065537213086,137.8735816327658,,370.69,16014.03,138586.19,1.3333333333333333,10340124.0,9.1,6.688769737816591,9
vila-real,2017-07-01,3T2017,2017,2017Q3,2017-07-01,760.0,3.466666666666667,6.633318433280377,-0.030665326591583053,-0.04250478835447069,32722.0,4258992.0,107.64679513938984,144.61324288192336,,384.08,16398.1,138586.19,1.5,10340124.0,8.8,6.66398375987196,10
vila-real,2017-10-01,4T2017,2017,2017Q4,2017-10-01,757.3333333333334,3.6666666666666665,6.629803491172932,-0.0035149421074445186,-0.051469335229480606,35940.0,4898678.0,112.72881483438267,158.83503298014563,,440.43,16838.54,138586.19,1.7666666666666668,10340124.0,8.3,6.633318433280377,11
vila-real,2018-01-01,1T2018,2018,2018Q1,2018-01-01,758.0,3.6,6.630683385642372,0.0008798944694392574,-0.05808635217421898,34449.0,4755125.0,114.16144018167434,152.2456330309693,,495.45,17333.99,136252.87,1.8,10334633.0,8.0,6.629803491172932,12
vila-real,2018-04-01,2T2018,2018,2018Q2,2018-04-01,793.6666666666666,4.233333333333333,6.676663557818753,0.04598017217638173,0.012679797946793414,38730.0,5425227.0,115.8522674050557,171.16529847860434,,514.24,17848.23,136252.87,1.9,10334633.0,6.9,6.630683385642372,13
vila-real,2018-07-01,3T2018,2018,2018Q3,2018-07-01,825.0,4.1,6.715383386334681,0.03871982851592737,0.08206495305430384,38964.0,5512302.0,117.00477583884005,172.19944977847507,,434.61,18282.84,136252.87,2.1333333333333333,10334633.0,6.800000000000001,6.676663557818753,14
vila-real,2018-10-01,4T2018,2018,2018Q4,2018-10-01,764.6666666666666,,6.6394400090212065,-0.07594337731347434,0.009636517848274018,39066.0,5414883.0,114.63685212246476,172.65023367841872,2.64,498.33,18781.17,136252.87,2.233333333333334,10334633.0,6.7,6.715383386334681,15
vila-real,2019-01-01,1T2019,2019,2019Q1,2019-01-01,748.0,,6.617402977974478,-0.022037031046728828,-0.013280407667894067,36954.0,5261090.0,117.7466059092851,163.31635527958545,2.8666666666666667,445.76,19226.93,148342.92,2.366666666666667,10354446.0,6.9,6.6394400090212065,16
vila-real,2019-04-01,2T2019,2019,2019Q2,2019-04-01,753.3333333333334,4.733333333333333,6.624507803598222,0.007104825623744482,-0.052155754220531314,36681.0,5414806.0,122.08880842455076,162.10984542973628,3.1566666666666667,415.35,19642.28,148342.92,2.466666666666667,10354446.0,6.300000000000001,6.617402977974478,17
vila-real,2019-07-01,3T2019,2019,2019Q3,2019-07-01,755.6666666666666,4.366666666666666,6.627600361839419,0.003092558241196919,-0.08778302449526176,39554.0,5800028.0,121.2757031962132,174.80692527814915,2.4133333333333336,418.47,20060.75,148342.92,2.4000000000000004,10354446.0,6.2,6.624507803598222,18
vila-real,2019-10-01,4T2019,2019,2019Q4,2019-10-01,738.6666666666666,4.35,6.604846759199065,-0.02275360264035431,-0.034593249822141736,41676.0,6136268.0,121.77339389322496,184.18499817697688,2.1866666666666665,490.46,20551.21,148342.92,2.4000000000000004,10354446.0,6.800000000000001,6.627600361839419,19
vila-real,2020-01-01,1T2020,2020,2020Q1,2020-01-01,739.3333333333334,,6.605748879242203,0.0009021200431380549,-0.011654098732274853,36399.0,5785538.0,131.4584231641285,160.86356052989206,2.21,468.51,21019.72,150377.77,2.533333333333333,10384846.0,6.9,6.604846759199065,20
vila-real,2020-04-01,2T2020,2020,2020Q2,2020-04-01,752.3333333333334,,6.623179488149426,0.017430608907223366,-0.0013283154487959692,26379.0,4125502.0,129.34587844472952,116.5806715354274,2.21,274.49,21294.21,150377.77,2.2,10384846.0,5.7,6.605748879242203,21
vila-real,2020-07-01,3T2020,2020,2020Q3,2020-07-01,772.6666666666666,4.466666666666667,6.649847735231587,0.026668247082160867,0.02224737339216798,35596.0,5427603.0,126.10752326248976,157.31474218033566,2.08,352.27,21646.48,150377.77,2.1333333333333333,10384846.0,8.200000000000001,6.623179488149426,22
vila-real,2020-10-01,4T2020,2020,2020Q4,2020-10-01,846.6666666666666,4.0,6.7413070713444725,0.09145933611288548,0.13646031214540777,39139.0,6098441.0,128.86744612614154,172.97285352837838,2.1266666666666665,488.87,22135.35,150377.77,2.1,10384846.0,7.300000000000001,6.649847735231587,23
vila-real,2021-01-01,1T2021,2021,2021Q1,2021-01-01,846.3333333333334,4.9,6.740913293036569,-0.00039377830790332524,0.1351644137943664,34614.0,5595240.0,133.69065495381548,152.97484228087814,1.9566666666666668,345.02,22480.37,164176.4,1.9,,7.2,6.7413070713444725,24
vila-real,2021-04-01,2T2021,2021,2021Q2,2021-04-01,860.0,4.466666666666666,6.756932389247553,0.016019096210984074,0.1337529010981271,41736.0,6933006.0,137.38675721914424,184.45016517694373,2.193333333333334,512.35,22992.72,164176.4,2.866666666666667,,6.9,6.740913293036569,25
vila-real,2021-07-01,3T2021,2021,2021Q3,2021-07-01,916.3333333333334,4.7,6.820380199497136,0.06344781024958301,0.17053246426554924,43447.0,7345978.0,139.83759623515712,192.0118441259985,2.18,570.74,23563.46,164176.4,4.033333333333334,,6.300000000000001,6.756932389247553,26
vila-real,2021-10-01,4T2021,2021,2021Q4,2021-10-01,913.3333333333334,4.633333333333333,6.817100910714006,-0.0032792887831298856,0.07579383936953388,45885.0,8225207.0,148.2552976019511,202.7864632246517,2.1533333333333333,700.74,24264.2,164176.4,5.300000000000001,,6.300000000000001,6.820380199497136,27
vila-real,2022-01-01,1T2022,2022,2022Q1,2022-01-01,910.3333333333334,4.533333333333334,6.813810832805595,-0.003290077908411071,0.07289753976902613,43544.0,8081797.0,153.50189341648706,192.44053077594492,2.3266666666666667,615.95,24880.15,175732.61,6.766666666666667,10764411.0,6.0,6.817100910714006,28
vila-real,2022-04-01,2T2022,2022,2022Q2,2022-04-01,867.0,4.3,6.7650389767805414,-0.04877185602505385,0.008106587532988208,43607.0,8287705.0,157.1853964180325,192.71895612591013,2.98,1047.15,25927.3,175732.61,8.666666666666666,10764411.0,5.9,6.813810832805595,29
vila-real,2022-07-01,3T2022,2022,2022Q3,2022-07-01,895.0,5.166666666666667,6.796823718274855,0.031784741494313984,-0.023556481222280823,42223.0,8051492.0,157.71078703058802,186.6024373266747,3.2266666666666666,738.85,26666.15,175732.61,10.333333333333334,10764411.0,5.9,6.7650389767805414,30
vila-real,2022-10-01,4T2022,2022,2022Q4,2022-10-01,948.0,6.033333333333334,6.854354502255021,0.05753078398016598,0.03725359154101504,38526.0,7362219.0,158.04797371910158,170.26373067871702,3.9066666666666663,762.23,27428.38,175732.61,11.566666666666668,10764411.0,6.7,6.796823718274855,31
vila-real,2023-01-01,1T2023,2023,2023Q1,2023-01-01,943.6666666666666,5.433333333333334,6.8497729964437895,-0.004581505811231956,0.035962163638194156,34493.0,6857332.0,164.42139501587408,152.440088830945,4.003333333333333,850.7,28279.08,192753.71,,11067026.0,7.2,6.854354502255021,32
vila-real,2023-04-01,2T2023,2023,2023Q2,2023-04-01,954.6666666666666,5.8,6.8613622394124265,0.011589242968637059,0.09632326263188506,33624.0,6904628.0,169.83415260390527,148.59958678142505,4.073333333333333,1030.38,29309.46,192753.71,,11067026.0,6.1000000000000005,6.8497729964437895,33
vila-real,2023-07-01,3T2023,2023,2023Q3,2023-07-01,957.3333333333334,6.466666666666666,6.864151641500005,0.0027894020875782743,0.06732792322514936,34256.0,7072380.0,170.75092220163313,151.39267918107592,3.9966666666666666,1140.31,30449.77,192753.71,,11067026.0,6.1000000000000005,6.8613622394124265,34
vila-real,2023-10-01,4T2023,2023,2023Q4,2023-10-01,951.0,6.233333333333333,6.85751406254539,-0.006637578954614476,0.0031595602903689013,34126.0,7174277.0,173.87088910761483,150.81815068114773,3.966666666666667,853.13,31302.9,192753.71,,11067026.0,6.6000000000000005,6.864151641500005,35
vila-real,2024-01-01,1T2024,2024,2024Q1,2024-01-01,968.6666666666666,5.8999999999999995,6.875920555462119,0.018406492916728467,0.026147559018329325,33077.0,6730533.0,168.28967248471187,146.18214763172722,3.813333333333333,664.25,31967.15,201383.75,,11295785.0,6.800000000000001,6.85751406254539,36
vila-real,2024-04-01,2T2024,2024,2024Q2,2024-04-01,977.3333333333334,5.933333333333334,6.884827774338432,0.008907218876313294,0.02346553492600556,37125.0,7876682.0,175.47327047702692,164.072081229491,3.87,863.79,32830.94,201383.75,,11295785.0,6.2,6.875920555462119,37
vila-real,2024-07-01,3T2024,2024,2024Q3,2024-07-01,1022.3333333333334,6.5,6.929842875446142,0.04501510110771001,0.0656912339461373,40909.0,9052016.0,183.003994750677,180.7952800274006,3.673333333333334,962.02,33792.96,201383.75,,11295785.0,6.2,6.884827774338432,38
vila-real,2024-10-01,4T2024,2024,2024Q4,2024-10-01,1045.3333333333333,7.433333333333334,6.952091092802188,0.022248217356046318,0.09457703025679809,45214.0,10173942.0,186.10174614443363,199.8210122750224,3.41,1048.07,34841.03,201383.75,,11295785.0,6.7,6.929842875446142,39
vila-real,2025-01-01,1T2025,2025,2025Q1,2025-01-01,1068.3333333333333,7.866666666666666,6.97385508068666,0.02176398788447198,0.0979345252245416,41358.0,9617638.0,192.3282226547581,182.77961307715256,3.4499999999999997,968.9,35809.93,213730.82,,11405627.0,6.6000000000000005,6.952091092802188,40
viseu,2015-01-01,1T2015,2015,2015Q1,2015-01-01,727.6666666666666,3.1,6.5898430678818345,,,21762.0,2662680.0,101.19388995618124,96.176070887978,,319.12,12554.79,125514.7,0.7000000000000001,10381838.0,14.2,,0
viseu,2015-04-01,2T2015,2015,2015Q2,2015-04-01,726.6666666666666,3.5,6.588467867115025,-0.0013752007668097477,,20614.0,2509888.0,100.69923957118108,91.10254228861218,,297.14,12851.93,125514.7,0.8333333333333334,10381838.0,12.4,6.5898430678818345,1
viseu,2015-07-01,3T2015,2015,2015Q3,2015-07-01,738.6666666666666,3.5666666666666664,6.604846759199065,0.016378892084039975,,22928.0,2697752.0,97.31280042246271,101.32914958733386,,319.68,13171.62,125514.7,1.1333333333333335,10381838.0,12.3,6.588467867115025,2
viseu,2015-10-01,4T2015,2015,2015Q4,2015-10-01,735.6666666666666,3.6666666666666665,6.600777117588627,-0.004069641610437991,,25205.0,3071762.0,100.79407005017497,111.39223723607596,,405.34,13576.96,125514.7,1.2000000000000002,10381838.0,12.5,6.604846759199065,3
viseu,2016-01-01,1T2016,2016,2016Q1,2016-01-01,750.6666666666666,3.3666666666666667,6.620961700591471,0.020184583002844647,0.031118632709636884,24926.0,3001077.0,99.57691524589762,110.1592106862301,,434.9,14011.86,127838.92,1.3666666666666665,10356516.0,12.8,6.600777117588627,4
viseu,2016-04-01,2T2016,2016,2016Q2,2016-04-01,756.6666666666666,3.3333333333333335,6.628922821807339,0.00796112121586745,0.04045495469231408,26890.0,3267885.0,100.5101875107177,118.83901048514512,,401.38,14413.24,127838.92,1.3666666666666665,10356516.0,11.2,6.620961700591471,5
viseu,2016-07-01,3T2016,2016,2016Q3,2016-07-01,743.0,3.3666666666666667,6.610696044717759,-0.01822677708957965,0.005849285518694458,26675.0,3173236.0,98.38571929954205,117.8888287352639,,331.47,14744.71,127838.92,1.2000000000000002,10356516.0,10.9,6.628922821807339,6
viseu,2016-10-01,4T2016,2016,2016Q4,2016-10-01,723.3333333333334,3.1666666666666665,6.583870157866396,-0.026825886851363556,-0.016906959722231107,28999.0,3551512.0,101.2894901297318,128.15963053398005,,408.85,15153.56,127838.92,1.2000000000000002,10356516.0,10.8,6.610696044717759,7
viseu,2017-01-01,1T2017,2017,2017Q1,2017-01-01,728.6666666666666,3.266666666666667,6.591216380068374,0.007346222201978669,-0.029745320523097085,29975.0,3800102.0,104.85042196590872,132.4730137334409,,489.78,15643.34,138586.19,1.2666666666666668,10340124.0,10.4,6.583870157866396,8
viseu,2017-04-01,2T2017,2017,2017Q2,2017-04-01,721.3333333333334,3.1666666666666665,6.581101351298263,-0.0101150287701115,-0.047821470509076036,31197.0,4021419.0,106.61065537213086,137.8735816327658,,370.69,16014.03,138586.19,1.3333333333333333,10340124.0,9.1,6.591216380068374,9
viseu,2017-07-01,3T2017,2017,2017Q3,2017-07-01,732.0,3.2999999999999994,6.595780513961311,0.014679162663048473,-0.014915530756447914,32722.0,4258992.0,107.64679513938984,144.61324288192336,,384.08,16398.1,138586.19,1.5,10340124.0,8.8,6.581101351298263,10
viseu,2017-10-01,4T2017,2017,2017Q4,2017-10-01,744.3333333333334,3.4333333333333336,6.612488963172048,0.016708449210736553,0.028618805305652195,35940.0,4898678.0,112.72881483438267,158.83503298014563,,440.43,16838.54,138586.19,1.7666666666666668,10340124.0,8.3,6.595780513961311,11
viseu,2018-01-01,1T2018,2018,2018Q1,2018-01-01,733.6666666666666,3.6,6.598054792858352,-0.014434170313696093,0.006838412789977433,34449.0,4755125.0,114.16144018167434,152.2456330309693,,495.45,17333.99,136252.87,1.8,10334633.0,8.0,6.612488963172048,12
viseu,2018-04-01,2T2018,2018,2018Q2,2018-04-01,726.3333333333334,3.8,6.58800904627651,-0.010045746581841541,0.006907694978247392,38730.0,5425227.0,115.8522674050557,171.16529847860434,,514.24,17848.23,136252.87,1.9,10334633.0,6.9,6.598054792858352,13
viseu,2018-07-01,3T2018,2018,2018Q3,2018-07-01,792.6666666666666,3.766666666666667,6.675402788582617,0.08739374230610686,0.07962227462130578,38964.0,5512302.0,117.00477583884005,172.19944977847507,,434.61,18282.84,136252.87,2.1333333333333333,10334633.0,6.800000000000001,6.58800904627651,14
viseu,2018-10-01,4T2018,2018,2018Q4,2018-10-01,745.3333333333334,3.6,6.61383154560688,-0.06157124297573713,0.0013425824348320958,39066.0,5414883.0,114.63685212246476,172.65023367841872,2.64,498.33,18781.17,136252.87,2.233333333333334,10334633.0,6.7,6.675402788582617,15
viseu,2019-01-01,1T2019,2019,2019Q1,2019-01-01,746.3333333333334,3.533333333333333,6.615172327930646,0.0013407823237656658,0.017117535072293855,36954.0,5261090.0,117.7466059092851,163.31635527958545,2.8666666666666667,445.76,19226.93,148342.92,2.366666666666667,10354446.0,6.9,6.61383154560688,16
viseu,2019-04-01,2T2019,2019,2019Q2,2019-04-01,754.3333333333334,3.7,6.625834356965428,0.010662029034782528,0.037825310688917924,36681.0,5414806.0,122.08880842455076,162.10984542973628,3.1566666666666667,415.35,19642.28,148342.92,2.466666666666667,10354446.0,6.300000000000001,6.615172327930646,17
viseu,2019-07-01,3T2019,2019,2019Q3,2019-07-01,750.3333333333334,3.6666666666666665,6.620517552238622,-0.005316804726805735,-0.05488523634399467,39554.0,5800028.0,121.2757031962132,174.80692527814915,2.4133333333333336,418.47,20060.75,148342.92,2.4000000000000004,10354446.0,6.2,6.625834356965428,18
viseu,2019-10-01,4T2019,2019,2019Q4,2019-10-01,737.3333333333334,4.5,6.603040073974116,-0.01747747826450663,-0.010791471632764171,41676.0,6136268.0,121.77339389322496,184.18499817697688,2.1866666666666665,490.46,20551.21,148342.92,2.4000000000000004,10354446.0,6.800000000000001,6.620517552238622,19
viseu,2020-01-01,1T2020,2020,2020Q1,2020-01-01,786.0,4.233333333333333,6.666956792429207,0.06391671845509084,0.051784464498561,36399.0,5785538.0,131.4584231641285,160.86356052989206,2.21,468.51,21019.72,150377.77,2.533333333333333,10384846.0,6.9,6.603040073974116,20
viseu,2020-04-01,2T2020,2020,2020Q2,2020-04-01,811.0,4.533333333333334,6.698268054115413,0.03131126168620657,0.07243369714998504,26379.0,4125502.0,129.34587844472952,116.5806715354274,2.21,274.49,21294.21,150377.77,2.2,10384846.0,5.7,6.666956792429207,21
viseu,2020-07-01,3T2020,2020,2020Q3,2020-07-01,831.6666666666666,4.666666666666667,6.723431719517509,0.025163665402096136,0.10291416727888691,35596.0,5427603.0,126.10752326248976,157.31474218033566,2.08,352.27,21646.48,150377.77,2.1333333333333333,10384846.0,8.200000000000001,6.698268054115413,22
viseu,2020-10-01,4T2020,2020,2020Q4,2020-10-01,855.0,5.1000000000000005,6.75110146893676,0.0276697494192506,0.14806139496264414,39139.0,6098441.0,128.86744612614154,172.97285352837838,2.1266666666666665,488.87,22135.35,150377.77,2.1,10384846.0,7.300000000000001,6.723431719517509,23
viseu,2021-01-01,1T2021,2021,2021Q1,2021-01-01,860.3333333333334,4.933333333333334,6.757319911050504,0.006218442113744338,0.09036311862129764,34614.0,5595240.0,133.69065495381548,152.97484228087814,1.9566666666666668,345.02,22480.37,164176.4,1.9,,7.2,6.75110146893676,24
viseu,2021-04-01,2T2021,2021,2021Q2,2021-04-01,850.6666666666666,5.266666666666667,6.7460203557965706,-0.011299555253933669,0.047752301681157405,41736.0,6933006.0,137.38675721914424,184.45016517694373,2.193333333333334,512.35,22992.72,164176.4,2.866666666666667,,6.9,6.757319911050504,25
viseu,2021-07-01,3T2021,2021,2021Q3,2021-07-01,844.0,5.0,6.738152494595957,-0.007867861200613113,0.014720775078448156,43447.0,7345978.0,139.83759623515712,192.0118441259985,2.18,570.74,23563.46,164176.4,4.033333333333334,,6.300000000000001,6.7460203557965706,26
viseu,2021-10-01,4T2021,2021,2021Q4,2021-10-01,874.6666666666666,4.7,6.77384286139587,0.03569036679991289,0.022741392459110443,45885.0,8225207.0,148.2552976019511,202.7864632246517,2.1533333333333333,700.74,24264.2,164176.4,5.300000000000001,,6.300000000000001,6.738152494595957,27
viseu,2022-01-01,1T2022,2022,2022Q1,2022-01-01,878.3333333333334,4.966666666666667,6.778026172307353,0.004183310911482607,0.020706261256848713,43544.0,8081797.0,153.50189341648706,192.44053077594492,2.3266666666666667,615.95,24880.15,175732.61,6.766666666666667,10764411.0,6.0,6.77384286139587,28
viseu,2022-04-01,2T2022,2022,2022Q2,2022-04-01,885.3333333333334,5.166666666666667,6.785964221928215,0.007938049620862309,0.03994386613164469,43607.0,8287705.0,157.1853964180325,192.71895612591013,2.98,1047.15,25927.3,175732.61,8.666666666666666,10764411.0,5.9,6.778026172307353,29
viseu,2022-07-01,3T2022,2022,2022Q3,2022-07-01,903.0,5.3,6.805722553416985,0.019758331488770153,0.06757005882102796,42223.0,8051492.0,157.71078703058802,186.6024373266747,3.2266666666666666,738.85,26666.15,175732.61,10.333333333333334,10764411.0,5.9,6.785964221928215,30
viseu,2022-10-01,4T2022,2022,2022Q4,2022-10-01,938.3333333333334,5.533333333333334,6.844105251905681,0.03838269848869569,0.07026239050981076,38526.0,7362219.0,158.04797371910158,170.26373067871702,3.9066666666666663,762.23,27428.38,175732.61,11.566666666666668,10764411.0,6.7,6.805722553416985,31
viseu,2023-01-01,1T2023,2023,2023Q1,2023-01-01,921.0,6.166666666666667,6.825460036255307,-0.018645215650374247,0.0474338639479539,34493.0,6857332.0,164.42139501587408,152.440088830945,4.003333333333333,850.7,28279.08,192753.71,,11067026.0,7.2,6.844105251905681,32
viseu,2023-04-01,2T2023,2023,2023Q2,2023-04-01,976.6666666666666,5.8,6.884145413343004,0.05868537708769672,0.09818119141478832,33624.0,6904628.0,169.83415260390527,148.59958678142505,4.073333333333333,1030.38,29309.46,192753.71,,11067026.0,6.1000000000000005,6.825460036255307,33
viseu,2023-07-01,3T2023,2023,2023Q3,2023-07-01,1022.3333333333334,6.866666666666667,6.929842875446142,0.04569746210313852,0.12412032202915668,34256.0,7072380.0,170.75092220163313,151.39267918107592,3.9966666666666666,1140.31,30449.77,192753.71,,11067026.0,6.1000000000000005,6.884145413343004,34
viseu,2023-10-01,4T2023,2023,2023Q4,2023-10-01,1057.3333333333333,6.900000000000001,6.963505294086628,0.03366241864048636,0.11940004218094735,34126.0,7174277.0,173.87088910761483,150.81815068114773,3.966666666666667,853.13,31302.9,192753.71,,11067026.0,6.6000000000000005,6.929842875446142,35
viseu,2024-01-01,1T2024,2024,2024Q1,2024-01-01,1085.0,7.266666666666667,6.98933526597456,0.02582997188793179,0.1638752297192534,33077.0,6730533.0,168.28967248471187,146.18214763172722,3.813333333333333,664.25,31967.15,201383.75,,11295785.0,6.800000000000001,6.963505294086628,36
viseu,2024-04-01,2T2024,2024,2024Q2,2024-04-01,1128.0,7.066666666666666,7.028201432058005,0.0388661660834444,0.14405601871500107,37125.0,7876682.0,175.47327047702692,164.072081229491,3.87,863.79,32830.94,201383.75,,11295785.0,6.2,6.98933526597456,37
viseu,2024-07-01,3T2024,2024,2024Q3,2024-07-01,1080.6666666666667,7.033333333333334,6.985333413627512,-0.04286801843049304,0.05549053818136951,40909.0,9052016.0,183.003994750677,180.7952800274006,3.673333333333334,962.02,33792.96,201383.75,,11295785.0,6.2,7.028201432058005,38
viseu,2024-10-01,4T2024,2024,2024Q4,2024-10-01,1120.6666666666667,7.2,7.021679025300451,0.036345611672939704,0.058173731213822855,45214.0,10173942.0,186.10174614443363,199.8210122750224,3.41,1048.07,34841.03,201383.75,,11295785.0,6.7,6.985333413627512,39
viseu,2025-01-01,1T2025,2025,2025Q1,2025-01-01,1144.3333333333333,7.333333333333333,7.042577504789582,0.020898479489130928,0.05324223881502199,41358.0,9617638.0,192.3282226547581,182.77961307715256,3.4499999999999997,968.9,35809.93,213730.82,,11405627.0,6.6000000000000005,7.021679025300451,40
